hid_cen,puid_cen,month_cen,year_cen,age_cen,HoH_cen,marstat_cen,relationship_cen,sex_cen,telephone_cen,Eaid_cen,forename_clean_cen,middlenm_clean_cen,last_name_clean_cen,fullname_cen,alpha_name_cen,forename_list_cen,forename_trigram_cen,forename_sdx_cen,full_dob_cen
2,0LN876294968,01,1962,63,JEFF AIMABLE,2.0,10.0,M,6656909617.0,KIRARANGOMBEBUKINANYANA,JFF,-9,AIMABLE,JFF AIMABLE,AABEFFIJLM,"['JFF', 'NSENGIMANA', 'AIMEE']",JFF,J100,01/1962
2,0LU121262026,99,1988,34,JEFF AIMABLE,,10.0,M,6656909617.0,KIRARANGOMBEBUKINANYANA,NSENGIMANA,-9,HATUNGIMANA,NSENGIMANA HATUNGIMANA,AAAAAEGGHIIMMNNNNNSTU,"['JFF', 'NSENGIMANA', 'AIMEE']",NSE,N252,99/1988
2,0LZ241330567,99,1982,40,JEFF AIMABLE,1.0,9.0,F,6656909617.0,KIRARANGOMBEBUKINANYANA,AIMEE,-9,AUGUSTIN,AIMEE AUGUSTIN,AAEEGIIMNSTUU,"['JFF', 'NSENGIMANA', 'AIMEE']",AIM,A500,99/1982
3,0VH495447617,05,2012,3,CAPTONE SHYAKA,6.0,,M,,BUNGWEKIRWA,WILHELIM,-9,NSHIMIRIMANA,WILHELIM NSHIMIRIMANA,AAEHHIIIIILLMMMNNRSW,"['WILHELIM', 'CAPTONE', 'ALEX', 'BORIS']",WIL,W445,05/2012
3,10K373893071,99,9999,85,CAPTONE SHYAKA,3.0,7.0,M,,BUNGWEKIRWA,CAPTONE,-9,SHYAKA,CAPTONE SHYAKA,AAACEHKNOPSTY,"['WILHELIM', 'CAPTONE', 'ALEX', 'BORIS']",CAP,C135,99/9999
3,13A171377593,11,2008,15,CAPTONE SHYAKA,,4.0,M,,BUNGWEKIRWA,ALEX,-9,RAFIKII,ALEX RAFIKII,AAEFIIIKLRX,"['WILHELIM', 'CAPTONE', 'ALEX', 'BORIS']",ALE,A420,11/2008
3,14T047880773,07,1978,44,CAPTONE SHYAKA,2.0,5.0,M,,KINYAGARUBUNGO,BORIS,-9,MUHIRWA,BORIS MUHIRWA,ABHIIMORRSUW,"['WILHELIM', 'CAPTONE', 'ALEX', 'BORIS']",BOR,B620,07/1978
5,1JK664679330,12,9999,15,RUHUMURIZA NIYONSABA,6.0,5.0,M,4179948675.0,RUNYOMBYIBUGINA,BOB,H,CYPRIEN,BOB H CYPRIEN,BBCEHINOPRY,"['BOB', 'MIHIGO', 'RUHUMURIZA']",BOB,B100,12/9999
5,1KS862729097,99,1998,27,RUHUMURIZA NIYONSABA,4.0,1.0,M,4179948675.0,RUNYOMBYIBUGINA,MIHIGO,-9,BIZIMANA,MIHIGO BIZIMANA,AABGHIIIIMMNOZ,"['BOB', 'MIHIGO', 'RUHUMURIZA']",MIH,M200,99/1998
5,1YQ368637470,02,1970,52,RUHUMURIZA NIYONSABA,7.0,6.0,M,4179948675.0,RUNYOMBYIBUGINA,RUHUMURIZA,-9,NIYONSABA,RUHUMURIZA NIYONSABA,AAABHIIMNNORRSUUUYZ,"['BOB', 'MIHIGO', 'RUHUMURIZA']",RUH,R562,02/1970
6,20T980747706,99,9999,9,RODRIGUE ANGE,6.0,10.0,M,,GASAGARAREMERA,TRESOR,HAGAI,BIENVENU,TRESOR HAGAI BIENVENU,AABEEEGHIINNORRSTUV,"['TRESOR', 'RODRIGUE', 'OBED', 'ROSINE', 'JOSEE', 'GAEL']",TRE,T626,99/9999
6,2AR510329821,07,9999,85,RODRIGUE ANGE,4.0,13.0,M,,GASAGARAREMERA,RODRIGUE,-9,ANGE,RODRIGUE ANGE,ADEEGGINORRU,"['TRESOR', 'RODRIGUE', 'OBED', 'ROSINE', 'JOSEE', 'GAEL']",ROD,R362,07/9999
6,2DM676695622,10,9999,18,RODRIGUE ANGE,4.0,10.0,M,,GASAGARAREMERA,OBED,LOUIS,GERMAIN,OBED LOUIS GERMAIN,ABDEEGIILMNOORSU,"['TRESOR', 'RODRIGUE', 'OBED', 'ROSINE', 'JOSEE', 'GAEL']",OBE,O130,10/9999
6,2FP499829763,11,9999,15,RODRIGUE ANGE,6.0,3.0,F,,GASAGARAREMERA,ROSINE,-9,SHYAKA,ROSINE SHYAKA,AAEHIKNORSSY,"['TRESOR', 'RODRIGUE', 'OBED', 'ROSINE', 'JOSEE', 'GAEL']",ROS,R250,11/9999
6,2GD566899259,09,1962,60,RODRIGUE ANGE,6.0,,F,,GASAGARAREMERA,JOSEE,BAKHITA,UWIZEYIMANA,JOSEE BAKHITA UWIZEYIMANA,AAAABEEEHIIIJKMNOSTUWYZ,"['TRESOR', 'RODRIGUE', 'OBED', 'ROSINE', 'JOSEE', 'GAEL']",JOS,J200,09/1962
6,2JL058378386,03,2009,14,RODRIGUE ANGE,6.0,3.0,M,,GASAGARAREMERA,GAEL,-9,DIEUDONNE,GAEL DIEUDONNE,ADDEEEGILNNOU,"['TRESOR', 'RODRIGUE', 'OBED', 'ROSINE', 'JOSEE', 'GAEL']",GAE,G400,03/2009
7,2KP260446094,12,1978,84,DERRICK SYLVESTRE,,9.0,,2162723616.0,MUHAMBACYOBAHARAYE,ANITHA,-9,KAYITARE,ANITHA KAYITARE,AAAAEHIIKNRTTY,"['ANITHA', 'GABLIEL', 'DERRICK', '-9']",ANI,A530,12/1978
7,2ZF944688402,07,1926,96,DERRICK SYLVESTRE,5.0,11.0,M,2162723616.0,MUHAMBACYOBAHARAYE,GABLIEL,-9,KAREMERA,GABLIEL KAREMERA,AAABEEEGIKLLMRR,"['ANITHA', 'GABLIEL', 'DERRICK', '-9']",GAB,G144,07/1926
7,36M147486551,02,9999,98,DERRICK SYLVESTRE,3.0,3.0,M,2162723616.0,MUHAMBACYOBAHARAYE,DERRICK,-9,SYLVESTRE,DERRICK SYLVESTRE,CDEEEIKLRRRSSTVY,"['ANITHA', 'GABLIEL', 'DERRICK', '-9']",DER,D620,02/9999
7,3BJ127540951,01,2015,44,DERRICK SYLVESTRE,5.0,4.0,M,2162723616.0,MUHAMBACYOBAHARAYE,-9,FRANCOIS,ELIAS,FRANCOIS ELIAS,AACEFIILNORSS,"['ANITHA', 'GABLIEL', 'DERRICK', '-9']",-9,-9,01/2015
8,3KY581042298,11,1989,33,DIVINE NIYONSABA,5.0,10.0,M,6496777626.0,NYANGEKAMABUYE,CLAUDINE,-9,HABYARIMANA,CLAUDINE HABYARIMANA,AAAAABCDEHIILMNNRUY,"['CLAUDINE', 'JOSEE', 'DIVINE']",CLA,C435,11/1989
8,3OF723803597,06,1992,30,DIVINE NIYONSABA,3.0,11.0,F,6496777626.0,NYANGEKAMABUYE,JOSEE,-9,NKUSI,JOSEE NKUSI,EEIJKNOSSU,"['CLAUDINE', 'JOSEE', 'DIVINE']",JOS,J200,06/1992
8,3S1381142711,99,1969,53,DIVINE NIYONSABA,5.0,13.0,F,6496777626.0,NYANGEKAMABUYE,DIVINE,-9,NIYONSABA,DIVINE NIYONSABA,AABDEIIINNNOSVY,"['CLAUDINE', 'JOSEE', 'DIVINE']",DIV,D150,99/1969
9,3ZP934504863,09,9999,65,HABY MUNYANEZA,4.0,9.0,M,,AKABAHIZIITERAMBERE,HABY,-9,MYANEZA,HABY MYANEZA,AAABEHMNYYZ,['HABY'],HAB,H100,09/9999
10,40S561683784,05,2014,8,CONSTANTIN NZEYIMANA,6.0,12.0,M,,NYAGASAMBUMATABA,NIYONYUGURA,-9,NDAYISHIMIYE,NIYONYUGURA NDAYISHIMIYE,AADEGHIIIIMNNNORSUUYYYY,"['NIYONYUGURA', 'KANA', 'CONSTANTIN']",NIY,N526,05/2014
10,45E912478428,99,1962,60,CONSTANTIN NZEYIMANA,5.0,10.0,M,,NYAGASAMBUMATABA,KANA,KA,CLEMENT,KANA KA CLEMENT,AAACEEKKLMNNT,"['NIYONYUGURA', 'KANA', 'CONSTANTIN']",KAN,K500,99/1962
10,4BT598567171,05,9999,82,CONSTANTIN NZEYIMANA,5.0,3.0,M,,NYAGASAMBUMATABA,CONSTANTIN,-9,NZEYIMANA,CONSTANTIN NZEYIMANA,AAACEIIMNNNNNOSTTYZ,"['NIYONYUGURA', 'KANA', 'CONSTANTIN']",CON,C523,05/9999
11,4G4638881156,10,1923,99,MEDARD GAJU,3.0,2.0,M,,GAHANGAGATOVU,MEDARD,-9,GAJU,MEDARD GAJU,AADDEGJMRU,"['MEDARD', 'THERESE', 'DIDIER', 'MATABARO', 'STIVEN']",MED,M363,10/1923
11,4HA673585941,99,9999,87,MEDARD GAJU,6.0,7.0,F,,GAHANGAGATOVU,THERESE,-9,UMUTESI,THERESE UMUTESI,EEEEHIMRSSTTUU,"['MEDARD', 'THERESE', 'DIDIER', 'MATABARO', 'STIVEN']",THE,T620,99/9999
11,4JT886014993,02,1972,38,MEDARD GAJU,4.0,11.0,M,,GAHANGAGATOVU,DIDIER,SERGE,FRED,DIDIER SERGE FRED,DDDEEEEFGIIRRRS,"['MEDARD', 'THERESE', 'DIDIER', 'MATABARO', 'STIVEN']",DID,D360,02/1972
11,4QF788372825,01,1961,61,MEDARD GAJU,,2.0,M,,GAHANGAGATOVU,MATABARO,-9,HARERIMANA,MATABARO HARERIMANA,AAAAAABEHIMMNORRRT,"['MEDARD', 'THERESE', 'DIDIER', 'MATABARO', 'STIVEN']",MAT,M316,01/1961
11,4S0365148555,09,2002,20,MEDARD GAJU,3.0,,M,,GAHANGAGATOVU,STIVEN,-9,JANVIER,STIVEN JANVIER,AEEIIJNNRSTVV,"['MEDARD', 'THERESE', 'DIDIER', 'MATABARO', 'STIVEN']",STI,S315,09/2002
12,4SW879532625,99,1974,48,MUSHIMIYIMANA KAMANZI,4.0,1.0,F,4513594260.0,RYAKIBOGOGAKOMBE,AMAHORO,-9,GATO,AMAHORO GATO,AAAGHMOOORT,"['AMAHORO', 'DIMER', 'JAMES', '-9']",AMA,A560,99/1974
12,4UP543875428,11,2002,20,MUSHIMIYIMANA KAMANZI,1.0,3.0,M,4513594260.0,RYAKIBOGOGAKOMBE,DIMER,-9,THEOPHILE,DIMER THEOPHILE,DEEEHHIILMOPRT,"['AMAHORO', 'DIMER', 'JAMES', '-9']",DIM,D560,11/2002
12,4VJ633973504,99,1999,25,MUSHIMIYIMANA KAMANZI,1.0,5.0,M,4513594260.0,RYAKIBOGOGAKOMBE,JAMES,-9,SONGA,JAMES SONGA,AAEGJMNOSS,"['AMAHORO', 'DIMER', 'JAMES', '-9']",JAM,J520,99/1999
12,53N540090152,11,1926,96,MUSHIMIYIMANA KAMANZI,4.0,,M,4513594260.0,RYAKIBOGOGAKOMBE,-9,-9,KAMANZI,KAMANZI,AAIKMNZ,"['AMAHORO', 'DIMER', 'JAMES', '-9']",-9,-9,11/1926
13,5HW484497890,10,9999,36,NKURUNZIZA KARANGWA,2.0,2.0,M,,KIMANAKAGARAMA,KEVIN,-9,OLIVIER,KEVIN OLIVIER,EEIIIKLNORVV,"['KEVIN', 'PACY', 'NDABARINZE', 'NKURUNZIZA']",KEV,K150,10/9999
13,5LG388881446,06,1977,45,NKURUNZIZA KARANGWA,7.0,9.0,M,,KIMANAKAGARAMA,PACY,-9,-9,PACY,ACPY,"['KEVIN', 'PACY', 'NDABARINZE', 'NKURUNZIZA']",PAC,P200,06/1977
13,5SL201853858,02,2010,12,NKURUNZIZA KARANGWA,,5.0,M,,KIMANAKAGARAMA,NDABARINZE,-9,FRANCOIS,NDABARINZE FRANCOIS,AAABCDEFIINNNORRSZ,"['KEVIN', 'PACY', 'NDABARINZE', 'NKURUNZIZA']",NDA,N316,02/2010
13,5VE057493960,07,1976,46,NKURUNZIZA KARANGWA,1.0,3.0,M,,KIMANAKAGARAMA,NKURUNZIZA,-9,KARANGWA,NKURUNZIZA KARANGWA,AAAAGIKKNNNRRUUWZZ,"['KEVIN', 'PACY', 'NDABARINZE', 'NKURUNZIZA']",NKU,N265,07/1976
14,5XL871438880,03,2019,3,MUVUNYI ESPERANCE,6.0,12.0,M,,BUSHAKAGASEKE,RONGIN,-9,KAMUGISHA,RONGIN KAMUGISHA,AAGGHIIKMNNORSU,"['RONGIN', 'MUVUNYI', 'DOLLZ', 'BONIFACE']",RON,R525,03/2019
14,66S633342545,02,1961,61,MUVUNYI ESPERANCE,1.0,5.0,M,9392527397.0,BUSHAKAGASEKE,MUVUNYI,-9,ESPERANCE,MUVUNYI ESPERANCE,ACEEEIMNNPRSUUVY,"['RONGIN', 'MUVUNYI', 'DOLLZ', 'BONIFACE']",MUV,M150,02/1961
14,6CX513023367,99,1989,33,MUVUNYI ESPERANCE,1.0,13.0,M,9392527397.0,BUSHAKAGASEKE,DOLLZ,-9,PATEL,DOLLZ PATEL,ADELLLOPTZ,"['RONGIN', 'MUVUNYI', 'DOLLZ', 'BONIFACE']",DOL,D420,99/1989
14,6JF604957982,09,9999,57,MUVUNYI ESPERANCE,6.0,6.0,M,9392527397.0,BUSHAKAGASEKE,BONIFACE,-9,UWITONZE,BONIFACE UWITONZE,ABCEEFIINNOOTUWZ,"['RONGIN', 'MUVUNYI', 'DOLLZ', 'BONIFACE']",BON,B512,09/9999
15,6QZ002898676,04,9999,13,MUNEZERO KALISA,6.0,12.0,F,,GAHANGAGATOVU,GLORIA,-9,MUHIRE,GLORIA MUHIRE,AEGHIILMORRU,"['GLORIA', 'MUNEZERO', 'JULIUS']",GLO,G460,04/9999
15,6TS583082885,99,1993,30,MUNEZERO KALISA,5.0,4.0,M,,GAHANGAGATOVU,MUNEZERO,-9,KALISA,MUNEZERO KALISA,AAEEIKLMNORSUZ,"['GLORIA', 'MUNEZERO', 'JULIUS']",MUN,M526,99/1993
15,6UJ306854143,99,1996,24,MUNEZERO KALISA,5.0,6.0,M,,GAHANGAGATOVU,JULIUS,-9,ETIENE,JULIUS ETIENE,EEEIIJLNSTUU,"['GLORIA', 'MUNEZERO', 'JULIUS']",JUL,J420,99/1996
16,6XB907569292,99,2021,3,VINCENT MUREKATETE,6.0,5.0,M,2119419502.0,KAVUMUAKIRABO,MBONYINSHUTI,-9,HABINEZA,MBONYINSHUTI HABINEZA,AABBEHHIIIMNNNOSTUYZ,"['MBONYINSHUTI', 'VINCENT', 'ETE', 'DIOCLES']",MBO,M155,99/2021
16,7GA448953578,02,1966,56,VINCENT MUREKATETE,7.0,7.0,M,2119419502.0,KAVUMUAKIRABO,VINCENT,-9,MUREKATETE,VINCENT MUREKATETE,ACEEEEIKMNNRTTTUV,"['MBONYINSHUTI', 'VINCENT', 'ETE', 'DIOCLES']",VIN,V525,02/1966
16,7HF019939250,99,1974,48,VINCENT MUREKATETE,,3.0,M,2119419502.0,KAVUMUAKIRABO,ETE,ELE,GRACE,ETE ELE GRACE,ACEEEEEGLRT,"['MBONYINSHUTI', 'VINCENT', 'ETE', 'DIOCLES']",ETE,E300,99/1974
16,7IV820457456,99,2007,15,VINCENT MUREKATETE,6.0,4.0,M,2119419502.0,KAVUMUAKIRABO,DIOCLES,-9,SAM,DIOCLES SAM,ACDEILMOSS,"['MBONYINSHUTI', 'VINCENT', 'ETE', 'DIOCLES']",DIO,D242,99/2007
17,7JV544732594,99,9999,64,ALICE MUGABE,3.0,2.0,M,,AKABAHIZIITERAMBERE,CHRITES,CLAUD,MUHOZA,CHRITES CLAUD MUHOZA,AACCDEHHILMORSTUUZ,"['CHRITES', 'SONIA', 'ALICE']",CHR,C632,99/9999
17,7KZ682171735,04,9999,54,ALICE MUGABE,4.0,4.0,F,,AKABAHIZIITERAMBERE,SONIA,-9,MUKESHIMANA,SONIA MUKESHIMANA,AAAEHIIKMMNNOSSU,"['CHRITES', 'SONIA', 'ALICE']",SON,S500,04/9999
17,7RH706674959,07,2017,88,ALICE MUGABE,2.0,4.0,F,,AKABAHIZIITERAMBERE,ALICE,-9,MUGABE,ALICE MUGABE,AABCEEGILMU,"['CHRITES', 'SONIA', 'ALICE']",ALI,A420,07/2017
18,7V6783789155,06,1964,58,JOSE MOHAMED,2.0,13.0,M,5111568962.0,RUKOREKANAZI,FABRICE,-9,ERASTE,FABRICE ERASTE,AABCEEEFIRRST,"['FABRICE', 'JOSE', 'KARAHA', 'IMACULE']",FAB,F162,06/1964
18,7XC490828730,10,1946,64,JOSE MOHAMED,2.0,12.0,M,5111568962.0,RUKOREKANAZI,JOSE,-9,MOHAMED,JOSE MOHAMED,ADEEHJMMOOS,"['FABRICE', 'JOSE', 'KARAHA', 'IMACULE']",JOS,J200,10/1946
18,87P391881977,11,9999,53,JOSE MOHAMED,6.0,12.0,,5111568962.0,RUKOREKANAZI,KARAHA,-9,DONAT,KARAHA DONAT,AAAADHKNORT,"['FABRICE', 'JOSE', 'KARAHA', 'IMACULE']",KAR,K600,11/9999
18,8DY642485579,07,1930,16,JOSE MOHAMED,6.0,8.0,F,5111568962.0,RUKOREKANAZI,IMACULE,-9,MUVUNYI,IMACULE MUVUNYI,ACEIILMMNUUUVY,"['FABRICE', 'JOSE', 'KARAHA', 'IMACULE']",IMA,I524,07/1930
19,8EE128541166,05,1941,81,NADEGE HAKIZIMANA,,,F,1316436107.0,KAGOMASIKIRUHURA,NIYONYUGURA,-9,JUDITH,NIYONYUGURA JUDITH,ADGHIIJNNORTUUUYY,"['NIYONYUGURA', 'NHMIE', 'NADEGE', 'TOM']",NIY,N526,05/1941
19,8HE474162659,08,2020,5,NADEGE HAKIZIMANA,6.0,5.0,M,1316436107.0,KAGOMASIKIRUHURA,NHMIE,SAMUE,NIYONSABA,NHMIE SAMUE NIYONSABA,AAABEEHIIMMNNNOSSUY,"['NIYONYUGURA', 'NHMIE', 'NADEGE', 'TOM']",NHM,N000,08/2020
19,8K6946221121,99,1923,99,NADEGE HAKIZIMANA,3.0,12.0,F,1316436107.0,KAGOMASIKIRUHURA,NADEGE,-9,HAKIZIMANA,NADEGE HAKIZIMANA,AAAADEEGHIIKMNNZ,"['NIYONYUGURA', 'NHMIE', 'NADEGE', 'TOM']",NAD,N320,99/1923
19,8L8228203851,09,1943,79,NADEGE HAKIZIMANA,7.0,6.0,M,1316436107.0,KAGOMASIKIRUHURA,TOM,RICHAR,NKUSI,TOM RICHAR NKUSI,ACHIIKMNORRSTU,"['NIYONYUGURA', 'NHMIE', 'NADEGE', 'TOM']",TOM,T500,09/1943
20,8PT539952460,99,1993,29,GLADYS RUKUNDO,1.0,11.0,M,,MURINJAKAMPURO,EVODE,-9,MUKESHIMANA,EVODE MUKESHIMANA,AADEEEHIKMMNOSUV,"['EVODE', 'MUTABAZI', 'GLADYS', 'VINCENTO']",EVO,E130,99/1993
20,8QM252146807,04,2010,12,GLADYS RUKUNDO,6.0,10.0,M,,MURINJAKAMPURO,MUTABAZI,-9,MATABARO,MUTABAZI MATABARO,AAAAABBIMMORTTUZ,"['EVODE', 'MUTABAZI', 'GLADYS', 'VINCENTO']",MUT,M312,04/2010
20,8RG640390691,04,1968,54,GLADYS RUKUNDO,3.0,9.0,F,,MURINJAKAMPURO,GLADYS,-9,RUKUNDO,GLADYS RUKUNDO,ADDGKLNORSUUY,"['EVODE', 'MUTABAZI', 'GLADYS', 'VINCENTO']",GLA,G432,04/1968
20,8YN352907501,12,9999,25,GLADYS RUKUNDO,7.0,6.0,M,,MURINJAKAMPURO,VINCENTO,-9,UWIZEYIMANA,VINCENTO UWIZEYIMANA,AACEEIIIMNNNOTUVWYZ,"['EVODE', 'MUTABAZI', 'GLADYS', 'VINCENTO']",VIN,V525,12/9999
22,9MN971833804,10,9999,50,AKIMA KAYITESI,,,F,,MURINJANYAMUHARAZA,GIANNA,-9,UWASE,GIANNA UWASE,AAAEGINNSUW,"['GIANNA', 'MARY', 'KALISA', 'AKIMA']",GIA,G500,10/9999
22,9RN477700217,09,2001,21,AKIMA KAYITESI,2.0,11.0,F,,MURINJANYAMUHARAZA,MARY,-9,DUSABE,MARY DUSABE,AABDEMRSUY,"['GIANNA', 'MARY', 'KALISA', 'AKIMA']",MAR,M600,09/2001
22,9TW900288132,02,2019,6,AKIMA KAYITESI,6.0,1.0,M,,MURINJANYAMUHARAZA,KALISA,-9,HATEGE KIMANA,KALISA HATEGE KIMANA,AAAAAEEGHIIKKLMNST,"['GIANNA', 'MARY', 'KALISA', 'AKIMA']",KAL,K420,02/2019
22,9UM519028608,07,1925,97,AKIMA KAYITESI,,8.0,M,,MURINJANYAMUHARAZA,AKIMA,-9,KAYITESI,AKIMA KAYITESI,AAAEIIIKKMSTY,"['GIANNA', 'MARY', 'KALISA', 'AKIMA']",AKI,A250,07/1925
23,9WJ374083701,07,1978,44,HUNGURIMANA MAURICE,6.0,8.0,M,8502045069.0,SHANGASHAKAJYANJYALI,ELVIN,-9,UWINEZA,ELVIN UWINEZA,AEEIILNNUVWZ,"['ELVIN', 'DOGRATIAS', 'HUNGURIMANA']",ELV,E415,07/1978
23,A0F522970138,09,2002,22,HUNGURIMANA MAURICE,5.0,5.0,M,8502045069.0,SHANGASHAKAJYANJYALI,DOGRATIAS,VINCENT,MICHEL,DOGRATIAS VINCENT MICHEL,AACCDEEGHIIILMNNORSTTV,"['ELVIN', 'DOGRATIAS', 'HUNGURIMANA']",DOG,D263,09/2002
23,A28701491679,03,9999,76,HUNGURIMANA MAURICE,5.0,11.0,M,8502045069.0,SHANGASHAKAJYANJYALI,HUNGURIMANA,-9,MAURICE,HUNGURIMANA MAURICE,AAACEGHIIMMNNRRUUU,"['ELVIN', 'DOGRATIAS', 'HUNGURIMANA']",HUN,H526,03/9999
24,A44383367871,01,1950,66,SAMANTHA MAHORO,1.0,7.0,M,5982579619.0,RYANKANAKAYENZI,RITA,-9,TWAGIRAYEZU,RITA TWAGIRAYEZU,AAAEGIIRRTTUWYZ,"['RITA', 'QUDDUS', 'SAMANTHA', 'JOSH', 'JOSH']",RIT,R300,01/1950
24,A4D035953573,06,1947,75,SAMANTHA MAHORO,3.0,1.0,M,5982579619.0,RYANKANAKAYENZI,QUDDUS,-9,CLAUDINE,QUDDUS CLAUDINE,ACDDDEILNQSUUU,"['RITA', 'QUDDUS', 'SAMANTHA', 'JOSH', 'JOSH']",QUD,Q320,06/1947
24,AAC417926465,10,1945,77,SAMANTHA MAHORO,6.0,8.0,F,5982579619.0,RYANKANAKAYENZI,SAMANTHA,-9,MAHORO,SAMANTHA MAHORO,AAAAHHMMNOORST,"['RITA', 'QUDDUS', 'SAMANTHA', 'JOSH', 'JOSH']",SAM,S553,10/1945
24,AAV554715583,11,9999,43,SAMANTHA MAHORO,6.0,7.0,M,5982579619.0,PERAKABUSUNZU,JOSH,-9,MUGARURA,JOSH MUGARURA,AAGHJMORRSUU,"['RITA', 'QUDDUS', 'SAMANTHA', 'JOSH', 'JOSH']",JOS,J200,11/9999
24,AAV554715583,99,1979,43,SAMANTHA MAHORO,6.0,7.0,M,8722032047.0,RYANKANAKAYENZI,JOSH,-9,MUGARURA,JOSH MUGARURA,AAGHJMORRSUU,"['RITA', 'QUDDUS', 'SAMANTHA', 'JOSH', 'JOSH']",JOS,J200,99/1979
25,AEY768597641,10,1960,62,CLOVIS MUSABYIMANA,,6.0,F,,CYAGAJUISANGANO,ATFA,DIDINE,NKUSI,ATFA DIDINE NKUSI,AADDEFIIIKNNSTU,"['ATFA', 'CLOVIS', 'JAY', 'IRADUKUNDA']",ATF,A310,10/1960
25,AHY228551326,99,1941,81,CLOVIS MUSABYIMANA,1.0,4.0,M,,CYAGAJUISANGANO,CLOVIS,-9,MUSABYIMANA,CLOVIS MUSABYIMANA,AAABCIILMMNOSSUVY,"['ATFA', 'CLOVIS', 'JAY', 'IRADUKUNDA']",CLO,C412,99/1941
25,AHY350687413,06,1965,55,CLOVIS MUSABYIMANA,5.0,3.0,M,,CYAGAJUISANGANO,JAY,PI,HAVUGIMANA,JAY PI HAVUGIMANA,AAAAGHIIJMNPUVY,"['ATFA', 'CLOVIS', 'JAY', 'IRADUKUNDA']",JAY,J000,06/1965
25,AIG912423936,99,1995,27,CLOVIS MUSABYIMANA,7.0,4.0,F,,CYAGAJUISANGANO,IRADUKUNDA,-9,HAVUGIMANA,IRADUKUNDA HAVUGIMANA,AAAAADDGHIIKMNNRUUUV,"['ATFA', 'CLOVIS', 'JAY', 'IRADUKUNDA']",IRA,I632,99/1995
28,AUZ049307175,02,1947,76,NAGZ NZEYIMANA,6.0,9.0,M,2101572694.0,SAHARANYIRAGAJU,SHEMA,-9,KAYITESI,SHEMA KAYITESI,AAEEHIIKMSSTY,"['SHEMA', 'TUYISHIMIRE', 'NAGZ']",SHE,S500,02/1947
28,AVL248796217,06,1925,67,NAGZ NZEYIMANA,,,M,2101572694.0,SAHARANYIRAGAJU,TUYISHIMIRE,-9,BAHATI,TUYISHIMIRE BAHATI,AABEHHIIIIMRSTTUY,"['SHEMA', 'TUYISHIMIRE', 'NAGZ']",TUY,T256,06/1925
28,AWZ655332756,05,9999,87,NAGZ NZEYIMANA,6.0,7.0,F,2101572694.0,SAHARANYIRAGAJU,NAGZ,-9,NZEYIMANA,NAGZ NZEYIMANA,AAAEGIMNNNYZZ,"['SHEMA', 'TUYISHIMIRE', 'NAGZ']",NAG,N200,05/9999
29,AZC929139495,99,1964,58,CHANISE JANVIER,4.0,9.0,M,7084333332.0,REMERAGITWA,CHANISE,-9,JANVR,CHANISE JANVR,AACEHIJNNRSV,"['CHANISE', 'JEAN', 'KARENZI', 'DAVY']",CHA,C520,99/1964
29,B3X292907229,11,1975,49,CHANISE JANVIER,4.0,,M,7084333332.0,REMERAGITWA,JEAN,-9,UWIMANA,JEAN UWIMANA,AAAEIJMNNUW,"['CHANISE', 'JEAN', 'KARENZI', 'DAVY']",JEA,J500,11/1975
29,BA2464827205,99,1989,33,CHANISE JANVIER,7.0,13.0,F,7084333332.0,REMERAGITWA,KARENZI,-9,BEATRICE,KARENZI BEATRICE,AABCEEEIIKNRRTZ,"['CHANISE', 'JEAN', 'KARENZI', 'DAVY']",KAR,K652,99/1989
29,BAN842034408,07,1997,25,CHANISE JANVIER,7.0,5.0,M,7084333332.0,REMERAGITWA,DAVY,-9,MWESIGYE,DAVY MWESIGYE,ADEEGIMSVWYY,"['CHANISE', 'JEAN', 'KARENZI', 'DAVY']",DAV,D100,07/1997
30,BAY097123961,08,1999,23,HAPPY KABERA,6.0,7.0,M,,KARAMBOKAMABUYE,-9,-9,UMURERWA,UMURERWA,AEMRRUUW,"['-9', 'HAPPY', 'MWENEDATA']",-9,-9,08/1999
30,BBL713505981,99,1945,78,HAPPY KABERA,4.0,3.0,F,,KARAMBOKAMABUYE,HAPPY,-9,KABERA,HAPPY KABERA,AAABEHKPPRY,"['-9', 'HAPPY', 'MWENEDATA']",HAP,H100,99/1945
30,BHQ493972194,02,2021,1,HAPPY KABERA,6.0,7.0,M,,KARAMBOKAMABUYE,MWENEDATA,-9,-9,MWENEDATA,AADEEMNTW,"['-9', 'HAPPY', 'MWENEDATA']",MWE,M533,02/2021
31,BIB950269981,06,1973,84,MUTONI DIANE,7.0,11.0,F,,RYANKANAKAYENZI,-9,-9,DIANE,DIANE,ADEIN,"['-9', 'ROYAL', 'ADOLPHE', 'MARIE']",-9,-9,06/1973
31,BIX395404283,04,1982,40,MUTONI DIANE,5.0,8.0,F,,RYANKANAKAYENZI,ROYAL,-9,UWIZEYE,ROYAL UWIZEYE,AEEILORUWYYZ,"['-9', 'ROYAL', 'ADOLPHE', 'MARIE']",ROY,R400,04/1982
31,BKA144081998,99,9999,18,MUTONI DIANE,6.0,13.0,F,,RYANKANAKAYENZI,ADOLPHE,-9,AUGUSTINE,ADOLPHE AUGUSTINE,AADEEGHILNOPSTUU,"['-9', 'ROYAL', 'ADOLPHE', 'MARIE']",ADO,A341,99/9999
31,BKO108806645,99,1972,51,MUTONI DIANE,1.0,4.0,F,,RYANKANAKAYENZI,MARIE,LOUISE,NIYITEGEKA,MARIE LOUISE NIYITEGEKA,AAEEEEGIIIIKLMNORSTUY,"['-9', 'ROYAL', 'ADOLPHE', 'MARIE']",MAR,M600,99/1972
32,BLG026188369,04,1968,54,TRESOR DUSABE,2.0,5.0,M,5352649417.0,BURUNGAMATYAZO,PIERRE,CLESTIN,TUYIZERE,PIERRE CLESTIN TUYIZERE,CEEEEEIIILNPRRRSTTUYZ,"['PIERRE', 'TRESOR', 'REBECCA']",PIE,P600,04/1968
32,BPJ850292369,06,2006,69,TRESOR DUSABE,,10.0,F,5352649417.0,BURUNGAMATYAZO,TRESOR,-9,DUSABE,TRESOR DUSABE,ABDEEORRSSTU,"['PIERRE', 'TRESOR', 'REBECCA']",TRE,T626,06/2006
32,BPM121264574,99,1993,29,TRESOR DUSABE,2.0,4.0,F,5352649417.0,BURUNGAMATYAZO,REBECCA,-9,JEAN,REBECCA JEAN,AABCCEEEJNR,"['PIERRE', 'TRESOR', 'REBECCA']",REB,R120,99/1993
33,BPS437509241,08,9999,99,JOHN MARRY VITAL,2.0,5.0,M,,NYANZATABA,JOHN,MARRY,VITAL,JOHN MARRY VITAL,AAHIJLMNORRTVY,"['JOHN', 'TRESSY']",JOH,J500,08/9999
33,BPW898270968,08,1957,65,JOHN MARRY VITAL,3.0,5.0,F,,NYANZATABA,TRESSY,-9,MBARUSHIMANA,TRESSY MBARUSHIMANA,AAABEHIMMNRRSSSTUY,"['JOHN', 'TRESSY']",TRE,T620,08/1957
34,BSX819088908,08,2018,5,SEDHAR KUBWIMANA,6.0,3.0,F,,KIGARAMAINGENZI,PATIENCE,-9,KAMANZI,PATIENCE KAMANZI,AAACEEIIKMNNPTZ,"['PATIENCE', '-9', 'ISMAEL']",PAT,P352,08/2018
34,BUS362554019,06,1975,47,SEDHAR KUBWIMANA,1.0,10.0,M,,KIGARAMAINGENZI,-9,-9,KUBWIMANA,KUBWIMANA,AABIKMNUW,"['PATIENCE', '-9', 'ISMAEL']",-9,-9,06/1975
34,C2B368543840,08,2013,11,SEDHAR KUBWIMANA,6.0,12.0,M,,KIGARAMAINGENZI,ISMAEL,-9,STRATON,ISMAEL STRATON,AAEILMNORSSTT,"['PATIENCE', '-9', 'ISMAEL']",ISM,I254,08/2013
35,C3Z489676537,05,1961,61,UWAMAHORO DAMAS,1.0,5.0,F,4246322811.0,MUHAMBACYOBAHARAYE,UWAMAHORO,-9,DAMAS,UWAMAHORO DAMAS,AAAADHMMOORSUW,"['UWAMAHORO', 'AMANDA']",UWA,U560,05/1961
35,C47524321394,99,1974,48,UWAMAHORO DAMAS,4.0,8.0,F,4246322811.0,MUHAMBACYOBAHARAYE,AMANDA,-9,KAYITESI,AMANDA KAYITESI,AAAADEIIKMNSTY,"['UWAMAHORO', 'AMANDA']",AMA,A553,99/1974
36,C4O068308716,99,1924,98,BERTRAND GATETE,,13.0,M,9721083915.0,BURIMAMIRAMBI,-9,-9,GATETE,GATETE,AEEGTT,"['-9', 'IRAKOZE', 'BRUNO']",-9,-9,99/1924
36,CDD419821306,05,9999,56,BERTRAND GATETE,2.0,9.0,,9721083915.0,BURIMAMIRAMBI,IRAKOZE,-9,-9,IRAKOZE,AEIKORZ,"['-9', 'IRAKOZE', 'BRUNO']",IRA,I622,05/9999
36,CGG844439876,09,2022,4,BERTRAND GATETE,6.0,,M,9721083915.0,BURIMAMIRAMBI,BRUNO,-9,BOSCO,BRUNO BOSCO,BBCNOOORSU,"['-9', 'IRAKOZE', 'BRUNO']",BRU,B650,09/2022
37,CGH069944424,11,2014,8,YANNICK NIYO,6.0,6.0,M,2756003718.0,JURUMIKINGA,FISTON,-9,BEATRICE,FISTON BEATRICE,ABCEEFIINORSTT,"['FISTON', 'MARIE', 'MARIE', 'YANNICK']",FIS,F235,11/2014
37,CI5143190272,03,9999,43,YANNICK NIYO,,3.0,F,2756003718.0,JURUMIKINGA,MARIE,CHANTAL,MUTABAZI,MARIE CHANTAL MUTABAZI,AAAAABCEHIILMMNRTTUZ,"['FISTON', 'MARIE', 'MARIE', 'YANNICK']",MAR,M600,03/9999
37,CI5143190272,99,1980,42,YANNICK NIYO,5.0,3.0,F,2756003718.0,TABANGENDO,MARIE,CHANTAL,MUTABAZI,MARIE CHANTAL MUTABAZI,AAAAABCEHIILMMNRTTUZ,"['FISTON', 'MARIE', 'MARIE', 'YANNICK']",MAR,M600,99/1980
37,CIF019441339,99,1982,63,YANNICK NIYO,7.0,7.0,F,9898482048.0,JURUMIKINGA,YANNICK,-9,NIYO,YANNICK NIYO,ACIIKNNNOYY,"['FISTON', 'MARIE', 'MARIE', 'YANNICK']",YAN,Y520,99/1982
38,CIG589022929,01,9999,58,CHRIS KABAGAMBE,2.0,6.0,F,,JURUNYABUGOGO,DIVINA,-9,GASANA,DIVINA GASANA,AAAADGIINNSV,"['DIVINA', 'CHRIS', 'KASSIM']",DIV,D150,01/9999
38,CKH811067880,99,1929,93,CHRIS KABAGAMBE,4.0,7.0,M,,JURUNYABUGOGO,CHRIS,-9,KABAGAMBE,CHRIS KABAGAMBE,AAABBCEGHIKMRS,"['DIVINA', 'CHRIS', 'KASSIM']",CHR,C620,99/1929
38,CKI249688560,04,1924,73,CHRIS KABAGAMBE,2.0,11.0,M,,JURUNYABUGOGO,KASSIM,-9,NDAYISHIMIYE,KASSIM NDAYISHIMIYE,AADEHIIIIKMMNSSSYY,"['DIVINA', 'CHRIS', 'KASSIM']",KAS,K250,04/1924
39,CME291687952,06,2019,3,NIYIBIZI JEAN KAYIRANGA,6.0,9.0,M,3181567578.0,GITOVUGITEGA,JAPHET,-9,ALAIN,JAPHET ALAIN,AAAEHIJLNPT,"['JAPHET', '-9', 'NIYIBIZI', 'VIATEUR']",JAP,J130,06/2019
39,CT3448003390,02,1982,40,NIYIBIZI JEAN KAYIRANGA,3.0,6.0,M,3181567578.0,GITOVUGITEGA,-9,FELIX,HOPE,FELIX HOPE,EEFHILOPX,"['JAPHET', '-9', 'NIYIBIZI', 'VIATEUR']",-9,-9,02/1982
39,CTH858963568,09,9999,76,NIYIBIZI JEAN KAYIRANGA,6.0,6.0,M,3181567578.0,GITOVUGITEGA,NIYIBIZI,JEAN,KAYIRANGA,NIYIBIZI JEAN KAYIRANGA,AAAABEGIIIIIJKNNNRYYZ,"['JAPHET', '-9', 'NIYIBIZI', 'VIATEUR']",NIY,N120,09/9999
39,CYD715478912,99,1961,62,NIYIBIZI JEAN KAYIRANGA,,5.0,M,3181567578.0,GITOVUGITEGA,VIATEUR,-9,-9,VIATEUR,AEIRTUV,"['JAPHET', '-9', 'NIYIBIZI', 'VIATEUR']",VIA,V360,99/1961
40,D4X255970026,99,9999,84,BENISON MUHINDO,3.0,5.0,M,8985343771.0,REMERAGITWA,PIERE,CLAVER,AGABA,PIERE CLAVER AGABA,AAAABCEEEGILPRRV,"['PIERE', 'MUSSA', 'BENISON', 'GATORANO']",PIE,P600,99/9999
40,D7T717099086,99,9999,63,BENISON MUHINDO,2.0,7.0,M,8985343771.0,REMERAGITWA,MUSSA,-9,KARARA,MUSSA KARARA,AAAAKMRRSSU,"['PIERE', 'MUSSA', 'BENISON', 'GATORANO']",MUS,M200,99/9999
40,DB1768778667,03,1932,90,BENISON MUHINDO,5.0,9.0,M,8985343771.0,REMERAGITWA,BENISON,-9,MUHINDO,BENISON MUHINDO,BDEHIIMNNNOOSU,"['PIERE', 'MUSSA', 'BENISON', 'GATORANO']",BEN,B525,03/1932
40,DC3840523317,02,2010,12,BENISON MUHINDO,6.0,10.0,M,8985343771.0,REMERAGITWA,GATORANO,-9,JUNIOR,GATORANO JUNIOR,AAGIJNNOOORRTU,"['PIERE', 'MUSSA', 'BENISON', 'GATORANO']",GAT,G365,02/2010
41,DEN384517647,10,1947,78,MARIE ANGE NDAYISHIMIYE,5.0,2.0,F,5144563102.0,GASEKEDUTWE,VALENTINE,-9,NIZEYIMANA,VALENTINE NIZEYIMANA,AAAEEEIIILMNNNNTVYZ,"['VALENTINE', 'MUTESI', 'MARIE', 'BAHIZI']",VAL,V453,10/1947
41,DIM752506180,04,9999,15,MARIE ANGE NDAYISHIMIYE,6.0,12.0,F,5144563102.0,GASEKEDUTWE,MUTESI,-9,ANDRE,MUTESI ANDRE,ADEEIMNRSTU,"['VALENTINE', 'MUTESI', 'MARIE', 'BAHIZI']",MUT,M320,04/9999
41,DMM807697672,99,2010,89,MARIE ANGE NDAYISHIMIYE,4.0,3.0,M,5144563102.0,GASEKEDUTWE,MARIE,ANGE,NDAYISHIMIYE,MARIE ANGE NDAYISHIMIYE,AAADEEEGHIIIIMMNNRSYY,"['VALENTINE', 'MUTESI', 'MARIE', 'BAHIZI']",MAR,M600,99/2010
41,DNU829902998,01,9999,10,MARIE ANGE NDAYISHIMIYE,6.0,3.0,M,5144563102.0,GASEKEDUTWE,BAHIZI,GASPARD,INNOCENT,BAHIZI GASPARD INNOCENT,AAABCDEGHIIINNNOPRSTZ,"['VALENTINE', 'MUTESI', 'MARIE', 'BAHIZI']",BAH,B200,01/9999
42,DQT925842518,08,9999,30,ELICAN VALENTINE,5.0,3.0,F,9141548337.0,KARAMBIKAMURI,NEZA,-9,RAMAZANI,NEZA RAMAZANI,AAAAEIMNNRZZ,"['NEZA', 'NEZA', 'ELICAN', 'EMMY']",NEZ,N200,08/9999
42,DQT925842518,99,1992,33,ELICAN VALENTINE,5.0,,F,9141548337.0,NYAGAHINGAKIGAGA,NEZA,-9,RAMAZANI,NEZA RAMAZANI,AAAAEIMNNRZZ,"['NEZA', 'NEZA', 'ELICAN', 'EMMY']",NEZ,N200,99/1992
42,DSX631009271,99,9999,96,ELICAN VALENTINE,,,M,9141548337.0,NYAGAHINGAKIGAGA,ELICAN,-9,VALENTINE,ELICAN VALENTINE,AACEEEIILLNNNTV,"['NEZA', 'NEZA', 'ELICAN', 'EMMY']",ELI,E425,99/9999
42,DUH459763632,05,1973,49,ELICAN VALENTINE,2.0,11.0,M,9141548337.0,NYAGAHINGAKIGAGA,EMMY,PRINCE,UWAMARIYA,EMMY PRINCE UWAMARIYA,AAACEEIIMMMNPRRUWYY,"['NEZA', 'NEZA', 'ELICAN', 'EMMY']",EMM,E500,05/1973
43,DXX145159030,10,1990,32,LAMBERT KABERA,4.0,6.0,M,7621647104.0,KABARONDONYAKARAMBI,GAHIGI,-9,HABIMANA,GAHIGI HABIMANA,AAAABGGHHIIIMN,"['GAHIGI', 'NDAGIJIMANA', 'AUDACE', 'LAMBERT']",GAH,G200,10/1990
43,DYY234436095,06,2002,20,LAMBERT KABERA,6.0,7.0,M,7621647104.0,KABARONDONYAKARAMBI,NDAGIJIMANA,-9,NIZEYIMANA,NDAGIJIMANA NIZEYIMANA,AAAAADEGIIIIJMMNNNNYZ,"['GAHIGI', 'NDAGIJIMANA', 'AUDACE', 'LAMBERT']",NDA,N322,06/2002
43,DZJ434751496,99,1933,49,LAMBERT KABERA,7.0,10.0,M,7621647104.0,KABARONDONYAKARAMBI,AUDACE,-9,TWAHIRWA,AUDACE TWAHIRWA,AAAACDEHIRTUWW,"['GAHIGI', 'NDAGIJIMANA', 'AUDACE', 'LAMBERT']",AUD,A320,99/1933
43,E23596225011,06,9999,93,LAMBERT KABERA,6.0,1.0,M,7621647104.0,KABARONDONYAKARAMBI,LAMBERT,-9,KABERA,LAMBERT KABERA,AAABBEEKLMRRT,"['GAHIGI', 'NDAGIJIMANA', 'AUDACE', 'LAMBERT']",LAM,L516,06/9999
44,E2E136268545,01,9999,69,KAKOZI ISSA,1.0,2.0,M,,KABUYENYAGASOZI,ALLYSCOFA,-9,NIYITEGEKA,ALLYSCOFA NIYITEGEKA,AAACEEFGIIKLLNOSTYY,"['ALLYSCOFA', 'MUGISHA', 'NIWEMUGIZI', 'ARMEL', '-9']",ALL,A421,01/9999
44,E4I790925333,99,9999,3,KAKOZI ISSA,6.0,7.0,M,,KABUYENYAGASOZI,MUGISHA,-9,RUKUNDO,MUGISHA RUKUNDO,ADGHIKMNORSUUU,"['ALLYSCOFA', 'MUGISHA', 'NIWEMUGIZI', 'ARMEL', '-9']",MUG,M220,99/9999
44,ECP854641535,05,2006,19,KAKOZI ISSA,6.0,9.0,M,,KABUYENYAGASOZI,NIWEMUGIZI,-9,GATARI,NIWEMUGIZI GATARI,AAEGGIIIIMNRTUWZ,"['ALLYSCOFA', 'MUGISHA', 'NIWEMUGIZI', 'ARMEL', '-9']",NIW,N522,05/2006
44,EFQ292659256,99,1946,76,KAKOZI ISSA,6.0,12.0,M,,KABUYENYAGASOZI,ARMEL,-9,NSENGA,ARMEL NSENGA,AAEEGLMNNRS,"['ALLYSCOFA', 'MUGISHA', 'NIWEMUGIZI', 'ARMEL', '-9']",ARM,A654,99/1946
44,EHI314223541,03,9999,99,KAKOZI ISSA,6.0,7.0,M,,KABUYENYAGASOZI,-9,-9,ISSA,ISSA,AISS,"['ALLYSCOFA', 'MUGISHA', 'NIWEMUGIZI', 'ARMEL', '-9']",-9,-9,03/9999
45,EJE566185827,99,1940,21,EMMY FRANCOIS,2.0,8.0,M,6099637466.0,KAREBARUBARE,WILLY,-9,GATARI,WILLY GATARI,AAGIILLRTWY,"['WILLY', 'JUSTIN', 'CHANI', 'EMMY', 'ROGER']",WIL,W400,99/1940
45,EL7917901931,03,1940,85,EMMY FRANCOIS,3.0,5.0,M,6099637466.0,KAREBARUBARE,JUSTIN,-9,UMUTONI,JUSTIN UMUTONI,IIJMNNOSTTUUU,"['WILLY', 'JUSTIN', 'CHANI', 'EMMY', 'ROGER']",JUS,J235,03/1940
45,ENX400046703,04,1944,78,EMMY FRANCOIS,7.0,9.0,F,6099637466.0,KAREBARUBARE,CHANI,-9,UWIZEYE,CHANI UWIZEYE,ACEEHIINUWYZ,"['WILLY', 'JUSTIN', 'CHANI', 'EMMY', 'ROGER']",CHA,C500,04/1944
45,EPR123142666,09,1935,87,EMMY FRANCOIS,3.0,12.0,,6099637466.0,KAREBARUBARE,EMMY,-9,FRANCOIS,EMMY FRANCOIS,ACEFIMMNORSY,"['WILLY', 'JUSTIN', 'CHANI', 'EMMY', 'ROGER']",EMM,E500,09/1935
45,EQF866073848,06,2009,13,EMMY FRANCOIS,6.0,1.0,M,6099637466.0,KAREBARUBARE,ROGER,-9,UWERA,ROGER UWERA,AEEGORRRUW,"['WILLY', 'JUSTIN', 'CHANI', 'EMMY', 'ROGER']",ROG,R260,06/2009
46,EVD402242280,01,1963,59,IRANKUNDA XAVIER MUGABE,,10.0,M,,CYENKWANZIRUREMBO,ISSA,-9,UMULISA,ISSA UMULISA,AAIILMSSSUU,"['ISSA', 'CESAR', 'JEAN', 'IRANKUNDA']",ISS,I200,01/1963
46,EVI334428460,99,1932,3,IRANKUNDA XAVIER MUGABE,6.0,6.0,M,,CYENKWANZIRUREMBO,CESAR,-9,UMULISA,CESAR UMULISA,AACEILMRSSUU,"['ISSA', 'CESAR', 'JEAN', 'IRANKUNDA']",CES,C260,99/1932
46,EZR488352561,06,9999,47,IRANKUNDA XAVIER MUGABE,3.0,12.0,M,,CYENKWANZIRUREMBO,JEAN,BAPTISTE,MUKAMA,JEAN BAPTISTE MUKAMA,AAAABEEIJKMMNPSTTU,"['ISSA', 'CESAR', 'JEAN', 'IRANKUNDA']",JEA,J500,06/9999
46,F2L495192595,99,9999,99,IRANKUNDA XAVIER MUGABE,4.0,9.0,M,,CYENKWANZIRUREMBO,IRANKUNDA,XAVIER,MUGABE,IRANKUNDA XAVIER MUGABE,AAAABDEEGIIKMNNRRUUVX,"['ISSA', 'CESAR', 'JEAN', 'IRANKUNDA']",IRA,I652,99/9999
47,F44464506408,11,1985,37,BENJAMIN MULINDA,5.0,,F,,NYAMWERURUHENGERI,THEOBALD,-9,MUNYANEZA,THEOBALD MUNYANEZA,AAABDEEHLMNNOTUYZ,"['THEOBALD', 'BENJAMIN', 'IRAGENA']",THE,T143,11/1985
47,FAA264151688,04,1925,97,BENJAMIN MULINDA,4.0,13.0,M,,NYAMWERURUHENGERI,BENJAMIN,-9,MULINDA,BENJAMIN MULINDA,AABDEIIJLMMNNNU,"['THEOBALD', 'BENJAMIN', 'IRAGENA']",BEN,B525,04/1925
47,FAR579973508,11,1927,11,BENJAMIN MULINDA,6.0,3.0,F,,NYAMWERURUHENGERI,IRAGENA,-9,ALOYS,IRAGENA ALOYS,AAAEGILNORSY,"['THEOBALD', 'BENJAMIN', 'IRAGENA']",IRA,I625,11/1927
48,FFF694733889,11,2000,24,LORRAINE NSABIMANA,1.0,8.0,F,1842124591.0,JABAHESHA,SOLANGE,-9,BIZIMANA,SOLANGE BIZIMANA,AAABEGIILMNNOSZ,"['SOLANGE', 'LORRAINE', 'LINDA']",SOL,S452,11/2000
48,FIJ504434399,09,1936,86,LORRAINE NSABIMANA,3.0,8.0,F,1842124591.0,JABAHESHA,LORRAINE,-9,NSABIMANA,LORRAINE NSABIMANA,AAAABEIILMNNNORRS,"['SOLANGE', 'LORRAINE', 'LINDA']",LOR,L650,09/1936
48,FKG690819243,99,1966,56,LORRAINE NSABIMANA,2.0,2.0,F,1842124591.0,JABAHESHA,LINDA,-9,HABIMANA,LINDA HABIMANA,AAAABDHIILMNN,"['SOLANGE', 'LORRAINE', 'LINDA']",LIN,L530,99/1966
49,FKX110869062,01,1997,32,PACIFIC MUTESI,2.0,,M,,MUYANGEMUYANGE,UWAYO,PATRICK,CLAVER,UWAYO PATRICK CLAVER,AAACCEIKLOPRRTUVWY,"['UWAYO', 'BASILE', 'PACIFIC']",UWA,U000,01/1997
49,FL7459935953,01,2007,18,PACIFIC MUTESI,6.0,7.0,M,,MUYANGEMUYANGE,BASILE,-9,ALEXANDRE,BASILE ALEXANDRE,AAABDEEEILLNRSX,"['UWAYO', 'BASILE', 'PACIFIC']",BAS,B240,01/2007
49,FQ7513390709,01,1962,60,PACIFIC MUTESI,,1.0,M,,MUYANGEMUYANGE,PACIFIC,-9,MUTESI,PACIFIC MUTESI,ACCEFIIIMPSTU,"['UWAYO', 'BASILE', 'PACIFIC']",PAC,P212,01/1962
50,FQD459581206,99,2010,76,PANETTA MUSHIMIYIMANA,4.0,2.0,M,9447551084.0,RUHANGANGUNDU,PANETTA,-9,MUSHIMIYIMANA,PANETTA MUSHIMIYIMANA,AAAAEHIIIMMMNNPSTTUY,"['PANETTA', 'ISAIE', 'CYNTHIA', 'OLIVE']",PAN,P530,99/2010
50,FTW498650142,07,1988,34,PANETTA MUSHIMIYIMANA,1.0,5.0,M,9447551084.0,RUHANGANGUNDU,ISAIE,-9,CHRISTINE,ISAIE CHRISTINE,ACEEHIIIINRSST,"['PANETTA', 'ISAIE', 'CYNTHIA', 'OLIVE']",ISA,I200,07/1988
50,FV2514313034,99,2008,14,PANETTA MUSHIMIYIMANA,6.0,9.0,F,9447551084.0,RUHANGANGUNDU,CYNTHIA,-9,NKURUNZIZA,CYNTHIA NKURUNZIZA,AACHIIKNNNRTUUYZZ,"['PANETTA', 'ISAIE', 'CYNTHIA', 'OLIVE']",CYN,C530,99/2008
50,FV4983349378,10,2019,3,PANETTA MUSHIMIYIMANA,6.0,4.0,F,9447551084.0,RUHANGANGUNDU,OLIVE,-9,GATERA,OLIVE GATERA,AAEEGILORTV,"['PANETTA', 'ISAIE', 'CYNTHIA', 'OLIVE']",OLI,O410,10/2019
51,FXR758864377,07,9999,83,EMMY ARSONVAL MUTUYIMANA,5.0,8.0,M,9941340114.0,MUGANZAKARENGE,EMMY,ARSONVAL,MUTUYIMANA,EMMY ARSONVAL MUTUYIMANA,AAAAEILMMMMNNORSTUUVYY,"['EMMY', 'PACIFIQUE', 'EMMY', 'OTIS']",EMM,E500,07/9999
51,FXX052916425,12,1993,22,EMMY ARSONVAL MUTUYIMANA,4.0,5.0,M,9941340114.0,MUGANZAKARENGE,PACIFIQUE,-9,HABIMANA,PACIFIQUE HABIMANA,AAAABCEFHIIIMNPQU,"['EMMY', 'PACIFIQUE', 'EMMY', 'OTIS']",PAC,P212,12/1993
51,GA9972129756,06,9999,29,EMMY ARSONVAL MUTUYIMANA,5.0,11.0,M,9941340114.0,MUGANZAKARENGE,EMMY,PRINCE,HARERIMANA,EMMY PRINCE HARERIMANA,AAACEEEHIIMMMNNPRRRY,"['EMMY', 'PACIFIQUE', 'EMMY', 'OTIS']",EMM,E500,06/9999
51,GAS577040113,99,1979,43,EMMY ARSONVAL MUTUYIMANA,2.0,10.0,M,9941340114.0,MUGANZAKARENGE,OTIS,-9,BIMENANA,OTIS BIMENANA,AABEIIMNNOST,"['EMMY', 'PACIFIQUE', 'EMMY', 'OTIS']",OTI,O320,99/1979
52,GAT753724721,99,2004,18,DODOS MUHUMUZA,6.0,9.0,F,,TABANGENDO,ROSY,-9,MUGISHA,ROSY MUGISHA,AGHIMORSSUY,"['ROSY', '-9', 'MUJJAWIMANA']",ROS,R200,99/2004
52,GDZ841615309,05,1963,59,DODOS MUHUMUZA,1.0,4.0,M,,TABANGENDO,-9,-9,MUHUMUZA,MUHUMUZA,AHMMUUUZ,"['ROSY', '-9', 'MUJJAWIMANA']",-9,-9,05/1963
52,GF9986371386,99,1972,52,DODOS MUHUMUZA,5.0,7.0,F,,TABANGENDO,MUJJAWIMANA,REGIS,RODRIGUE,MUJJAWIMANA REGIS RODRIGUE,AAADEEGGIIIJJMMNORRRSUUW,"['ROSY', '-9', 'MUJJAWIMANA']",MUJ,M255,99/1972
54,GOU502015640,99,1974,55,BATI HUSSEIN,5.0,9.0,F,,KARAMBINYUNDO,HILLALY,-9,MUREKATETE,HILLALY MUREKATETE,AAEEEHIKLLLMRTTUY,"['HILLALY', 'BATI']",HIL,H440,99/1974
54,GPS911216688,09,1942,80,BATI HUSSEIN,6.0,9.0,M,,KARAMBINYUNDO,BATI,-9,HUSSEIN,BATI HUSSEIN,ABEHIINSSTU,"['HILLALY', 'BATI']",BAT,B300,09/1942
55,GXJ335640338,99,9999,42,CYRIAQUE BOSCO,6.0,,M,,TABANGENDO,ALBERT,-9,JEAN,ALBERT JEAN,AABEEJLNRT,"['ALBERT', 'CYRIAQUE', 'DAVID']",ALB,A416,99/9999
55,GZ4617012810,99,1938,84,CYRIAQUE BOSCO,5.0,1.0,M,,TABANGENDO,CYRIAQUE,-9,-9,CYRIAQUE,ACEIQRUY,"['ALBERT', 'CYRIAQUE', 'DAVID']",CYR,C620,99/1938
55,H6A070056906,08,2012,10,CYRIAQUE BOSCO,6.0,9.0,M,,TABANGENDO,DAVID,-9,HASAN,DAVID HASAN,AAADDHINSV,"['ALBERT', 'CYRIAQUE', 'DAVID']",DAV,D130,08/2012
56,H7V224236269,05,2009,13,REMY KUBWIMANA,6.0,10.0,M,1951892852.0,KAMASHANGIKAMUHOZI,REN,-9,KAYIHURA,REN KAYIHURA,AAEHIKNRRUY,"['REN', 'REN', 'DIEUD', 'REMY']",REN,R500,05/2009
56,H7V224236269,11,2009,13,REMY KUBWIMANA,,10.0,M,1951892852.0,GITWARUHINGA,REN,-9,KAYIHURA,REN KAYIHURA,AAEHIKNRRUY,"['REN', 'REN', 'DIEUD', 'REMY']",REN,R500,11/2009
56,H8U884945704,99,1983,39,REMY KUBWIMANA,7.0,10.0,M,1951892852.0,KAMASHANGIKAMUHOZI,DIEUD,-9,JOSEPHINE,DIEUD JOSEPHINE,DDEEEHIIJNOPSU,"['REN', 'REN', 'DIEUD', 'REMY']",DIE,D300,99/1983
56,H8X149149796,12,1949,73,REMY KUBWIMANA,5.0,,,1951892852.0,KAMASHANGIKAMUHOZI,REMY,-9,KUBWIMANA,REMY KUBWIMANA,AABEIKMMNRUWY,"['REN', 'REN', 'DIEUD', 'REMY']",REM,R500,12/1949
57,HBA816395291,08,9999,68,NKURUNZIZA MULINDWA,2.0,9.0,M,9451375765.0,MUGANZANYARUTEJA,SETH,-9,GATSINZI,SETH GATSINZI,AEGHIINSSTTZ,"['SETH', 'NYARUYONGA', 'MUGWANEZA', 'NKURUNZIZA']",SET,S300,08/9999
57,HC6931942742,08,1996,26,NKURUNZIZA MULINDWA,1.0,10.0,M,9451375765.0,MUGANZANYARUTEJA,NYARUYONGA,PATRICK,NGABONZIZA,NYARUYONGA PATRICK NGABONZIZA,AAAAABCGGIIKNNNNOOPRRTUYYZZ,"['SETH', 'NYARUYONGA', 'MUGWANEZA', 'NKURUNZIZA']",NYA,N652,08/1996
57,HCJ776867776,99,1957,59,NKURUNZIZA MULINDWA,3.0,4.0,M,9451375765.0,MUGANZANYARUTEJA,MUGWANEZA,-9,MUGABO,MUGWANEZA MUGABO,AAABEGGMMNOUUWZ,"['SETH', 'NYARUYONGA', 'MUGWANEZA', 'NKURUNZIZA']",MUG,M252,99/1957
57,HDM374121233,12,2015,91,NKURUNZIZA MULINDWA,4.0,2.0,F,9451375765.0,MUGANZANYARUTEJA,NKURUNZIZA,-9,MULINDWA,NKURUNZIZA MULINDWA,AADIIKLMNNNRUUUWZZ,"['SETH', 'NYARUYONGA', 'MUGWANEZA', 'NKURUNZIZA']",NKU,N265,12/2015
58,HGB850106465,99,1967,55,DAVID KWIZERA BERNARD,7.0,2.0,M,1655870603.0,NYAKAGEZIMBUBA,RENE,EMMANUEL,PEACE,RENE EMMANUEL PEACE,AACEEEEEELMMNNPRU,"['RENE', 'PHIONAH', 'DAVID', 'SHEMA']",REN,R500,99/1967
58,HGE019122016,07,1942,80,DAVID KWIZERA BERNARD,4.0,12.0,F,1655870603.0,NYAKAGEZIMBUBA,PHIONAH,-9,NSENGIMANA,PHIONAH NSENGIMANA,AAAEGHHIIMNNNNOPS,"['RENE', 'PHIONAH', 'DAVID', 'SHEMA']",PHI,P500,07/1942
58,HGG405116220,12,1926,96,DAVID KWIZERA BERNARD,,10.0,M,1655870603.0,NYAKAGEZIMBUBA,DAVID,KWIZERA,BERNARD,DAVID KWIZERA BERNARD,AAABDDDEEIIKNRRRVWZ,"['RENE', 'PHIONAH', 'DAVID', 'SHEMA']",DAV,D130,12/1926
58,HGP321027077,04,1931,79,DAVID KWIZERA BERNARD,4.0,9.0,M,,NYAKAGEZIMBUBA,SHEMA,KAYEZU,BYUKUSENGE,SHEMA KAYEZU BYUKUSENGE,AABEEEEGHKKMNSSUUUYYZ,"['RENE', 'PHIONAH', 'DAVID', 'SHEMA']",SHE,S500,04/1931
59,HJ6955888421,03,1921,101,BURUNDIAN IRAKOZE,4.0,12.0,M,,RUBAYARUKONJI,BURUNDIAN,-9,IRAKOZE,BURUNDIAN IRAKOZE,AABDEIIKNNORRUUZ,"['BURUNDIAN', 'BURUNDIAN', 'AJAY', 'ANNONCIATA']",BUR,B653,03/1921
59,HJ6955888421,03,9999,99,BURUNDIAN IRAKOZE,4.0,12.0,M,,NYAGASENYIRAMBA,BURUNDIAN,-9,IRAKOZE,BURUNDIAN IRAKOZE,AABDEIIKNNORRUUZ,"['BURUNDIAN', 'BURUNDIAN', 'AJAY', 'ANNONCIATA']",BUR,B653,03/9999
59,HJS669785023,04,1993,42,BURUNDIAN IRAKOZE,2.0,4.0,M,,NYAGASENYIRAMBA,AJAY,-9,RURANGWA,AJAY RURANGWA,AAAAGJNRRUWY,"['BURUNDIAN', 'BURUNDIAN', 'AJAY', 'ANNONCIATA']",AJA,A200,04/1993
59,HJV650281580,12,1937,61,BURUNDIAN IRAKOZE,3.0,9.0,F,,NYAGASENYIRAMBA,ANNONCIATA,-9,HARERIMANA,ANNONCIATA HARERIMANA,AAAAAACEHIIMNNNNORRT,"['BURUNDIAN', 'BURUNDIAN', 'AJAY', 'ANNONCIATA']",ANN,A552,12/1937
60,HMN810591152,06,1934,44,FRANCOISE UMUHOZA,1.0,13.0,M,5442447073.0,MUSOVUCYABASONGA,TUYISENGE,-9,UWIZEYIMANA,TUYISENGE UWIZEYIMANA,AAEEEGIIIMNNSTUUWYYZ,"['TUYISENGE', 'FRANCOISE', 'ROMEO', 'MUKAMBANGUZA']",TUY,T252,06/1934
60,HMY749712033,07,1969,65,FRANCOISE UMUHOZA,2.0,10.0,F,5442447073.0,MUSOVUCYABASONGA,FRANCOISE,-9,UMUHOZA,FRANCOISE UMUHOZA,AACEFHIMNOORSUUZ,"['TUYISENGE', 'FRANCOISE', 'ROMEO', 'MUKAMBANGUZA']",FRA,F652,07/1969
60,HQC690330863,12,9999,59,FRANCOISE UMUHOZA,,13.0,M,5442447073.0,MUSOVUCYABASONGA,ROMEO,RICK,JANVIER,ROMEO RICK JANVIER,ACEEIIJKMNOORRRV,"['TUYISENGE', 'FRANCOISE', 'ROMEO', 'MUKAMBANGUZA']",ROM,R500,12/9999
60,HVB034983317,99,9999,99,FRANCOISE UMUHOZA,4.0,1.0,F,5442447073.0,MUSOVUCYABASONGA,MUKAMBANGUZA,JOSIANE,BUTERA,MUKAMBANGUZA JOSIANE BUTERA,AAAAABBEEGIJKMMNNORSTUUUZ,"['TUYISENGE', 'FRANCOISE', 'ROMEO', 'MUKAMBANGUZA']",MUK,M251,99/9999
61,HVT141708675,99,1993,29,ERIC MUVUNYI,6.0,4.0,M,7457912412.0,AKABOTIAKAYENZI,IDRISSA,-9,HAVUGIMANA,IDRISSA HAVUGIMANA,AAAADGHIIIMNRSSUV,"['IDRISSA', 'IRNE', 'THERESE', 'ERIC']",IDR,I362,99/1993
61,HWG467111248,07,2020,2,ERIC MUVUNYI,6.0,13.0,F,7457912412.0,AKABOTIAKAYENZI,IRNE,-9,NIYONSENGA,IRNE NIYONSENGA,AEEGIINNNNORSY,"['IDRISSA', 'IRNE', 'THERESE', 'ERIC']",IRN,I650,07/2020
61,HX0362117509,99,2013,9,ERIC MUVUNYI,6.0,3.0,F,7457912412.0,AKABOTIAKAYENZI,THERESE,-9,MUTONI,THERESE MUTONI,EEEHIMNORSTTU,"['IDRISSA', 'IRNE', 'THERESE', 'ERIC']",THE,T620,99/2013
61,HYM514853138,05,1938,84,ERIC MUVUNYI,1.0,,M,7457912412.0,AKABOTIAKAYENZI,ERIC,-9,MUVUNYI,ERIC MUVUNYI,CEIIMNRUUVY,"['IDRISSA', 'IRNE', 'THERESE', 'ERIC']",ERI,E620,05/1938
62,IAH444305755,01,1932,90,JOHN AGNES,2.0,2.0,F,5166489363.0,GITISIKABUGUSU,IBRAHIM,-9,CHANTAL,IBRAHIM CHANTAL,AAABCHHIILMNRT,"['IBRAHIM', 'NICOLE', 'JOHN']",IBR,I165,01/1932
62,IBF732007510,12,1985,37,JOHN AGNES,7.0,4.0,M,5166489363.0,GITISIKABUGUSU,NICOLE,-9,RUTAYISIRE,NICOLE RUTAYISIRE,ACEEIIILNORRSTUY,"['IBRAHIM', 'NICOLE', 'JOHN']",NIC,N240,12/1985
62,IC4000566589,99,9999,92,JOHN AGNES,1.0,2.0,M,5166489363.0,GITISIKABUGUSU,JOHN,-9,AGNES,JOHN AGNES,AEGHJNNOS,"['IBRAHIM', 'NICOLE', 'JOHN']",JOH,J500,99/9999
63,IDM605993712,01,1982,40,AIMEE NIYITEGEKA,,7.0,F,,GASIZAISANGANO,SHAMARIMA,-9,AUGUSTIN,SHAMARIMA AUGUSTIN,AAAAGHIIMMNRSSTUU,"['SHAMARIMA', 'AIMEE']",SHA,S565,01/1982
63,IGZ535497516,02,9999,90,AIMEE NIYITEGEKA,6.0,4.0,F,,GASIZAISANGANO,AIMEE,-9,NIYITEGEKA,AIMEE NIYITEGEKA,AAEEEEGIIIKMNTY,"['SHAMARIMA', 'AIMEE']",AIM,A500,02/9999
64,IJV897774636,01,1935,87,JANVIER NDUWIMANA,2.0,2.0,,1541903480.0,VIROVIRO,JANVIER,-9,NDUWINA,JANVIER NDUWINA,AADEIIJNNNRUVW,"['JANVIER', 'MUSHIKIWABO', 'PAT', 'EUGENE', 'JENY']",JAN,J516,01/1935
64,IKR726062477,08,2013,9,JANVIER NDUWIMANA,6.0,1.0,F,1541903480.0,VIROVIRO,MUSHIKIWABO,-9,MUGANZA,MUSHIKIWABO MUGANZA,AAABGHIIKMMNOSUUWZ,"['JANVIER', 'MUSHIKIWABO', 'PAT', 'EUGENE', 'JENY']",MUS,M221,08/2013
64,ILT692662486,01,1999,25,JANVIER NDUWIMANA,4.0,,M,1541903480.0,VIROVIRO,PAT,-9,BIRUNGI,PAT BIRUNGI,ABGIINPRTU,"['JANVIER', 'MUSHIKIWABO', 'PAT', 'EUGENE', 'JENY']",PAT,P300,01/1999
64,IN0874341263,11,1994,28,JANVIER NDUWIMANA,2.0,13.0,M,1541903480.0,VIROVIRO,EUGENE,-9,INGABIRE,EUGENE INGABIRE,ABEEEEGGIINNRU,"['JANVIER', 'MUSHIKIWABO', 'PAT', 'EUGENE', 'JENY']",EUG,E250,11/1994
64,INT341141308,03,1982,40,JANVIER NDUWIMANA,3.0,4.0,F,1541903480.0,VIROVIRO,JENY,-9,UMUTONI,JENY UMUTONI,EIJMNNOTUUY,"['JANVIER', 'MUSHIKIWABO', 'PAT', 'EUGENE', 'JENY']",JEN,J500,03/1982
65,INT855622978,09,9999,48,ONESPHORE MAHORO,6.0,12.0,M,6897481326.0,JENDAKIGARAMA,ONESPHORE,-9,MAHORO,ONESPHORE MAHORO,AEEHHMNOOOOPRRS,"['ONESPHORE', 'BENITE']",ONE,O521,09/9999
65,INW831451030,05,1960,44,ONESPHORE MAHORO,6.0,7.0,F,6897481326.0,JENDAKIGARAMA,BENITE,-9,MUSHIMIYIMANA,BENITE MUSHIMIYIMANA,AABEEHIIIIMMMNNSTUY,"['ONESPHORE', 'BENITE']",BEN,B530,05/1960
66,IOW529929153,99,1941,81,IZERE MUGABE,4.0,6.0,M,3931816407.0,RUGOBAGOBAKIBINGO,IZERE,-9,MUGABE,IZERE MUGABE,ABEEEGIMRUZ,"['IZERE', 'JOHNSON', 'UWINEZA']",IZE,I260,99/1941
66,IWO880209190,06,1981,41,IZERE MUGABE,4.0,5.0,M,3931816407.0,RUGOBAGOBAKIBINGO,JOHNSON,-9,MUSINGUZI,JOHNSON MUSINGUZI,GHIIJMNNNOOSSUUZ,"['IZERE', 'JOHNSON', 'UWINEZA']",JOH,J525,06/1981
66,IX5120193203,08,1957,65,IZERE MUGABE,4.0,,F,3931816407.0,RUGOBAGOBAKIBINGO,UWINEZA,-9,MANZI,UWINEZA MANZI,AAEIIMNNUWZZ,"['IZERE', 'JOHNSON', 'UWINEZA']",UWI,U520,08/1957
67,IXG461746605,09,1961,61,ATFA TUYISENGE,2.0,11.0,F,2253636460.0,NYAGASENYIRAMBA,CHRISTINE,-9,BAHATI,CHRISTINE BAHATI,AABCEHHIIINRSTT,"['CHRISTINE', 'CHASILY', 'ATFA', 'JEAN']",CHR,C623,09/1961
67,IYB601574790,99,2003,19,ATFA TUYISENGE,4.0,11.0,F,2253636460.0,NYAGASENYIRAMBA,CHASILY,-9,SIBOMANA,CHASILY SIBOMANA,AAABCHIILMNOSSY,"['CHRISTINE', 'CHASILY', 'ATFA', 'JEAN']",CHA,C240,99/2003
67,IZB269602245,02,2003,88,ATFA TUYISENGE,5.0,11.0,F,2253636460.0,NYAGASENYIRAMBA,ATFA,-9,TUYISENGE,ATFA TUYISENGE,AAEEFGINSTTUY,"['CHRISTINE', 'CHASILY', 'ATFA', 'JEAN']",ATF,A310,02/2003
67,J0P323659375,04,2022,19,ATFA TUYISENGE,6.0,2.0,M,2253636460.0,NYAGASENYIRAMBA,JEAN,LUC,PAULIN,JEAN LUC PAULIN,AACEIJLLNNPUU,"['CHRISTINE', 'CHASILY', 'ATFA', 'JEAN']",JEA,J500,04/2022
68,J4G020992946,09,1990,32,EULADE HATEGEKIMANA,6.0,5.0,,5421676109.0,BURIMAMIRAMBI,EULADE,-9,HATEGEKIMANA,EULADE HATEGEKIMANA,AAAADEEEEGHIKLMNTU,"['EULADE', 'PETER']",EUL,E430,09/1990
68,J6H192902277,99,2016,8,EULADE HATEGEKIMANA,6.0,7.0,M,5421676109.0,BURIMAMIRAMBI,PETER,JOY,MUTAMBA,PETER JOY MUTAMBA,AABEEJMMOPRTTUY,"['EULADE', 'PETER']",PET,P360,99/2016
69,JDX712012988,07,9999,19,RODGERS NDUWAYO,3.0,11.0,M,8348092043.0,RAMBARWIMVUBU,-9,-9,RUTAYISIRE,RUTAYISIRE,AEIIRRSTUY,"['-9', '-9', 'RODGERS']",-9,-9,07/9999
69,JFX131422614,99,1962,60,RODGERS NDUWAYO,6.0,9.0,F,8348092043.0,RAMBARWIMVUBU,-9,-9,BOSCO,BOSCO,BCOOS,"['-9', '-9', 'RODGERS']",-9,-9,99/1962
69,JGF367171459,03,9999,61,RODGERS NDUWAYO,6.0,1.0,M,8348092043.0,RAMBARWIMVUBU,RODGERS,-9,NDUWAYO,RODGERS NDUWAYO,ADDEGNOORRSUWY,"['-9', '-9', 'RODGERS']",ROD,R326,03/9999
70,JGO280587711,99,1929,74,ELISE KAYUMBA,3.0,,F,4114865769.0,BAYIGABURIREBYIMANA,BRENDA,-9,NIYONZIMA,BRENDA NIYONZIMA,AABDEIIMNNNORYZ,"['BRENDA', 'ELISE', 'REHEMA', '-9']",BRE,B653,99/1929
70,JHM010708662,02,1936,88,ELISE KAYUMBA,7.0,4.0,M,4114865769.0,BAYIGABURIREBYIMANA,ELISE,-9,KAYUMBA,ELISE KAYUMBA,AABEEIKLMSUY,"['BRENDA', 'ELISE', 'REHEMA', '-9']",ELI,E420,02/1936
70,JIV434857017,05,1989,33,ELISE KAYUMBA,5.0,1.0,M,5626106443.0,RUBAYACYIVUGIZA,REHEMA,-9,NDAYISABA,REHEMA NDAYISABA,AAAABDEEHIMNRSY,"['BRENDA', 'ELISE', 'REHEMA', '-9']",REH,R500,05/1989
70,JIV434857017,05,1989,33,ELISE KAYUMBA,,1.0,M,5626106443.0,BAYIGABURIREBYIMANA,-9,-9,NDAYISABA,NDAYISABA,AAABDINSY,"['BRENDA', 'ELISE', 'REHEMA', '-9']",-9,-9,05/1989
72,JM4821886805,08,9999,21,BLAISE NORBERT UWIMBABAZI,2.0,6.0,F,,GISHARUKIREHE,KAMPIRE,-9,TUSHABE,KAMPIRE TUSHABE,AABEEHIKMPRSTU,"['KAMPIRE', 'BLAISE', 'VALENTIN']",KAM,K516,08/9999
72,JPO658620972,99,9999,69,BLAISE NORBERT UWIMBABAZI,2.0,7.0,M,,GISHARUKIREHE,BLAISE,NORBERT,UWIMBABAZI,BLAISE NORBERT UWIMBABAZI,AAABBBBEEIIILMNORRSTUWZ,"['KAMPIRE', 'BLAISE', 'VALENTIN']",BLA,B420,99/9999
72,JS4658817586,99,9999,28,BLAISE NORBERT UWIMBABAZI,3.0,8.0,M,,GISHARUKIREHE,VALENTIN,IZERE,NZITONDA,VALENTIN IZERE NZITONDA,AADEEEIIILNNNNORTTVZZ,"['KAMPIRE', 'BLAISE', 'VALENTIN']",VAL,V453,99/9999
73,JTT962657046,10,1966,56,PHILEMON JACQUELINE,5.0,12.0,F,,RUKATSAINSHUTI,DOEIA,-9,BYUKUSENGE,DOEIA BYUKUSENGE,ABDEEEGIKNOSUUY,"['DOEIA', 'PHILEMON']",DOE,D000,10/1966
73,JUH259934355,06,1930,92,PHILEMON JACQUELINE,,5.0,M,,RUKATSAINSHUTI,PHILEMON,-9,JACQUELINE,PHILEMON JACQUELINE,ACEEEHIIJLLMNNOPQU,"['DOEIA', 'PHILEMON']",PHI,P455,06/1930
74,JXI728588434,99,1955,67,ELISE BYIRINGIRO,7.0,12.0,F,5888939028.0,CYANYANYARUTOVU,ELISE,-9,BYIRINGIRO,ELISE BYIRINGIRO,BEEGIIIILNORRSY,"['ELISE', 'ZACHARIE', 'SCOTT', 'JEAN', 'CLAUDE']",ELI,E420,99/1955
74,K2H320227370,02,1982,40,ELISE BYIRINGIRO,4.0,8.0,M,5888939028.0,CYANYANYARUTOVU,ZACHARIE,-9,MUSONI,ZACHARIE MUSONI,AACEHIIMNORSUZ,"['ELISE', 'ZACHARIE', 'SCOTT', 'JEAN', 'CLAUDE']",ZAC,Z260,02/1982
74,K5C187864918,05,2003,20,ELISE BYIRINGIRO,3.0,1.0,M,5888939028.0,CYANYANYARUTOVU,SCOTT,-9,BUKURU,SCOTT BUKURU,BCKORSTTUUU,"['ELISE', 'ZACHARIE', 'SCOTT', 'JEAN', 'CLAUDE']",SCO,S300,05/2003
74,K5K033123975,99,1983,39,ELISE BYIRINGIRO,4.0,6.0,M,5888939028.0,CYANYANYARUTOVU,JEAN,SAUVEUR,TUMWINE,JEAN SAUVEUR TUMWINE,AAEEEIJMNNRSTUUUVW,"['ELISE', 'ZACHARIE', 'SCOTT', 'JEAN', 'CLAUDE']",JEA,J500,99/1983
74,KBT282488899,03,1974,48,ELISE BYIRINGIRO,1.0,,M,5888939028.0,CYANYANYARUTOVU,CLAUDE,-9,JANE,CLAUDE JANE,AACDEEJLNU,"['ELISE', 'ZACHARIE', 'SCOTT', 'JEAN', 'CLAUDE']",CLA,C430,03/1974
75,KF2672837580,09,2016,6,AARON HABIYAMBERE,6.0,6.0,M,9184871405.0,RAZIKIRWA,MOSS,-9,GASANA,MOSS GASANA,AAAGMNOSSS,"['MOSS', 'FRED', 'DEMI', 'MIMI']",MOS,M200,09/2016
75,KGD704063597,08,2021,1,AARON HABIYAMBERE,6.0,5.0,M,9184871405.0,RAZIKIRWA,FRED,-9,CELESTIN,FRED CELESTIN,CDEEEFILNRST,"['MOSS', 'FRED', 'DEMI', 'MIMI']",FRE,F630,08/2021
75,KGH692701556,11,9999,46,AARON HABIYAMBERE,7.0,8.0,M,9184871405.0,RAZIKIRWA,DEMI,-9,HABIYAMBERE,DEMI HABIYAMBERE,AABBDEEEHIIMMRY,"['MOSS', 'FRED', 'DEMI', 'MIMI']",DEM,D500,11/9999
75,KIX193088081,99,1995,29,AARON HABIYAMBERE,2.0,7.0,F,9184871405.0,RAZIKIRWA,MIMI,UWU,-9,MIMI UWU,IIMMUUW,"['MOSS', 'FRED', 'DEMI', 'MIMI']",MIM,M500,99/1995
76,KNS762303726,99,1981,41,MABEL UMUGWANEZA,,9.0,M,,GASIZAISANGANO,FELIX,RUTAGAND,KAYITARE,FELIX RUTAGAND KAYITARE,AAAADEEFGIIKLNRRTTUXY,"['FELIX', 'MABEL', 'MABEL']",FEL,F420,99/1981
76,KOL001395611,99,1936,86,MABEL UMUGWANEZA,5.0,10.0,F,,GASIZAISANGANO,MABEL,-9,UMUGWANEZA,MABEL UMUGWANEZA,AAABEEGLMMNUUWZ,"['FELIX', 'MABEL', 'MABEL']",MAB,M140,99/1936
76,KOL001395611,01,9999,86,MABEL UMUGWANEZA,5.0,10.0,F,,KIRARANGOMBEGITWE,MABEL,-9,UMUGWANEZA,MABEL UMUGWANEZA,AAABEEGLMMNUUWZ,"['FELIX', 'MABEL', 'MABEL']",MAB,M140,01/9999
77,KQV952312039,11,1962,60,AIME NGARAMBE,3.0,5.0,F,1276488515.0,KAMPEKAMASANGANO,MUZIRANENGE,-9,TUYISHIME,MUZIRANENGE TUYISHIME,AEEEGHIIIMMNNRSTUUYZ,"['MUZIRANENGE', 'MUHIRE', 'AIME']",MUZ,M265,11/1962
77,KRI322430617,10,9999,16,AIME NGARAMBE,6.0,7.0,M,1276488515.0,KAMPEKAMASANGANO,MUHIRE,-9,EUGNE,MUHIRE EUGNE,EEEGHIMNRUU,"['MUZIRANENGE', 'MUHIRE', 'AIME']",MUH,M600,10/9999
77,KSX669993360,05,1954,68,AIME NGARAMBE,,10.0,M,1276488515.0,KAMPEKAMASANGANO,AIME,-9,NGARAMBE,AIME NGARAMBE,AAABEEGIMMNR,"['MUZIRANENGE', 'MUHIRE', 'AIME']",AIM,A500,05/1954
78,KTM105832843,99,1924,98,NGABO MUHIRE,4.0,4.0,M,1793305885.0,MUHOTORAGAHUNGE,NGABO,-9,-9,NGABO,ABGNO,"['NGABO', 'BOGARDE', 'KELLY', 'KIDD', 'FIDLE']",NGA,N210,99/1924
78,KVZ405590670,02,1978,30,NGABO MUHIRE,4.0,,M,1793305885.0,MUHOTORAGAHUNGE,BOGARDE,-9,EDISON,BOGARDE EDISON,ABDDEEGINOORS,"['NGABO', 'BOGARDE', 'KELLY', 'KIDD', 'FIDLE']",BOG,B263,02/1978
78,KXL858550721,99,1930,93,NGABO MUHIRE,3.0,6.0,F,1793305885.0,MUHOTORAGAHUNGE,KELLY,-9,UWITONZE,KELLY UWITONZE,EEIKLLNOTUWYZ,"['NGABO', 'BOGARDE', 'KELLY', 'KIDD', 'FIDLE']",KEL,K400,99/1930
78,KYL603918914,04,1999,23,NGABO MUHIRE,2.0,1.0,M,1793305885.0,MUHOTORAGAHUNGE,KIDD,-9,FAUSTIN,KIDD FAUSTIN,ADDFIIKNSTU,"['NGABO', 'BOGARDE', 'KELLY', 'KIDD', 'FIDLE']",KID,K300,04/1999
78,KYO458025324,99,1989,33,NGABO MUHIRE,6.0,6.0,M,1793305885.0,MUHOTORAGAHUNGE,FIDLE,-9,-9,FIDLE,DEFIL,"['NGABO', 'BOGARDE', 'KELLY', 'KIDD', 'FIDLE']",FID,F340,99/1989
79,KZK499931214,06,2016,26,KAMI HABARUREMA,,13.0,M,,RANGOMATINZA,KAMI,-9,HABARUREMA,KAMI HABARUREMA,AAAABEHIKMMRRU,"['KAMI', 'DESIRE']",KAM,K500,06/2016
79,KZP823470529,03,2002,20,KAMI HABARUREMA,7.0,5.0,M,,RANGOMATINZA,DESIRE,-9,NSENGIMANA,DESIRE NSENGIMANA,AADEEEGIIMNNNRSS,"['KAMI', 'DESIRE']",DES,D260,03/2002
80,L2P264503829,09,1936,86,MAZIMPAKA NSHIMIYIMANA,7.0,12.0,M,,KIVUMUNYERENGA,FREDDY,-9,BYIRINGIRO,FREDDY BYIRINGIRO,BDDEFGIIINORRRYY,"['FREDDY', 'INGRID', 'WELLARS', 'MAZIMPAKA', 'MAZIMPAKA']",FRE,F630,09/1936
80,L5I787303275,12,2014,11,MAZIMPAKA NSHIMIYIMANA,6.0,,F,,KIVUMUNYERENGA,INGRID,MARY,UWERA,INGRID MARY UWERA,AADEGIIMNRRRUWY,"['FREDDY', 'INGRID', 'WELLARS', 'MAZIMPAKA', 'MAZIMPAKA']",ING,I526,12/2014
80,L7L180141364,10,1937,85,MAZIMPAKA NSHIMIYIMANA,7.0,12.0,M,,KIVUMUNYERENGA,WELLARS,-9,MUREKATETE,WELLARS MUREKATETE,AAEEEEKLLMRRSTTUW,"['FREDDY', 'INGRID', 'WELLARS', 'MAZIMPAKA', 'MAZIMPAKA']",WEL,W462,10/1937
80,LA3042843485,99,1998,95,MAZIMPAKA NSHIMIYIMANA,3.0,10.0,M,,KIVUMUNYERENGA,MAZIMPAKA,-9,NSHIMIYIMANA,MAZIMPAKA NSHIMIYIMANA,AAAAAHIIIIKMMMMNNPSYZ,"['FREDDY', 'INGRID', 'WELLARS', 'MAZIMPAKA', 'MAZIMPAKA']",MAZ,M251,99/1998
80,LA3042843485,06,1927,95,MAZIMPAKA NSHIMIYIMANA,3.0,10.0,M,,MUSASAGASHARU,MAZIMPAKA,-9,NSHIMIYIMANA,MAZIMPAKA NSHIMIYIMANA,AAAAAHIIIIKMMMMNNPSYZ,"['FREDDY', 'INGRID', 'WELLARS', 'MAZIMPAKA', 'MAZIMPAKA']",MAZ,M251,06/1927
81,LAU559592007,12,1987,35,HILAIRE HONORE,1.0,3.0,M,9938339474.0,KANUNGANYAGISOZI,GIL,-9,BAGUMA,GIL BAGUMA,AABGGILMU,"['GIL', 'HILAIRE', 'SIBOYINTORE']",GIL,G400,12/1987
81,LCB341833411,01,1955,84,HILAIRE HONORE,4.0,8.0,M,9938339474.0,KANUNGANYAGISOZI,HILAIRE,-9,HONORE,HILAIRE HONORE,AEEHHIILNOORR,"['GIL', 'HILAIRE', 'SIBOYINTORE']",HIL,H460,01/1955
81,LIT698458532,03,1973,50,HILAIRE HONORE,,5.0,M,9938339474.0,KANUNGANYAGISOZI,SIBOYINTORE,-9,-9,SIBOYINTORE,BEIINOORSTY,"['GIL', 'HILAIRE', 'SIBOYINTORE']",SIB,S153,03/1973
82,LJZ199528360,09,1977,45,LUKE MBARUSHIMANA,4.0,11.0,F,7205425166.0,RUHONDOKIRWA,BABY,-9,UMUTESI,BABY UMUTESI,ABBEIMSTUUY,"['BABY', 'LUKE', 'JADO', 'NYIRIBAKWE', 'ANNET']",BAB,B100,09/1977
82,LN4096767069,99,9999,76,LUKE MBARUSHIMANA,3.0,5.0,M,7205425166.0,RUHONDOKIRWA,LUKE,-9,MBARUSHIMANA,LUKE MBARUSHIMANA,AAABEHIKLMMNRSUU,"['BABY', 'LUKE', 'JADO', 'NYIRIBAKWE', 'ANNET']",LUK,L200,99/9999
82,LQA130550953,99,1989,39,LUKE MBARUSHIMANA,7.0,,M,7205425166.0,RUHONDOKIRWA,JADO,-9,SIKUBWABO,JADO SIKUBWABO,AABBDIJKOOSUW,"['BABY', 'LUKE', 'JADO', 'NYIRIBAKWE', 'ANNET']",JAD,J300,99/1989
82,LSB588111042,02,2019,4,LUKE MBARUSHIMANA,6.0,3.0,M,7205425166.0,RUHONDOKIRWA,NYIRIBAKWE,JEAN,UMUGWANEZA,NYIRIBAKWE JEAN UMUGWANEZA,AAAABEEEGIIJKMNNNRUUWWYZ,"['BABY', 'LUKE', 'JADO', 'NYIRIBAKWE', 'ANNET']",NYI,N612,02/2019
82,LTE700133022,02,1977,45,LUKE MBARUSHIMANA,6.0,12.0,F,7205425166.0,RUHONDOKIRWA,ANNET,-9,GATETE,ANNET GATETE,AAEEEGNNTTT,"['BABY', 'LUKE', 'JADO', 'NYIRIBAKWE', 'ANNET']",ANN,A530,02/1977
83,LTO728045878,08,2016,71,GATETE FELIX,4.0,11.0,F,6856315736.0,NYAMIRAMAKANTONGANIYE,-9,-9,INNOCENT,INNOCENT,CEINNNOT,"['-9', 'DIDO', 'DIDO', 'UWIMBABBAZI', 'GATETE']",-9,-9,08/2016
83,LWD019803584,05,1964,58,GATETE FELIX,4.0,8.0,M,6856315736.0,AKAMATAMUNYAGASOZI,DIDO,-9,MODESTE,DIDO MODESTE,DDDEEIMOOST,"['-9', 'DIDO', 'DIDO', 'UWIMBABBAZI', 'GATETE']",DID,D300,05/1964
83,LWD019803584,99,1964,58,GATETE FELIX,4.0,8.0,M,6856315736.0,NYAMIRAMAKANTONGANIYE,DIDO,-9,MODESTE,DIDO MODESTE,DDDEEIMOOST,"['-9', 'DIDO', 'DIDO', 'UWIMBABBAZI', 'GATETE']",DID,D300,99/1964
83,LX3864046250,06,1960,62,GATETE FELIX,6.0,12.0,F,6856315736.0,NYAMIRAMAKANTONGANIYE,UWIMBABBAZI,-9,NGABO,UWIMBABBAZI NGABO,AAABBBBGIIMNOUWZ,"['-9', 'DIDO', 'DIDO', 'UWIMBABBAZI', 'GATETE']",UWI,U511,06/1960
83,LZV115428353,05,9999,76,GATETE FELIX,7.0,1.0,M,6856315736.0,NYAMIRAMAKANTONGANIYE,GATETE,-9,FELIX,GATETE FELIX,AEEEFGILTTX,"['-9', 'DIDO', 'DIDO', 'UWIMBABBAZI', 'GATETE']",GAT,G330,05/9999
84,M3R831043194,01,1954,68,NANA EMMANUEL,,4.0,M,,MPONDWATSIMA,JULIUS,-9,SHYAKA,JULIUS SHYAKA,AAHIJKLSSUUY,"['JULIUS', 'BERNARD', 'NANA']",JUL,J420,01/1954
84,M74105267787,11,1928,49,NANA EMMANUEL,5.0,2.0,M,,MPONDWATSIMA,BERNARD,-9,ALICE,BERNARD ALICE,AABCDEEILNRR,"['JULIUS', 'BERNARD', 'NANA']",BER,B656,11/1928
84,MB8582198679,12,1938,86,NANA EMMANUEL,3.0,13.0,F,,MPONDWATSIMA,NANA,-9,EMMANUEL,NANA EMMANUEL,AAAEELMMNNNU,"['JULIUS', 'BERNARD', 'NANA']",NAN,N500,12/1938
85,MFQ520947986,08,1972,50,AIMABLE HAKIZIMANA,7.0,,M,6513939129.0,GABIRORUGARAMBIRO,MUNYENTWALI,-9,UWERA,MUNYENTWALI UWERA,AAEEILMNNRTUUWWY,"['MUNYENTWALI', 'JEAN', 'AIMABLE']",MUN,M553,08/1972
85,MH3205928921,99,1959,70,AIMABLE HAKIZIMANA,4.0,1.0,M,6513939129.0,GABIRORUGARAMBIRO,JEAN,LOUIS,NDAYAMBAJE,JEAN LOUIS NDAYAMBAJE,AAAABDEEIJJLMNNOSUY,"['MUNYENTWALI', 'JEAN', 'AIMABLE']",JEA,J500,99/1959
85,MI0893335011,04,1932,90,AIMABLE HAKIZIMANA,7.0,2.0,F,6513939129.0,GABIRORUGARAMBIRO,AIMABLE,-9,HAKIZIMANA,AIMABLE HAKIZIMANA,AAAAABEHIIIKLMMNZ,"['MUNYENTWALI', 'JEAN', 'AIMABLE']",AIM,A514,04/1932
86,MIB404275757,99,1980,42,JEAN DE ALEX,,,,,BUSANZANYARUGUGU,ELISHA,-9,NDAYIZEYE,ELISHA NDAYIZEYE,AADEEEHIILNSYYZ,"['ELISHA', 'ROD', 'IYAKAREMYE', 'JEAN', 'NADINE']",ELI,E420,99/1980
86,MID389542082,07,1943,79,JEAN DE ALEX,1.0,4.0,M,,BUSANZANYARUGUGU,ROD,-9,KABERA,ROD KABERA,AABDEKORR,"['ELISHA', 'ROD', 'IYAKAREMYE', 'JEAN', 'NADINE']",ROD,R300,07/1943
86,MIQ721925284,01,1968,54,JEAN DE ALEX,4.0,4.0,M,,BUSANZANYARUGUGU,IYAKAREMYE,-9,MURENZI,IYAKAREMYE MURENZI,AAEEEIIKMMNRRUYYZ,"['ELISHA', 'ROD', 'IYAKAREMYE', 'JEAN', 'NADINE']",IYA,I265,01/1968
86,MIW791637036,01,1925,97,JEAN DE ALEX,7.0,5.0,M,,BUSANZANYARUGUGU,JEAN,DE,ALEX,JEAN DE ALEX,AADEEEJLNX,"['ELISHA', 'ROD', 'IYAKAREMYE', 'JEAN', 'NADINE']",JEA,J500,01/1925
86,MJ6361146971,05,1985,37,JEAN DE ALEX,2.0,5.0,F,,BUSANZANYARUGUGU,NADINE,-9,MANZI,NADINE MANZI,AADEIIMNNNZ,"['ELISHA', 'ROD', 'IYAKAREMYE', 'JEAN', 'NADINE']",NAD,N350,05/1985
87,MJD783795472,02,1963,59,MAURICE KAMALI,1.0,6.0,M,9015539671.0,MUHORORONYAKABUYE,LEONARD,-9,-9,LEONARD,ADELNOR,"['LEONARD', 'DOMINIQUE', 'MAURICE', 'LIONEL']",LEO,L563,02/1963
87,MKF308342586,01,9999,10,MAURICE KAMALI,6.0,6.0,M,9015539671.0,MUHORORONYAKABUYE,DOMINIQUE,-9,JACQUES,DOMINIQUE JACQUES,ACDEEIIJMNOQQSUU,"['LEONARD', 'DOMINIQUE', 'MAURICE', 'LIONEL']",DOM,D552,01/9999
87,MLM119473003,02,1938,84,MAURICE KAMALI,1.0,3.0,M,9015539671.0,MUHORORONYAKABUYE,MAURICE,-9,KAMALI,MAURICE KAMALI,AAACEIIKLMMRU,"['LEONARD', 'DOMINIQUE', 'MAURICE', 'LIONEL']",MAU,M620,02/1938
87,MQR297660507,10,1959,64,MAURICE KAMALI,1.0,,M,9015539671.0,MUHORORONYAKABUYE,LIONEL,-9,NDIKUMANA,LIONEL NDIKUMANA,AADEIIKLLMNNNOU,"['LEONARD', 'DOMINIQUE', 'MAURICE', 'LIONEL']",LIO,L540,10/1959
88,MT1307294450,09,1986,36,REGIS AMANI,7.0,13.0,M,,KADAHOKABERE,HEBRON,-9,-9,HEBRON,BEHNOR,"['HEBRON', 'NDATABAYE', 'NDATABAYE', 'REGIS']",HEB,H165,09/1986
88,MVO006683483,08,2002,22,REGIS AMANI,4.0,4.0,M,,KADAHOKABERE,NDATABAYE,ALEXIS,MURUNGI,NDATABAYE ALEXIS MURUNGI,AAAABDEEGIILMNNRSTUUXY,"['HEBRON', 'NDATABAYE', 'NDATABAYE', 'REGIS']",NDA,N331,08/2002
88,MVO006683483,99,2002,20,REGIS AMANI,4.0,4.0,M,,BURIMAMIRAMBI,NDATABAYE,ALEXIS,MURUNGI,NDATABAYE ALEXIS MURUNGI,AAAABDEEGIILMNNRSTUUXY,"['HEBRON', 'NDATABAYE', 'NDATABAYE', 'REGIS']",NDA,N331,99/2002
88,MZA689090204,01,1962,60,REGIS AMANI,,1.0,M,,KADAHOKABERE,REGIS,-9,AMANI,REGIS AMANI,AAEGIIMNRS,"['HEBRON', 'NDATABAYE', 'NDATABAYE', 'REGIS']",REG,R220,01/1962
89,N1A340193511,09,2010,12,NISAINTHE THEODORE SIBOMANA,,1.0,F,3593934022.0,NYANAMOKABUYENGE,IMMACULEE,-9,NTAKIRUTIMANA,IMMACULEE NTAKIRUTIMANA,AAAACEEIIIKLMMMNNRTTUU,"['IMMACULEE', '-9', 'ANNUTE', 'NISAINTHE', 'EUGENE', 'EUGENE']",IMM,I524,09/2010
89,N1A340193511,99,2010,12,NISAINTHE THEODORE SIBOMANA,6.0,1.0,F,3593934022.0,BUKINANYANAMWIDAGADURO,-9,-9,NTAKIRUTIMANA,NTAKIRUTIMANA,AAAIIKMNNRTTU,"['IMMACULEE', '-9', 'ANNUTE', 'NISAINTHE', 'EUGENE', 'EUGENE']",-9,-9,99/2010
89,N1C374064943,06,1972,50,NISAINTHE THEODORE SIBOMANA,1.0,8.0,F,3593934022.0,BUKINANYANAMWIDAGADURO,ANNUTE,-9,MBABAZI,ANNUTE MBABAZI,AAABBEIMNNTUZ,"['IMMACULEE', '-9', 'ANNUTE', 'NISAINTHE', 'EUGENE', 'EUGENE']",ANN,A530,06/1972
89,N6M123045352,01,1944,78,NISAINTHE THEODORE SIBOMANA,3.0,9.0,M,3593934022.0,BUKINANYANAMWIDAGADURO,NISAINTHE,THEODORE,SIBOMANA,NISAINTHE THEODORE SIBOMANA,AAABDEEEHHIIIMNNNOOORSSTT,"['IMMACULEE', '-9', 'ANNUTE', 'NISAINTHE', 'EUGENE', 'EUGENE']",NIS,N253,01/1944
89,NAA350868031,07,2014,8,NISAINTHE THEODORE SIBOMANA,6.0,,M,5892109008.0,GABIRONYUNDO,EUGENE,-9,MUSABYIMANA,EUGENE MUSABYIMANA,AAABEEEGIMMNNSUUY,"['IMMACULEE', '-9', 'ANNUTE', 'NISAINTHE', 'EUGENE', 'EUGENE']",EUG,E250,07/2014
89,NAA350868031,07,9999,8,NISAINTHE THEODORE SIBOMANA,6.0,10.0,M,3593934022.0,BUKINANYANAMWIDAGADURO,EUGENE,-9,MUSABYIMANA,EUGENE MUSABYIMANA,AAABEEEGIMMNNSUUY,"['IMMACULEE', '-9', 'ANNUTE', 'NISAINTHE', 'EUGENE', 'EUGENE']",EUG,E250,07/9999
90,NBQ986625305,02,1993,93,ARMAND ANGE,4.0,11.0,M,3142499563.0,KAMATITAKAMANYENGA,-9,-9,ANGE,ANGE,AEGN,"['-9', 'ETIENNE', 'TUYISHIMIRE']",-9,-9,02/1993
90,NBW566009370,99,2018,4,ARMAND ANGE,6.0,11.0,M,3142499563.0,KAMATITAKAMANYENGA,ETIENNE,-9,SHEMA,ETIENNE SHEMA,AEEEEHIMNNST,"['-9', 'ETIENNE', 'TUYISHIMIRE']",ETI,E350,99/2018
90,ND2599463256,12,9999,19,ARMAND ANGE,5.0,,M,3142499563.0,KAMATITAKAMANYENGA,TUYISHIMIRE,-9,HABINEZA,TUYISHIMIRE HABINEZA,AABEEHHIIIIMNRSTUYZ,"['-9', 'ETIENNE', 'TUYISHIMIRE']",TUY,T256,12/9999
91,NEB928709065,01,1948,77,PROTAIS SIMBI,4.0,13.0,F,4588441647.0,KABIRIZIRUNGU,RAISSA,-9,TWAHIRWA,RAISSA TWAHIRWA,AAAAHIIRRSSTWW,"['RAISSA', 'PROTAIS', 'HAPPY', 'STRATON']",RAI,R200,01/1948
91,NEU596185690,11,1940,82,PROTAIS SIMBI,3.0,5.0,M,4588441647.0,KABIRIZIRUNGU,PROTAIS,-9,SIMBI,PROTAIS SIMBI,ABIIIMOPRSST,"['RAISSA', 'PROTAIS', 'HAPPY', 'STRATON']",PRO,P632,11/1940
91,NG9816166014,99,2022,33,PROTAIS SIMBI,5.0,8.0,M,4588441647.0,KABIRIZIRUNGU,HAPPY,-9,MUHOZA,HAPPY MUHOZA,AAHHMOPPUYZ,"['RAISSA', 'PROTAIS', 'HAPPY', 'STRATON']",HAP,H100,99/2022
91,NI0191737442,99,2015,7,PROTAIS SIMBI,6.0,4.0,M,4588441647.0,KABIRIZIRUNGU,STRATON,-9,KAMANANM,STRATON KAMANANM,AAAAKMMNNNORSTT,"['RAISSA', 'PROTAIS', 'HAPPY', 'STRATON']",STR,S363,99/2015
93,NX8305091414,04,9999,68,ANICET MUSONI,3.0,1.0,M,,BURUNGANYABIKENKE,GATETE,-9,NGARAMBE,GATETE NGARAMBE,AAABEEEGGMNRTT,"['GATETE', 'GATETE', 'ANICET', 'VICTOR', 'PANETTA']",GAT,G330,04/9999
93,NX8305091414,04,1954,68,ANICET MUSONI,3.0,1.0,M,,BIRIRAKADAHENDA,GATETE,-9,NGARAMBE,GATETE NGARAMBE,AAABEEEGGMNRTT,"['GATETE', 'GATETE', 'ANICET', 'VICTOR', 'PANETTA']",GAT,G330,04/1954
93,NXN426802652,99,1926,96,ANICET MUSONI,,,M,,BIRIRAKADAHENDA,ANICET,-9,MUSONI,ANICET MUSONI,ACEIIMNNOSTU,"['GATETE', 'GATETE', 'ANICET', 'VICTOR', 'PANETTA']",ANI,A523,99/1926
93,O4B837302508,02,1982,42,ANICET MUSONI,1.0,9.0,M,,BIRIRAKADAHENDA,VICTOR,-9,-9,VICTOR,CIORTV,"['GATETE', 'GATETE', 'ANICET', 'VICTOR', 'PANETTA']",VIC,V236,02/1982
93,OAE482894066,02,2008,14,ANICET MUSONI,6.0,9.0,M,,BIRIRAKADAHENDA,PANETTA,-9,MURENZI,PANETTA MURENZI,AAEEIMNNPRTTUZ,"['GATETE', 'GATETE', 'ANICET', 'VICTOR', 'PANETTA']",PAN,P530,02/2008
94,ODA361845172,04,9999,57,THEONESTE DIEU MUHUMUZA,2.0,12.0,M,6260476101.0,BUBAZINYAGAHINGA,MUGABO,-9,NKURUNZIZA,MUGABO NKURUNZIZA,AABGIKMNNORUUUZZ,"['MUGABO', 'THEONESTE', 'NIYOBA', 'NDEKEZI']",MUG,M210,04/9999
94,OFE002637174,10,1936,78,THEONESTE DIEU MUHUMUZA,1.0,9.0,M,6260476101.0,BUBAZINYAGAHINGA,THEONESTE,DIEU,MUHUMUZA,THEONESTE DIEU MUHUMUZA,ADEEEEHHIMMNOSTTUUUUZ,"['MUGABO', 'THEONESTE', 'NIYOBA', 'NDEKEZI']",THE,T523,10/1936
94,OGQ816772415,06,1967,55,THEONESTE DIEU MUHUMUZA,1.0,2.0,M,6260476101.0,BUBAZINYAGAHINGA,NIYOBA,-9,MUNANA,NIYOBA MUNANA,AAABIMNNNOUY,"['MUGABO', 'THEONESTE', 'NIYOBA', 'NDEKEZI']",NIY,N100,06/1967
94,OHK866073427,08,9999,69,THEONESTE DIEU MUHUMUZA,3.0,12.0,F,6260476101.0,BUBAZINYAGAHINGA,NDEKEZI,-9,NTAKIRUTIMANA,NDEKEZI NTAKIRUTIMANA,AAADEEIIIKKMNNNRTTUZ,"['MUGABO', 'THEONESTE', 'NIYOBA', 'NDEKEZI']",NDE,N322,08/9999
95,OJO925975990,99,1944,78,CASTEUR MUHOZA,2.0,3.0,M,,RWAMPARAAMAJYAMBERE,DIEUDONNE,-9,FIDELE,DIEUDONNE FIDELE,DDDEEEEFIILNNOU,"['DIEUDONNE', 'JEAN', 'CASTEUR']",DIE,D350,99/1944
95,OL9055707723,07,1961,61,CASTEUR MUHOZA,5.0,13.0,F,,RWAMPARAAMAJYAMBERE,JEAN,-9,KUBWIMANA,JEAN KUBWIMANA,AAABEIJKMNNUW,"['DIEUDONNE', 'JEAN', 'CASTEUR']",JEA,J500,07/1961
95,OMI882782875,04,1937,85,CASTEUR MUHOZA,4.0,5.0,M,,RWAMPARAAMAJYAMBERE,CASTEUR,-9,MUHOZA,CASTEUR MUHOZA,AACEHMORSTUUZ,"['DIEUDONNE', 'JEAN', 'CASTEUR']",CAS,C236,04/1937
96,OUR362817745,99,1927,95,THEOPHILE RWIGEMA,3.0,5.0,M,7935394791.0,BIRIRAKADAHENDA,THEOPHILE,-9,RWIGEMA,THEOPHILE RWIGEMA,AEEEGHHIILMOPRTW,"['THEOPHILE', 'OCTAVE', 'EGIDE']",THE,T140,99/1927
96,OYF379278649,01,9999,27,THEOPHILE RWIGEMA,2.0,1.0,M,7935394791.0,BIRIRAKADAHENDA,OCTAVE,-9,AUGUST,OCTAVE AUGUST,AACEGOSTTUUV,"['THEOPHILE', 'OCTAVE', 'EGIDE']",OCT,O231,01/9999
96,OZO595105209,99,1959,66,THEOPHILE RWIGEMA,4.0,6.0,M,7935394791.0,BIRIRAKADAHENDA,EGIDE,-9,AUGUSTIN,EGIDE AUGUSTIN,ADEEGGIINSTUU,"['THEOPHILE', 'OCTAVE', 'EGIDE']",EGI,E230,99/1959
98,P5L292039684,03,1953,69,RUHUMURIZA TWAHIRWA,,10.0,M,2344031896.0,NYAMIRAMANYAMIRAMA,RUHUMURIZA,-9,TWAHIRWA,RUHUMURIZA TWAHIRWA,AAAHHIIMRRRTUUUWWZ,"['RUHUMURIZA', 'YVES', 'MITAAKO', 'PAULINE']",RUH,R562,03/1953
98,P92395635705,03,2001,21,RUHUMURIZA TWAHIRWA,1.0,8.0,M,2344031896.0,NYAMIRAMANYAMIRAMA,YVES,-9,UMUBYEYI,YVES UMUBYEYI,BEEIMSUUVYYY,"['RUHUMURIZA', 'YVES', 'MITAAKO', 'PAULINE']",YVE,Y120,03/2001
98,PAI865878097,08,1955,67,RUHUMURIZA TWAHIRWA,3.0,,F,2344031896.0,NYAMIRAMANYAMIRAMA,MITAAKO,-9,KAREGA,MITAAKO KAREGA,AAAAEGIKKMORT,"['RUHUMURIZA', 'YVES', 'MITAAKO', 'PAULINE']",MIT,M320,08/1955
98,PFO608670572,11,1977,48,RUHUMURIZA TWAHIRWA,3.0,6.0,F,2344031896.0,NYAMIRAMANYAMIRAMA,PAULINE,-9,RURANGWA,PAULINE RURANGWA,AAAEGILNNPRRUUW,"['RUHUMURIZA', 'YVES', 'MITAAKO', 'PAULINE']",PAU,P450,11/1977
99,PG4857214284,99,1973,40,HAKIZIMANA UWAMAHORO,4.0,10.0,F,,TABANGENDO,AUDREY,-9,ISHIMWE,AUDREY ISHIMWE,ADEEHIIMRSUWY,"['AUDREY', 'SANA', 'HAKIZIMANA']",AUD,A360,99/1973
99,PI7765137057,07,9999,36,HAKIZIMANA UWAMAHORO,4.0,10.0,M,,TABANGENDO,SANA,-9,-9,SANA,AANS,"['AUDREY', 'SANA', 'HAKIZIMANA']",SAN,S500,07/9999
99,PJB553988954,07,9999,71,HAKIZIMANA UWAMAHORO,3.0,9.0,M,,TABANGENDO,HAKIZIMANA,-9,UWAMAHORO,HAKIZIMANA UWAMAHORO,AAAAAHHIIKMMNOORUWZ,"['AUDREY', 'SANA', 'HAKIZIMANA']",HAK,H225,07/9999
100,PJZ196198818,11,1998,24,SHYAKA FRED MUTESI,5.0,5.0,M,,AYABARAYANYAMYIJIMA,AZIUM,-9,-9,AZIUM,AIMUZ,"['AZIUM', 'SHAKA', 'KWIZERA', 'NZIZA']",AZI,A250,11/1998
100,POA696742008,03,1935,87,SHYAKA FRED MUTESI,3.0,3.0,M,,AYABARAYANYAMYIJIMA,SHAKA,FRED,MUTSI,SHAKA FRED MUTSI,AADEFHIKMRSSTU,"['AZIUM', 'SHAKA', 'KWIZERA', 'NZIZA']",SHA,S200,03/1935
100,PPD546377743,01,1979,43,SHYAKA FRED MUTESI,4.0,,M,,AYABARAYANYAMYIJIMA,KWIZERA,-9,UWASE,KWIZERA UWASE,AAEEIKRSUWWZ,"['AZIUM', 'SHAKA', 'KWIZERA', 'NZIZA']",KWI,K260,01/1979
100,PSL294205071,99,1991,31,SHYAKA FRED MUTESI,2.0,7.0,M,,AYABARAYANYAMYIJIMA,NZIZA,-9,PHOCAS,NZIZA PHOCAS,AACHINOPSZZ,"['AZIUM', 'SHAKA', 'KWIZERA', 'NZIZA']",NZI,N220,99/1991
101,PTO172058966,07,1935,87,RWAKAGEYO GATETE,7.0,,M,,NGIRYIUWANYANGE,KAMANZI,MORGAN,MUNEZERO,KAMANZI MORGAN MUNEZERO,AAAEEGIKMMMNNNOORRUZZ,"['KAMANZI', 'RWAKAG', 'HASSAN', 'JEAN']",KAM,K552,07/1935
101,PTQ259347601,99,1925,99,RWAKAGEYO GATETE,6.0,5.0,M,,NGIRYIUWANYANGE,RWAKAG,-9,GATETE,RWAKAG GATETE,AAAEEGGKRTTW,"['KAMANZI', 'RWAKAG', 'HASSAN', 'JEAN']",RWA,R220,99/1925
101,PY6907310149,10,9999,87,RWAKAGEYO GATETE,1.0,13.0,M,,NGIRYIUWANYANGE,HASSAN,-9,-9,HASSAN,AAHNSS,"['KAMANZI', 'RWAKAG', 'HASSAN', 'JEAN']",HAS,H250,10/9999
101,PYI578113137,99,9999,62,RWAKAGEYO GATETE,5.0,11.0,M,,NGIRYIUWANYANGE,JEAN,BERTRAND,ALEXIS,JEAN BERTRAND ALEXIS,AAABDEEEIJLNNRRSTX,"['KAMANZI', 'RWAKAG', 'HASSAN', 'JEAN']",JEA,J500,99/9999
102,Q0U436604047,99,1950,75,PATIENCE HITIMANA,5.0,10.0,M,2013817813.0,BURIMAMIRAMBI,NIYERA,-9,GATSINZI,NIYERA GATSINZI,AAEGIIINNRSTYZ,"['NIYERA', 'GERVAIS', 'PATIENCE', 'NGABONZIZA']",NIY,N600,99/1950
102,Q4V491559268,01,1936,86,PATIENCE HITIMANA,7.0,12.0,M,2013817813.0,BURIMAMIRAMBI,GERVAIS,-9,MUHIRE,GERVAIS MUHIRE,AEEGHIIMRRSUV,"['NIYERA', 'GERVAIS', 'PATIENCE', 'NGABONZIZA']",GER,G612,01/1936
102,Q8H866728564,99,1963,89,PATIENCE HITIMANA,6.0,7.0,M,2013817813.0,BURIMAMIRAMBI,PATIENCE,-9,HITIMANA,PATIENCE HITIMANA,AAACEEHIIIMNNPTT,"['NIYERA', 'GERVAIS', 'PATIENCE', 'NGABONZIZA']",PAT,P352,99/1963
102,QCZ690027008,99,1986,36,PATIENCE HITIMANA,7.0,3.0,M,2013817813.0,BURIMAMIRAMBI,NGABONZIZA,-9,MAHORO,NGABONZIZA MAHORO,AAABGHIMNNOOORZZ,"['NIYERA', 'GERVAIS', 'PATIENCE', 'NGABONZIZA']",NGA,N215,99/1986
103,QGB914972044,07,1954,68,DANIEL NSENGIYUMVA,6.0,7.0,M,,KAMATAMURWINZOVU,DANIEL,-9,NSENGIYUMVA,DANIEL NSENGIYUMVA,AADEEGIILMNNNSUVY,"['DANIEL', 'SHYAKA', 'DIDIER', 'HABIMANA']",DAN,D540,07/1954
103,QGU272139962,07,1970,15,DANIEL NSENGIYUMVA,6.0,13.0,M,,KAMATAMURWINZOVU,SHYAKA,-9,MESIGYE,SHYAKA MESIGYE,AAEEGHIKMSSYY,"['DANIEL', 'SHYAKA', 'DIDIER', 'HABIMANA']",SHY,S200,07/1970
103,QHP822356742,10,1986,44,DANIEL NSENGIYUMVA,1.0,13.0,M,,KAMATAMURWINZOVU,DIDIER,-9,MUZUNGU,DIDIER MUZUNGU,DDEGIIMNRUUUZ,"['DANIEL', 'SHYAKA', 'DIDIER', 'HABIMANA']",DID,D360,10/1986
103,QLD852189557,10,9999,99,DANIEL NSENGIYUMVA,6.0,7.0,M,,KAMATAMURWINZOVU,HABIMANA,-9,MUGISHA,HABIMANA MUGISHA,AAAABGHHIIMMNSU,"['DANIEL', 'SHYAKA', 'DIDIER', 'HABIMANA']",HAB,H155,10/9999
104,QLY217262393,99,1930,93,THEONEST NIYONSABA,3.0,11.0,,,KIBINGONKOTO,CEDRIC,-9,-9,CEDRIC,CCDEIR,"['CEDRIC', 'ANNE', 'HAPPY', 'THEONEST', 'ALPHA']",CED,C362,99/1930
104,QME649042179,03,1953,71,THEONEST NIYONSABA,1.0,,F,,KIBINGONKOTO,ANNE,-9,NDAYAMBAJE,ANNE NDAYAMBAJE,AAAABDEEJMNNNY,"['CEDRIC', 'ANNE', 'HAPPY', 'THEONEST', 'ALPHA']",ANN,A500,03/1953
104,QP0317195338,99,1990,32,THEONEST NIYONSABA,7.0,5.0,F,,KIBINGONKOTO,HAPPY,NTWARI,NIZEYIMANA,HAPPY NTWARI NIZEYIMANA,AAAAEHIIIMNNNPPRTWYYZ,"['CEDRIC', 'ANNE', 'HAPPY', 'THEONEST', 'ALPHA']",HAP,H100,99/1990
104,QQB029990143,09,1927,95,THEONEST NIYONSABA,1.0,9.0,M,,KIBINGONKOTO,THEONEST,-9,NIYONSABA,THEONEST NIYONSABA,AABEEHINNNOOSSTTY,"['CEDRIC', 'ANNE', 'HAPPY', 'THEONEST', 'ALPHA']",THE,T523,09/1927
104,QRU111374423,01,2021,1,THEONEST NIYONSABA,6.0,13.0,M,,KIBINGONKOTO,ALPHA,-9,ISHIMWE,ALPHA ISHIMWE,AAEHHIILMPSW,"['CEDRIC', 'ANNE', 'HAPPY', 'THEONEST', 'ALPHA']",ALP,A410,01/2021
105,QTW200819721,11,1984,38,RUKAKA JONAS ALICE,5.0,4.0,M,8988993267.0,GASEKEDUTWE,JER,-9,GERVAIS,JER GERVAIS,AEEGIJRRSV,"['JER', 'RUKAKA']",JER,J600,11/1984
105,R4X025652010,99,1959,63,RUKAKA JONAS ALICE,7.0,7.0,M,8988993267.0,GASEKEDUTWE,RUKAKA,JOS,ALICE,RUKAKA JOS ALICE,AAACEIJKKLORSU,"['JER', 'RUKAKA']",RUK,R220,99/1959
106,R8D029224263,04,9999,13,BALYEJJUSA SANO,6.0,10.0,F,,BUNGWEGAKERI,BALYEJJUSA,-9,SANO,BALYEJJUSA SANO,AAABEJJLNOSSUY,"['BALYEJJUSA', 'BALYEJJUSA']",BAL,B422,04/9999
106,R8D029224263,04,9999,13,BALYEJJUSA SANO,6.0,10.0,M,,KARAMBIRAMBYANYANA,BALYEJJUSA,-9,SANO,BALYEJJUSA SANO,AAABEJJLNOSSUY,"['BALYEJJUSA', 'BALYEJJUSA']",BAL,B422,04/9999
108,RA9972698494,99,9999,46,AMZA DONAT,2.0,6.0,F,1417713511.0,RANGOMATINZA,FILONNE,-9,CELESTIN,FILONNE CELESTIN,CEEEFIILLNNNOST,"['FILONNE', 'BALTHAZAR', 'NENE', 'AMZA']",FIL,F450,99/9999
108,RC6288027780,99,1965,57,AMZA DONAT,3.0,9.0,M,1417713511.0,RANGOMATINZA,BALTHAZAR,-9,SABITI,BALTHAZAR SABITI,AAAABBHIILRSTTZ,"['FILONNE', 'BALTHAZAR', 'NENE', 'AMZA']",BAL,B432,99/1965
108,RCH092616282,08,1949,73,AMZA DONAT,6.0,12.0,M,1417713511.0,RANGOMATINZA,NENE,-9,MUGENI,NENE MUGENI,EEEGIMNNNU,"['FILONNE', 'BALTHAZAR', 'NENE', 'AMZA']",NEN,N500,08/1949
108,RF4384861115,11,1929,93,AMZA DONAT,2.0,2.0,M,1417713511.0,RANGOMATINZA,AMZA,-9,DONAT,AMZA DONAT,AAADMNOTZ,"['FILONNE', 'BALTHAZAR', 'NENE', 'AMZA']",AMZ,A520,11/1929
109,RG9658314052,08,1983,39,PAUL BYIRINGIRO,6.0,,M,9425637256.0,CYANGUGUGATOVU,AMON,-9,-9,AMON,AMNO,"['AMON', 'ALINE', 'ERNEST', 'PAUL', 'KELVIN']",AMO,A550,08/1983
109,RGJ840811576,99,9999,46,PAUL BYIRINGIRO,3.0,6.0,F,9425637256.0,CYANGUGUGATOVU,ALINE,-9,NIYIBIZI,ALINE NIYIBIZI,ABEIIIIILNNYZ,"['AMON', 'ALINE', 'ERNEST', 'PAUL', 'KELVIN']",ALI,A450,99/9999
109,RJZ849988118,99,2009,13,PAUL BYIRINGIRO,6.0,3.0,M,9425637256.0,CYANGUGUGATOVU,ERNEST,-9,JEROME,ERNEST JEROME,EEEEJMNORRST,"['AMON', 'ALINE', 'ERNEST', 'PAUL', 'KELVIN']",ERN,E652,99/2009
109,RMD520503742,99,9999,56,PAUL BYIRINGIRO,1.0,6.0,M,9425637256.0,CYANGUGUGATOVU,PAUL,-9,-9,PAUL,ALPU,"['AMON', 'ALINE', 'ERNEST', 'PAUL', 'KELVIN']",PAU,P400,99/9999
109,RND913949932,09,2005,17,PAUL BYIRINGIRO,,1.0,M,9425637256.0,CYANGUGUGATOVU,KELVIN,-9,NGABONZIZA,KELVIN NGABONZIZA,AABEGIIKLNNNOVZZ,"['AMON', 'ALINE', 'ERNEST', 'PAUL', 'KELVIN']",KEL,K415,09/2005
110,RPJ138013138,01,1975,49,MARTHA UMULISA,3.0,5.0,F,8772772207.0,AKAZIBANYAGASOZI,-9,-9,UMULISA,UMULISA,AILMSUU,"['-9', 'JACKY']",-9,-9,01/1975
110,RQV384562745,99,9999,34,MARTHA UMULISA,1.0,8.0,F,8772772207.0,AKAZIBANYAGASOZI,JACKY,-9,KAYIRANGA,JACKY KAYIRANGA,AAAACGIJKKNRYY,"['-9', 'JACKY']",JAC,J200,99/9999
111,RVD205716171,11,1922,100,ISIDORE TUMUSIIME,3.0,7.0,M,3258379988.0,MUNANIRAMATABA,ISIDORE,-9,TUMUSIIME,ISIDORE TUMUSIIME,DEEIIIIMMORSSTUU,"['ISIDORE', 'GASORE', 'NDEKEZI', 'NDEKEZI', '-9', 'FABRICE']",ISI,I236,11/1922
111,RXS414564601,05,1979,43,ISIDORE TUMUSIIME,7.0,12.0,M,3258379988.0,MUNANIRAMATABA,GASORE,-9,HAKIZIMANA,GASORE HAKIZIMANA,AAAAEGHIIKMNORSZ,"['ISIDORE', 'GASORE', 'NDEKEZI', 'NDEKEZI', '-9', 'FABRICE']",GAS,G260,05/1979
111,RZ7476270582,11,1999,23,ISIDORE TUMUSIIME,3.0,,M,3258379988.0,KIGABIRORYARUTSINZI,NDEKEZI,-9,DUSABE,NDEKEZI DUSABE,ABDDEEEIKNSUZ,"['ISIDORE', 'GASORE', 'NDEKEZI', 'NDEKEZI', '-9', 'FABRICE']",NDE,N322,11/1999
111,RZ7476270582,11,2001,23,ISIDORE TUMUSIIME,3.0,11.0,M,3258379988.0,MUNANIRAMATABA,NDEKEZI,-9,DUSABE,NDEKEZI DUSABE,ABDDEEEIKNSUZ,"['ISIDORE', 'GASORE', 'NDEKEZI', 'NDEKEZI', '-9', 'FABRICE']",NDE,N322,11/2001
111,RZU020531600,10,1953,69,ISIDORE TUMUSIIME,7.0,,F,3258379988.0,MUNANIRAMATABA,-9,MUTEGARABA,MUGABO,MUTEGARABA MUGABO,AAAABBEGGMMORTUU,"['ISIDORE', 'GASORE', 'NDEKEZI', 'NDEKEZI', '-9', 'FABRICE']",-9,-9,10/1953
111,S1H788498835,10,1998,24,ISIDORE TUMUSIIME,,12.0,M,3258379988.0,MUNANIRAMATABA,FABRICE,-9,NZEYIMANA,FABRICE NZEYIMANA,AAABCEEFIIMNNRYZ,"['ISIDORE', 'GASORE', 'NDEKEZI', 'NDEKEZI', '-9', 'FABRICE']",FAB,F162,10/1998
112,S51534359000,12,2008,14,CARENE INGABIRE,6.0,7.0,F,,MBABESANGANO,DIVINE,-9,NSENGIMANA,DIVINE NSENGIMANA,AADEEGIIIMNNNNSV,"['DIVINE', 'AMIR', 'CARENE', 'MUGWANEZA', 'NSHIMIYE']",DIV,D150,12/2008
112,S5C306560715,02,1931,91,CARENE INGABIRE,4.0,1.0,M,,MBABESANGANO,AMIR,-9,KALISA,AMIR KALISA,AAAIIKLMRS,"['DIVINE', 'AMIR', 'CARENE', 'MUGWANEZA', 'NSHIMIYE']",AMI,A560,02/1931
112,S5D785119961,04,1921,101,CARENE INGABIRE,4.0,7.0,F,,MBABESANGANO,CARENE,-9,INGABIRE,CARENE INGABIRE,AABCEEEGIINNRR,"['DIVINE', 'AMIR', 'CARENE', 'MUGWANEZA', 'NSHIMIYE']",CAR,C650,04/1921
112,S9T271791358,99,1976,46,CARENE INGABIRE,5.0,12.0,F,,MBABESANGANO,MUGWANEZA,-9,SOLANGE,MUGWANEZA SOLANGE,AAAEEGGLMNNOSUWZ,"['DIVINE', 'AMIR', 'CARENE', 'MUGWANEZA', 'NSHIMIYE']",MUG,M252,99/1976
112,SAF571165902,09,9999,87,CARENE INGABIRE,2.0,5.0,F,,MBABESANGANO,NSHIMIYE,-9,NDAGIJIMANA,NSHIMIYE NDAGIJIMANA,AAADEGHIIIIJMMNNNSY,"['DIVINE', 'AMIR', 'CARENE', 'MUGWANEZA', 'NSHIMIYE']",NSH,N250,09/9999
113,SAJ796567356,06,9999,17,SONIA UWIMANA,6.0,2.0,M,4328092938.0,BIBAREURUTAMBI,MBABAZI,ROGER,DEO,MBABAZI ROGER DEO,AABBDEEGIMOORRZ,"['MBABAZI', 'MATABARO', 'SONIA', 'FULGENCE']",MBA,M112,06/9999
113,SBX136680356,07,1951,71,SONIA UWIMANA,3.0,4.0,M,4328092938.0,BIBAREURUTAMBI,MATABARO,-9,NIYIGENA,MATABARO NIYIGENA,AAAABEGIIMNNORTY,"['MBABAZI', 'MATABARO', 'SONIA', 'FULGENCE']",MAT,M316,07/1951
113,SKT543282508,09,1940,82,SONIA UWIMANA,,1.0,F,4328092938.0,BIBAREURUTAMBI,SONIA,-9,UWIMANA,SONIA UWIMANA,AAAIIMNNOSUW,"['MBABAZI', 'MATABARO', 'SONIA', 'FULGENCE']",SON,S500,09/1940
113,SM9861949398,03,1968,56,SONIA UWIMANA,2.0,4.0,M,4328092938.0,BIBAREURUTAMBI,FULGENCE,-9,KANEZA,FULGENCE KANEZA,AACEEEFGKLNNUZ,"['MBABAZI', 'MATABARO', 'SONIA', 'FULGENCE']",FUL,F425,03/1968
114,SMQ659172632,12,1928,22,ADEODATUS UMUHOZA,2.0,4.0,M,,MAGERAGERENYARUSANGE,HATEGEKIMANA,BEAUFIL,NIYONSENGA,HATEGEKIMANA BEAUFIL NIYONSENGA,AAAAABEEEEFGGHIIIKLMNNNNOSTUY,"['HATEGEKIMANA', 'NZIMANA', '-9', 'FLORIEN']",HAT,H322,12/1928
114,SOV385123176,04,9999,36,ADEODATUS UMUHOZA,7.0,11.0,M,,MAGERAGERENYARUSANGE,NZIMANA,-9,CLARISSE,NZIMANA CLARISSE,AAACEIILMNNRSSZ,"['HATEGEKIMANA', 'NZIMANA', '-9', 'FLORIEN']",NZI,N255,04/9999
114,SXE836351258,06,9999,78,ADEODATUS UMUHOZA,2.0,6.0,M,,MAGERAGERENYARUSANGE,-9,-9,UMUHOZA,UMUHOZA,AHMOUUZ,"['HATEGEKIMANA', 'NZIMANA', '-9', 'FLORIEN']",-9,-9,06/9999
114,T15039566502,11,2004,77,ADEODATUS UMUHOZA,5.0,10.0,M,,MAGERAGERENYARUSANGE,FLORIEN,-9,MUGABE,FLORIEN MUGABE,ABEEFGILMNORU,"['HATEGEKIMANA', 'NZIMANA', '-9', 'FLORIEN']",FLO,F465,11/2004
115,T2S139834578,99,1983,39,INNOCENT TWAHIRWA,1.0,7.0,M,,TABANGENDO,INNOCENT,-9,TWAHIRWA,INNOCENT TWAHIRWA,AACEHIINNNORTTWW,"['INNOCENT', 'KARENZI', 'MBONEKO', 'MBONEKO']",INN,I525,99/1983
115,T8A117098010,11,2001,21,INNOCENT TWAHIRWA,,1.0,M,,TABANGENDO,KARENZI,-9,MUKESHIMANA,KARENZI MUKESHIMANA,AAAEEHIIKKMMNNRSUZ,"['INNOCENT', 'KARENZI', 'MBONEKO', 'MBONEKO']",KAR,K652,11/2001
115,TAG286724411,99,2006,16,INNOCENT TWAHIRWA,6.0,13.0,M,,TABANGENDO,MBONEKO,-9,UWIZEYE,MBONEKO UWIZEYE,BEEEIKMNOOUWYZ,"['INNOCENT', 'KARENZI', 'MBONEKO', 'MBONEKO']",MBO,M152,99/2006
115,TAG286724411,99,1943,18,INNOCENT TWAHIRWA,6.0,,F,,BURIMAMIRAMBI,MBONEKO,-9,UWIZEYE,MBONEKO UWIZEYE,BEEEIKMNOOUWYZ,"['INNOCENT', 'KARENZI', 'MBONEKO', 'MBONEKO']",MBO,M152,99/1943
116,TAW443852821,05,1973,49,PRUDENCE STRATON,2.0,11.0,M,6996074114.0,RWOTSOSARUHEMBE,RAYMOND,-9,BERTIN,RAYMOND BERTIN,ABDEIMNNORRTY,"['RAYMOND', 'ALEXANDRE', 'PRUDENCE']",RAY,R553,05/1973
116,TBC653440977,12,1981,41,PRUDENCE STRATON,4.0,11.0,M,6996074114.0,RWOTSOSARUHEMBE,ALEXANDRE,-9,GANZA,ALEXANDRE GANZA,AAAADEEGLNNRXZ,"['RAYMOND', 'ALEXANDRE', 'PRUDENCE']",ALE,A425,12/1981
116,TFV491302795,01,1930,55,PRUDENCE STRATON,,,M,6996074114.0,RWOTSOSARUHEMBE,PRUDENCE,-9,STRATON,PRUDENCE STRATON,ACDEENNOPRRSTTU,"['RAYMOND', 'ALEXANDRE', 'PRUDENCE']",PRU,P635,01/1930
117,THL452038804,99,1998,24,MUGABO KAYIRANGA,2.0,2.0,M,,BIBAREURUTAMBI,NTIBAZRIKANAMISAGO,-9,RUTAYISIRE,NTIBAZRIKANAMISAGO RUTAYISIRE,AAAAABEGIIIIIKMNNORRRSSTTUYZ,"['NTIBAZRIKANAMISAGO', 'FAUSTINO', 'MUGABO', 'PIERRE', 'CARINE']",NTI,N312,99/1998
117,TJX393272988,03,2018,55,MUGABO KAYIRANGA,6.0,3.0,,,BIBAREURUTAMBI,FAUSTINO,-9,NAHIMANA,FAUSTINO NAHIMANA,AAAAFHIIMNNNOSTU,"['NTIBAZRIKANAMISAGO', 'FAUSTINO', 'MUGABO', 'PIERRE', 'CARINE']",FAU,F235,03/2018
117,TKK707668306,04,1921,101,MUGABO KAYIRANGA,7.0,12.0,M,,BIBAREURUTAMBI,MUGABO,-9,KAYIRANGA,MUGABO KAYIRANGA,AAAABGGIKMNORUY,"['NTIBAZRIKANAMISAGO', 'FAUSTINO', 'MUGABO', 'PIERRE', 'CARINE']",MUG,M210,04/1921
117,TKM817842398,12,1965,59,MUGABO KAYIRANGA,2.0,7.0,M,,BIBAREURUTAMBI,PIERRE,DANIS,MOSES,PIERRE DANIS MOSES,ADEEEIIMNOPRRSSS,"['NTIBAZRIKANAMISAGO', 'FAUSTINO', 'MUGABO', 'PIERRE', 'CARINE']",PIE,P600,12/1965
117,TPR582499973,10,1958,64,MUGABO KAYIRANGA,7.0,12.0,F,,BIBAREURUTAMBI,CARINE,-9,MUHOZA,CARINE MUHOZA,AACEHIMNORUZ,"['NTIBAZRIKANAMISAGO', 'FAUSTINO', 'MUGABO', 'PIERRE', 'CARINE']",CAR,C650,10/1958
118,TRG485221187,99,1929,88,GASIMBA JEAN,4.0,13.0,M,,BIBAREUBWIZA,GASIMBA,-9,JEAN,GASIMBA JEAN,AAABEGIJMNS,"['GASIMBA', 'CLAUDIEN', 'MUTANGUHA', 'MUSABYIMANA']",GAS,G251,99/1929
118,TS1999290266,99,1986,4,GASIMBA JEAN,6.0,10.0,M,,BIBAREUBWIZA,CLAUDIEN,-9,NIYOA,CLAUDIEN NIYOA,AACDEIILNNOUY,"['GASIMBA', 'CLAUDIEN', 'MUTANGUHA', 'MUSABYIMANA']",CLA,C435,99/1986
118,TUN003090092,09,9999,78,GASIMBA JEAN,5.0,5.0,M,,BIBAREUBWIZA,MUTANGUHA,-9,NSABIMANA,MUTANGUHA NSABIMANA,AAAAABGHIMMNNNSTUU,"['GASIMBA', 'CLAUDIEN', 'MUTANGUHA', 'MUSABYIMANA']",MUT,M352,09/9999
118,TUY778373004,07,1989,33,GASIMBA JEAN,,10.0,F,,BIBAREUBWIZA,MUSABYIMANA,-9,UWAMAHORO,MUSABYIMANA UWAMAHORO,AAAAABHIMMMNOORSUUWY,"['GASIMBA', 'CLAUDIEN', 'MUTANGUHA', 'MUSABYIMANA']",MUS,M215,07/1989
119,TWB196085904,99,1973,49,JEAN PAUL KAGABO,3.0,7.0,M,6045461494.0,RWESEROBENGAZI,ILDEPHONSE,-9,VIANNEY,ILDEPHONSE VIANNEY,ADEEEHIILNNNOPSVY,"['ILDEPHONSE', 'RUZIGANA', 'DIANE', 'JEAN']",ILD,I431,99/1973
119,TXL156862997,10,9999,47,JEAN PAUL KAGABO,1.0,1.0,M,6045461494.0,RWESEROBENGAZI,RUZIGANA,BENIT,NZEYIMANA,RUZIGANA BENIT NZEYIMANA,AAAABEEGIIIMNNNNRTUYZZ,"['ILDEPHONSE', 'RUZIGANA', 'DIANE', 'JEAN']",RUZ,R225,10/9999
119,TYK263048021,07,1941,32,JEAN PAUL KAGABO,6.0,7.0,F,6045461494.0,RWESEROBENGAZI,DIANE,-9,MUSONI,DIANE MUSONI,ADEIIMNNOSU,"['ILDEPHONSE', 'RUZIGANA', 'DIANE', 'JEAN']",DIA,D500,07/1941
119,U1J324495274,99,1968,57,JEAN PAUL KAGABO,7.0,2.0,M,6045461494.0,RWESEROBENGAZI,JEAN,PAUL,-9,JEAN PAUL,AAEJLNPU,"['ILDEPHONSE', 'RUZIGANA', 'DIANE', 'JEAN']",JEA,J500,99/1968
120,U3Y061785783,05,1958,64,UWIMBABAZI UWIMANA,7.0,5.0,M,3928375767.0,BUSHAKAGASEKE,VALENS,-9,TETA,VALENS TETA,AAEELNSTTV,"['VALENS', 'UWIMBABAZI']",VAL,V452,05/1958
120,U6N845881823,99,1955,68,UWIMBABAZI UWIMANA,6.0,6.0,F,3928375767.0,BUSHAKAGASEKE,UWIMBABAZI,-9,UWIMANA,UWIMBABAZI UWIMANA,AAAABBIIIMMNUUWWZ,"['VALENS', 'UWIMBABAZI']",UWI,U511,99/1955
121,U8O137386746,04,2002,23,ELIJAH SAIDI,,4.0,M,,RWIMBOGONYANDUNGU,ELIJAH,-9,SAIDI,ELIJAH SAIDI,AADEHIIIJLS,"['ELIJAH', 'MUKOBWAJANA']",ELI,E420,04/2002
121,UBS444160981,07,1934,20,MUKOBWAJANA EMANUEL,4.0,7.0,F,,RWIMBOGONYANDUNGU,MUKOBWAJANA,-9,EMANUEL,MUKOBWAJANA EMANUEL,AAAABEEJKLMMNNOUUW,"['ELIJAH', 'MUKOBWAJANA']",MUK,M212,07/1934
122,UK1724976801,12,1984,38,MOISE TURAHIRWA EMMANUEL,1.0,,M,9978902379.0,GATARAMAGITABA,KAGABO,-9,ROBERT,KAGABO ROBERT,AABBEGKOORRT,"['KAGABO', 'KAGABO', 'MOISE', 'DOMINICK']",KAG,K210,12/1984
122,UK1724976801,07,1992,38,MOISE TURAHIRWA EMMANUEL,1.0,4.0,F,9978902379.0,CYARUKARAGISOZI,KAGABO,-9,ROBERT,KAGABO ROBERT,AABBEGKOORRT,"['KAGABO', 'KAGABO', 'MOISE', 'DOMINICK']",KAG,K210,07/1992
122,UK8776234289,06,1934,94,MOISE TURAHIRWA EMMANUEL,1.0,9.0,M,9978902379.0,CYARUKARAGISOZI,MOISE,TURAHIRWA,EMMANUEL,MOISE TURAHIRWA EMMANUEL,AAAEEEHIILMMMNORRSTUUW,"['KAGABO', 'KAGABO', 'MOISE', 'DOMINICK']",MOI,M200,06/1934
122,UMI605636413,04,1966,56,MOISE TURAHIRWA EMMANUEL,3.0,,M,9978902379.0,CYARUKARAGISOZI,DOMINICK,-9,HODARI,DOMINICK HODARI,ACDDHIIIKMNOOR,"['KAGABO', 'KAGABO', 'MOISE', 'DOMINICK']",DOM,D552,04/1966
123,UOH194282598,99,2005,17,MULEKATETE KAMBANDA,,8.0,M,9534192387.0,GATAGARANYAMUKO,FREDY,BOB,NIYONSENGA,FREDY BOB NIYONSENGA,ABBDEEFGINNNOORSYY,"['FREDY', 'PROSPER', 'MULEKATETE']",FRE,F630,99/2005
123,UOY942153558,08,1985,37,MULEKATETE KAMBANDA,5.0,4.0,M,9534192387.0,GATAGARANYAMUKO,PROSPER,-9,MUKASA,PROSPER MUKASA,AAEKMOPPRRSSU,"['FREDY', 'PROSPER', 'MULEKATETE']",PRO,P621,08/1985
123,UU4607919610,07,1940,74,MULEKATETE KAMBANDA,2.0,7.0,F,9534192387.0,GATAGARANYAMUKO,MULEKATETE,-9,KAMBANDA,MULEKATETE KAMBANDA,AAAABDEEEKKLMMNTTU,"['FREDY', 'PROSPER', 'MULEKATETE']",MUL,M423,07/1940
124,UV7677325357,01,1936,86,NADINE HITIMANA,7.0,12.0,F,1865430883.0,MUHOROROBUKOMERO,NADINE,-9,HITIMANA,NADINE HITIMANA,AAADEHIIIMNNNT,"['NADINE', 'ALAIN']",NAD,N350,01/1936
124,UXI140124518,99,2002,20,NADINE HITIMANA,6.0,10.0,M,,MUHOROROBUKOMERO,ALAIN,-9,UMUTESI,ALAIN UMUTESI,AAEIILMNSTUU,"['NADINE', 'ALAIN']",ALA,A450,99/2002
125,V4E363719696,04,1942,80,PATIENT GATERA,4.0,12.0,M,,BUNGWEGAKERI,PATIENT,-9,GATERA,PATIENT GATERA,AAAEEGINPRTTT,"['PATIENT', 'RUSANGANWA', '-9']",PAT,P353,04/1942
125,V6Q210501692,01,1999,45,PATIENT GATERA,1.0,5.0,M,,BUNGWEGAKERI,RUSANGANWA,-9,BUTERA,RUSANGANWA BUTERA,AAAABEGNNRRSTUUW,"['PATIENT', 'RUSANGANWA', '-9']",RUS,R252,01/1999
125,VBX991688484,08,2001,21,PATIENT GATERA,7.0,12.0,F,,BUNGWEGAKERI,-9,-9,NDAYAMBAJE,NDAYAMBAJE,AAABDEJMNY,"['PATIENT', 'RUSANGANWA', '-9']",-9,-9,08/2001
126,VDF830958173,12,1990,33,UWASE INGABIRE,7.0,3.0,M,,RUDASHYAKACYINYAGA,FRANCK,-9,ERIC,FRANCK ERIC,ACCEFIKNRR,"['FRANCK', '-9']",FRA,F652,12/1990
126,VEJ207994397,02,1985,37,UWASE INGABIRE,7.0,12.0,F,,RUDASHYAKACYINYAGA,-9,-9,INGABIRE,INGABIRE,ABEGIINR,"['FRANCK', '-9']",-9,-9,02/1985
127,VNE464708670,10,1978,44,DAVID KAZUNGU,4.0,2.0,M,3544073850.0,NYANKURAZONYAGAHANGA,BEN,ALPHONSE,HATUNGIMANA,BEN ALPHONSE HATUNGIMANA,AAAABEEGHHILMNNNNOPSTU,"['BEN', 'BEN', 'DAVID', 'FABIEN']",BEN,B500,10/1978
127,VNE464708670,10,1978,44,DAVID KAZUNGU,,2.0,M,3544073850.0,MUGATAREKUMUNINI,BEN,ALPHONSE,HATUNGIMANA,BEN ALPHONSE HATUNGIMANA,AAAABEEGHHILMNNNNOPSTU,"['BEN', 'BEN', 'DAVID', 'FABIEN']",BEN,B500,10/1978
127,VOY410550152,11,1974,48,DAVID KAZUNGU,2.0,1.0,M,3544073850.0,MUGATAREKUMUNINI,DAVID,-9,KAZUNGU,DAVID KAZUNGU,AADDGIKNUUVZ,"['BEN', 'BEN', 'DAVID', 'FABIEN']",DAV,D130,11/1974
127,VP1709587617,09,2007,15,DAVID KAZUNGU,6.0,9.0,M,,MUGATAREKUMUNINI,FABIEN,-9,-9,FABIEN,ABEFIN,"['BEN', 'BEN', 'DAVID', 'FABIEN']",FAB,F150,09/2007
129,VSG943673960,04,1980,42,DEMETRIOUS CELESTIN,1.0,13.0,M,,CYARUKARAGISOZI,DEMETRIOUS,-9,BYIRINGIRO,DEMETRIOUS BYIRINGIRO,BDEEGIIIIMNOORRRSTUY,"['DEMETRIOUS', 'DEMETRIOUS', 'TUYISHIME']",DEM,D536,04/1980
129,VV9851331001,99,1954,68,DEMETRIOUS CELESTIN,3.0,4.0,M,6479500165.0,CYARUKARAGISOZI,DEMETRIOUS,-9,CELESTIN,DEMETRIOUS CELESTIN,CDEEEEIILMNORSSTTU,"['DEMETRIOUS', 'DEMETRIOUS', 'TUYISHIME']",DEM,D536,99/1954
129,VVF911261402,12,9999,35,DEMETRIOUS CELESTIN,2.0,11.0,F,6479500165.0,CYARUKARAGISOZI,TUYISHIME,-9,ERNEST,TUYISHIME ERNEST,EEEHIIMNRSSTTUY,"['DEMETRIOUS', 'DEMETRIOUS', 'TUYISHIME']",TUY,T250,12/9999
132,WIU331504225,08,1957,65,MUHUZA CLEMENT MULINDA,5.0,10.0,M,2601462082.0,GATABAKEBERO,DEDAN,-9,NIYIGENA,DEDAN NIYIGENA,AADDEEGIINNNY,"['DEDAN', 'MUHUZA', 'CALEB', 'MUGABO', 'RUTH', 'RUTH']",DED,D350,08/1957
132,WIX704378775,99,9999,94,MUHUZA CLEMENT MULINDA,1.0,3.0,M,2601462082.0,GATABAKEBERO,MUHUZA,CLEMENT,MULINDA,MUHUZA CLEMENT MULINDA,AACDEEHILLMMMNNTUUUZ,"['DEDAN', 'MUHUZA', 'CALEB', 'MUGABO', 'RUTH', 'RUTH']",MUH,M200,99/9999
132,WJO341716797,08,1977,45,MUHUZA CLEMENT MULINDA,5.0,5.0,M,2601462082.0,GATABAKEBERO,CALEB,-9,UMULISA,CALEB UMULISA,AABCEILLMSUU,"['DEDAN', 'MUHUZA', 'CALEB', 'MUGABO', 'RUTH', 'RUTH']",CAL,C410,08/1977
132,WK6728563159,05,1939,83,MUHUZA CLEMENT MULINDA,3.0,1.0,,2601462082.0,GATABAKEBERO,MUGABO,-9,NIYIBIZI,MUGABO NIYIBIZI,ABBGIIIIMNOUYZ,"['DEDAN', 'MUHUZA', 'CALEB', 'MUGABO', 'RUTH', 'RUTH']",MUG,M210,05/1939
132,WKG844510118,07,1931,91,MUHUZA CLEMENT MULINDA,3.0,12.0,F,5052487866.0,GATABAKEBERO,RUTH,-9,MUSABYIMANA,RUTH MUSABYIMANA,AAABHIMMNRSTUUY,"['DEDAN', 'MUHUZA', 'CALEB', 'MUGABO', 'RUTH', 'RUTH']",RUT,R300,07/1931
132,WKG844510118,99,1931,91,MUHUZA CLEMENT MULINDA,3.0,12.0,F,,GIHUKEMUNEKE,RUTH,-9,MUSABYIMANA,RUTH MUSABYIMANA,AAABHIMMNRSTUUY,"['DEDAN', 'MUHUZA', 'CALEB', 'MUGABO', 'RUTH', 'RUTH']",RUT,R300,99/1931
133,WNO375613571,02,1971,38,FRANCOIS ASIIMWE,,5.0,M,,RUDASHYAKAMAHORO,MUGISHA,-9,BYAMUNGU,MUGISHA BYAMUNGU,AABGGHIMMNSUUUY,"['MUGISHA', 'FRANCOIS']",MUG,M220,02/1971
133,WOY842262255,04,1931,91,FRANCOIS ASIIMWE,6.0,,M,,RUDASHYAKAMAHORO,FRANCOIS,-9,ASIIMWE,FRANCOIS ASIIMWE,AACEFIIIMNORSSW,"['MUGISHA', 'FRANCOIS']",FRA,F652,04/1931
134,WRN893966383,08,1954,68,JOSIANE MUNEZERO,4.0,,F,,RWESEROBENGAZI,JOSIANE,-9,MUNEZERO,JOSIANE MUNEZERO,AEEEIJMNNOORSUZ,"['JOSIANE', 'JOSIANE', 'JOSUE']",JOS,J250,08/1954
134,WRN893966383,99,1954,68,JOSIANE MUNEZERO,4.0,8.0,F,,GASEKEDUTWE,JOSIANE,-9,MUNEZERO,JOSIANE MUNEZERO,AEEEIJMNNOORSUZ,"['JOSIANE', 'JOSIANE', 'JOSUE']",JOS,J250,99/1954
134,WSE020713696,07,1990,32,JOSIANE MUNEZERO,5.0,2.0,M,,RWESEROBENGAZI,JOSUE,-9,GATARAYIHA,JOSUE GATARAYIHA,AAAAEGHIJORSTUY,"['JOSIANE', 'JOSIANE', 'JOSUE']",JOS,J200,07/1990
135,WUE523472017,05,1973,49,BETTY HABINEZA,1.0,8.0,M,9624113972.0,BURIMAMIRAMBI,VEDASTE,LIONCEAU,TUYISHIMIRE,VEDASTE LIONCEAU TUYISHIMIRE,AACDEEEEHIIIILMNORSSTTUUVY,"['VEDASTE', 'BELLYCOFF', 'AUGUSTIN', 'BETTY']",VED,V323,05/1973
135,WVK241034945,02,1995,27,BETTY HABINEZA,,7.0,M,9624113972.0,BURIMAMIRAMBI,BELLYCOFF,-9,CLAUDE,BELLYCOFF CLAUDE,ABCCDEEFFLLLOUY,"['VEDASTE', 'BELLYCOFF', 'AUGUSTIN', 'BETTY']",BEL,B421,02/1995
135,WXN387878231,12,2003,19,BETTY HABINEZA,4.0,9.0,M,9624113972.0,BURIMAMIRAMBI,AUGUSTIN,-9,STEVEN,AUGUSTIN STEVEN,AEEGINNSSTTUUV,"['VEDASTE', 'BELLYCOFF', 'AUGUSTIN', 'BETTY']",AUG,A223,12/2003
135,X2H545428668,11,1979,95,BETTY HABINEZA,2.0,11.0,F,9624113972.0,BURIMAMIRAMBI,BETTY,-9,HABINEZA,BETTY HABINEZA,AABBEEHINTTYZ,"['VEDASTE', 'BELLYCOFF', 'AUGUSTIN', 'BETTY']",BET,B300,11/1979
136,XDC394071831,99,1930,92,SCHIPHRA TUYISENGE,4.0,,F,,GASEKEDUTWE,CHARITY,-9,KARANGWA,CHARITY KARANGWA,AAAACGHIKNRRTWY,"['CHARITY', '-9', 'SAMSON', 'SCHIPHRA']",CHA,C630,99/1930
136,XEU250321345,10,1971,51,SCHIPHRA TUYISENGE,3.0,2.0,F,,GASEKEDUTWE,-9,-9,TUSHABE,TUSHABE,ABEHSTU,"['CHARITY', '-9', 'SAMSON', 'SCHIPHRA']",-9,-9,10/1971
136,XIF934427768,02,9999,58,SCHIPHRA TUYISENGE,1.0,9.0,M,,GASEKEDUTWE,SAMSON,-9,LEE,SAMSON LEE,AEELMNOSS,"['CHARITY', '-9', 'SAMSON', 'SCHIPHRA']",SAM,S525,02/9999
136,XKD608533636,05,1995,98,SCHIPHRA TUYISENGE,3.0,3.0,F,,GASEKEDUTWE,SCHIPHRA,-9,TUYISENGE,SCHIPHRA TUYISENGE,ACEEGHHIINPRSSTUY,"['CHARITY', '-9', 'SAMSON', 'SCHIPHRA']",SCH,S160,05/1995
137,XKW592744739,99,1988,23,SLIM SHYAKA,3.0,7.0,F,,KAMASHASHIINDATWA,KEZA,-9,ALOYS,KEZA ALOYS,AAEKLOSYZ,"['KEZA', 'SLIM', 'YUNUSU', 'GATETE']",KEZ,K200,99/1988
137,XLB015160900,04,9999,89,SLIM SHYAKA,3.0,,M,,KAMASHASHIINDATWA,SLIM,-9,SHYAKA,SLIM SHYAKA,AAHIKLMSSY,"['KEZA', 'SLIM', 'YUNUSU', 'GATETE']",SLI,S450,04/9999
137,XLK993441705,01,2000,50,SLIM SHYAKA,,10.0,M,,KAMASHASHIINDATWA,YUNUSU,-9,FIDELE,YUNUSU FIDELE,DEEFILNSUUUY,"['KEZA', 'SLIM', 'YUNUSU', 'GATETE']",YUN,Y520,01/2000
137,XMD041059962,10,1973,49,SLIM SHYAKA,7.0,1.0,M,,KAMASHASHIINDATWA,GATETE,-9,NSENYUMVA,GATETE NSENYUMVA,AAEEEGMNNSTTUVY,"['KEZA', 'SLIM', 'YUNUSU', 'GATETE']",GAT,G330,10/1973
138,XNY428020149,99,1950,75,SHAMARIMA UWAMARIYA,4.0,5.0,F,8251714761.0,MATABAKAMUTAMBIRO,SHAMARIMA,-9,UWAMARIYA,SHAMARIMA UWAMARIYA,AAAAAAHIIMMMRRSUWY,"['SHAMARIMA', 'SEDHAR']",SHA,S565,99/1950
138,XQU606573607,07,2005,17,SHAMARIMA UWAMARIYA,6.0,5.0,M,8251714761.0,MATABAKAMUTAMBIRO,SEDHAR,-9,NDAYISABA,SEDHAR NDAYISABA,AAAABDDEHINRSSY,"['SHAMARIMA', 'SEDHAR']",SED,S360,07/2005
139,XRD076572896,11,1992,30,AMOR MUGIRANEZA,1.0,5.0,F,,MATABAMAGERAGERE,QUEEM,-9,NSHIMIYIMANA,QUEEM NSHIMIYIMANA,AAEEHIIIMMMNNQSUY,"['QUEEM', 'LANDRE', '-9', 'TUYISENGE', 'TUYISENGE', 'ROSE', 'ROSE']",QUE,Q500,11/1992
139,XRJ632882445,05,1964,58,AMOR MUGIRANEZA,5.0,9.0,M,,MATABAMAGERAGERE,LANDRE,-9,DIEUDONNE,LANDRE DIEUDONNE,ADDDEEEILNNNORU,"['QUEEM', 'LANDRE', '-9', 'TUYISENGE', 'TUYISENGE', 'ROSE', 'ROSE']",LAN,L536,05/1964
139,XUR868522716,11,1996,87,AMOR MUGIRANEZA,3.0,9.0,F,,MATABAMAGERAGERE,-9,-9,MUGIRANEZA,MUGIRANEZA,AAEGIMNRUZ,"['QUEEM', 'LANDRE', '-9', 'TUYISENGE', 'TUYISENGE', 'ROSE', 'ROSE']",-9,-9,11/1996
139,XWH788287581,10,1999,23,AMOR MUGIRANEZA,3.0,10.0,M,,MATABAMAGERAGERE,TUYISENGE,JEAN,GASPARD,TUYISENGE JEAN GASPARD,AAADEEEGGIJNNPRSSTUY,"['QUEEM', 'LANDRE', '-9', 'TUYISENGE', 'TUYISENGE', 'ROSE', 'ROSE']",TUY,T252,10/1999
139,XWH788287581,99,9999,23,AMOR MUGIRANEZA,3.0,10.0,M,,MATABAMAGERAGERE,TUYISENGE,JEAN,GASPARD,TUYISENGE JEAN GASPARD,AAADEEEGGIJNNPRSSTUY,"['QUEEM', 'LANDRE', '-9', 'TUYISENGE', 'TUYISENGE', 'ROSE', 'ROSE']",TUY,T252,99/9999
139,XZQ669054346,11,1946,76,AMOR MUGIRANEZA,3.0,2.0,F,,MATABAMAGERAGERE,ROSE,-9,MURENZI,ROSE MURENZI,EEIMNORRSUZ,"['QUEEM', 'LANDRE', '-9', 'TUYISENGE', 'TUYISENGE', 'ROSE', 'ROSE']",ROS,R200,11/1946
139,XZQ669054346,03,1946,76,AMOR MUGIRANEZA,3.0,2.0,F,,MATABAMAGERAGERE,ROSE,-9,MURENZI,ROSE MURENZI,EEIMNORRSUZ,"['QUEEM', 'LANDRE', '-9', 'TUYISENGE', 'TUYISENGE', 'ROSE', 'ROSE']",ROS,R200,03/1946
140,Y00986922705,99,1992,91,HONDA MORIS UWIZEYE,3.0,8.0,M,,SARUHEMBENYAGAHANGA,HONDA,MORIS,UWIZEYE,HONDA MORIS UWIZEYE,ADEEHIIMNOORSUWYZ,"['HONDA', 'HONDA', 'JEAN', 'JEAN', 'WINNY', 'WINNY']",HON,H530,99/1992
140,Y00986922705,05,1931,91,HONDA MORIS UWIZEYE,3.0,8.0,M,,SARUHEMBENYAGAHANGA,HONDA,MORIS,UWIZEYE,HONDA MORIS UWIZEYE,ADEEHIIMNOORSUWYZ,"['HONDA', 'HONDA', 'JEAN', 'JEAN', 'WINNY', 'WINNY']",HON,H530,05/1931
140,Y3S338388462,03,1987,37,HONDA MORIS UWIZEYE,,8.0,M,,SARUHEMBENYAGAHANGA,JEAN,BOSCO,KUBWIMANA,JEAN BOSCO KUBWIMANA,AAABBCEIJKMNNOOSUW,"['HONDA', 'HONDA', 'JEAN', 'JEAN', 'WINNY', 'WINNY']",JEA,J500,03/1987
140,Y3S338388462,99,1987,35,HONDA MORIS UWIZEYE,1.0,8.0,M,,SARUHEMBENYAGAHANGA,JEAN,BOSCO,KUBWIMANA,JEAN BOSCO KUBWIMANA,AAABBCEIJKMNNOOSUW,"['HONDA', 'HONDA', 'JEAN', 'JEAN', 'WINNY', 'WINNY']",JEA,J500,99/1987
140,Y6Z288616154,06,1934,88,HONDA MORIS UWIZEYE,4.0,4.0,F,,SARUHEMBENYAGAHANGA,WINNY,-9,MUHIRWA,WINNY MUHIRWA,AHIIMNNRUWWY,"['HONDA', 'HONDA', 'JEAN', 'JEAN', 'WINNY', 'WINNY']",WIN,W500,06/1934
140,Y6Z288616154,99,1934,88,HONDA MORIS UWIZEYE,4.0,4.0,F,,SARUHEMBENYAGAHANGA,WINNY,-9,MUHIRWA,WINNY MUHIRWA,AHIIMNNRUWWY,"['HONDA', 'HONDA', 'JEAN', 'JEAN', 'WINNY', 'WINNY']",WIN,W500,99/1934
141,YA8635915325,02,9999,83,IRADUKUNDA NGABONZIZA,3.0,,M,9103602271.0,MUHARUROKIBINYOGOTE,IRADUKUNDA,-9,NGABONZIZA,IRADUKUNDA NGABONZIZA,AAAABDDGIIKNNNORUUZZ,"['IRADUKUNDA', 'IRADUKUNDA', 'ELLA', 'ELLA', 'HONORINE', 'HONORINE', 'NDENGEYINGOMA', 'NDENGEYINGOMA']",IRA,I632,02/9999
141,YA8635915325,02,1939,83,IRADUKUNDA NGABONZIZA,3.0,11.0,M,9103602271.0,MUHARUROKIBINYOGOTE,IRADUKUNDA,-9,NGABONZIZA,IRADUKUNDA NGABONZIZA,AAAABDDGIIKNNNORUUZZ,"['IRADUKUNDA', 'IRADUKUNDA', 'ELLA', 'ELLA', 'HONORINE', 'HONORINE', 'NDENGEYINGOMA', 'NDENGEYINGOMA']",IRA,I632,02/1939
141,YHB921251984,01,1928,29,IRADUKUNDA NGABONZIZA,5.0,11.0,F,9103602271.0,MUHARUROKIBINYOGOTE,ELLA,-9,KALISA,ELLA KALISA,AAAEIKLLLS,"['IRADUKUNDA', 'IRADUKUNDA', 'ELLA', 'ELLA', 'HONORINE', 'HONORINE', 'NDENGEYINGOMA', 'NDENGEYINGOMA']",ELL,E400,01/1928
141,YHB921251984,02,1993,29,IRADUKUNDA NGABONZIZA,5.0,,F,9103602271.0,MUHARUROKIBINYOGOTE,ELLA,-9,KALISA,ELLA KALISA,AAAEIKLLLS,"['IRADUKUNDA', 'IRADUKUNDA', 'ELLA', 'ELLA', 'HONORINE', 'HONORINE', 'NDENGEYINGOMA', 'NDENGEYINGOMA']",ELL,E400,02/1993
141,YN8350281683,12,1943,79,IRADUKUNDA NGABONZIZA,4.0,10.0,F,9103602271.0,MUHARUROKIBINYOGOTE,HONORINE,-9,NSENGIYUMVA,HONORINE NSENGIYUMVA,AEEGHIIMNNNNOORSUVY,"['IRADUKUNDA', 'IRADUKUNDA', 'ELLA', 'ELLA', 'HONORINE', 'HONORINE', 'NDENGEYINGOMA', 'NDENGEYINGOMA']",HON,H565,12/1943
141,YN8350281683,12,1943,79,IRADUKUNDA NGABONZIZA,4.0,10.0,F,9103602271.0,MUHARUROKIBINYOGOTE,HONORINE,-9,NSENGIYUMVA,HONORINE NSENGIYUMVA,AEEGHIIMNNNNOORSUVY,"['IRADUKUNDA', 'IRADUKUNDA', 'ELLA', 'ELLA', 'HONORINE', 'HONORINE', 'NDENGEYINGOMA', 'NDENGEYINGOMA']",HON,H565,12/1943
141,YSK370847777,08,1977,6,IRADUKUNDA NGABONZIZA,6.0,10.0,M,9103602271.0,MUHARUROKIBINYOGOTE,NDENGEYINGOMA,-9,-9,NDENGEYINGOMA,ADEEGGIMNNNOY,"['IRADUKUNDA', 'IRADUKUNDA', 'ELLA', 'ELLA', 'HONORINE', 'HONORINE', 'NDENGEYINGOMA', 'NDENGEYINGOMA']",NDE,N352,08/1977
141,YSK370847777,99,2016,6,IRADUKUNDA NGABONZIZA,6.0,10.0,M,9103602271.0,MUHARUROKIBINYOGOTE,NDENGEYINGOMA,-9,UMUTONI,NDENGEYINGOMA UMUTONI,ADEEGGIIMMNNNNOOTUUY,"['IRADUKUNDA', 'IRADUKUNDA', 'ELLA', 'ELLA', 'HONORINE', 'HONORINE', 'NDENGEYINGOMA', 'NDENGEYINGOMA']",NDE,N352,99/2016
142,YYS400831136,05,1995,27,NGABO HABYARIMANA,1.0,1.0,M,7607083913.0,MUSONGATINGORORANO,FLORENTIN,-9,YVES,FLORENTIN YVES,EEFILNNORSTVY,"['FLORENTIN', 'FLORENTIN', 'NGABO', 'NGABO', 'NSENGIYUMVA', 'NSENGIYUMVA', 'BIBENTYO', 'BIBEYO']",FLO,F465,05/1995
142,YYS400831136,05,1995,27,NGABO HABYARIMANA,2.0,,M,7607083913.0,MUSONGATINGORORANO,FLORENTIN,-9,YVES,FLORENTIN YVES,EEFILNNORSTVY,"['FLORENTIN', 'FLORENTIN', 'NGABO', 'NGABO', 'NSENGIYUMVA', 'NSENGIYUMVA', 'BIBENTYO', 'BIBEYO']",FLO,F465,05/1995
142,YZI931655738,99,1921,102,NGABO HABYARIMANA,4.0,6.0,M,7607083913.0,MUSONGATINGORORANO,NGABO,-9,HABYARIMANA,NGABO HABYARIMANA,AAAAABBGHIMNNORY,"['FLORENTIN', 'FLORENTIN', 'NGABO', 'NGABO', 'NSENGIYUMVA', 'NSENGIYUMVA', 'BIBENTYO', 'BIBEYO']",NGA,N210,99/1921
142,YZI931655738,07,1921,101,NGABO HABYARIMANA,4.0,6.0,M,7607083913.0,MUSONGATINGORORANO,NGABO,-9,HABYARIMANA,NGABO HABYARIMANA,AAAAABBGHIMNNORY,"['FLORENTIN', 'FLORENTIN', 'NGABO', 'NGABO', 'NSENGIYUMVA', 'NSENGIYUMVA', 'BIBENTYO', 'BIBEYO']",NGA,N210,07/1921
142,Z1B129507786,11,1984,52,NGABO HABYARIMANA,3.0,11.0,M,7607083913.0,MUSONGATINGORORANO,NSENGIYUMVA,-9,KWIZERA,NSENGIYUMVA KWIZERA,AAEEGIIKMNNRSUVWYZ,"['FLORENTIN', 'FLORENTIN', 'NGABO', 'NGABO', 'NSENGIYUMVA', 'NSENGIYUMVA', 'BIBENTYO', 'BIBEYO']",NSE,N252,11/1984
142,Z1B129507786,99,1970,52,NGABO HABYARIMANA,3.0,11.0,M,7607083913.0,MUSONGATINGORORANO,NSENGIYUMVA,-9,KWIZERA,NSENGIYUMVA KWIZERA,AAEEGIIKMNNRSUVWYZ,"['FLORENTIN', 'FLORENTIN', 'NGABO', 'NGABO', 'NSENGIYUMVA', 'NSENGIYUMVA', 'BIBENTYO', 'BIBEYO']",NSE,N252,99/1970
142,Z1S573380840,12,2000,25,NGABO HABYARIMANA,5.0,1.0,M,7607083913.0,MUSONGATINGORORANO,BIBENTYO,-9,MUTONI,BIBENTYO MUTONI,BBEIIMNNOOTTUY,"['FLORENTIN', 'FLORENTIN', 'NGABO', 'NGABO', 'NSENGIYUMVA', 'NSENGIYUMVA', 'BIBENTYO', 'BIBEYO']",BIB,B153,12/2000
142,Z1S573380840,99,2000,22,NGABO HABYARIMANA,5.0,1.0,M,7607083913.0,MUSONGATINGORORANO,BIBEYO,-9,MUTONI,BIBEYO MUTONI,BBEIIMNOOTUY,"['FLORENTIN', 'FLORENTIN', 'NGABO', 'NGABO', 'NSENGIYUMVA', 'NSENGIYUMVA', 'BIBENTYO', 'BIBEYO']",BIB,B100,99/2000
143,Z3G138506804,05,9999,88,RUSANGANWA KARANGWA,6.0,9.0,F,6042629245.0,REMERAGITWA,RUSANGANWA,-9,-9,RUSANGANWA,AAAGNNRSUW,"['RUSANGANWA', 'RUSANGANWA', 'ERIC', 'ERICO', 'NICKS', 'NICKS']",RUS,R252,05/9999
143,Z3G138506804,03,1934,88,RUSANGANWA KARANGWA,6.0,,M,6042629245.0,REMERAGITWA,RUSANGANWA,-9,KARANGWA,RUSANGANWA KARANGWA,AAAAAAGGKNNNRRSUWW,"['RUSANGANWA', 'RUSANGANWA', 'ERIC', 'ERICO', 'NICKS', 'NICKS']",RUS,R252,03/1934
143,Z5V470109073,05,1988,34,RUSANGANWA KARANGWA,3.0,7.0,M,6042629245.0,REMERAGITWA,ERIC,-9,KAREMERA,ERIC KAREMERA,AACEEEIKMRRR,"['RUSANGANWA', 'RUSANGANWA', 'ERIC', 'ERICO', 'NICKS', 'NICKS']",ERI,E620,05/1988
143,Z5V470109073,05,1988,34,RUSANGANWA KARANGWA,3.0,7.0,M,6042629245.0,REMERAGITWA,ERICO,-9,KAREMERA,ERICO KAREMERA,AACEEEIKMORRR,"['RUSANGANWA', 'RUSANGANWA', 'ERIC', 'ERICO', 'NICKS', 'NICKS']",ERI,E620,05/1988
143,Z98616838938,03,1969,53,RUSANGANWA KARANGWA,4.0,13.0,M,6042629245.0,REMERAGITWA,NICKS,-9,SAM,NICKS SAM,ACIKMNSS,"['RUSANGANWA', 'RUSANGANWA', 'ERIC', 'ERICO', 'NICKS', 'NICKS']",NIC,N200,03/1969
143,Z98616838938,05,1969,53,RUSANGANWA KARANGWA,4.0,13.0,M,6042629245.0,REMERAGITWA,NICKS,-9,SAM,NICKS SAM,ACIKMNSS,"['RUSANGANWA', 'RUSANGANWA', 'ERIC', 'ERICO', 'NICKS', 'NICKS']",NIC,N200,05/1969
145,ZRB113583615,11,1947,75,MANZI CHRISTIAN RUTAYISIRE,5.0,10.0,M,,IIMUTARA,METHODE,-9,IZABAYO,METHODE IZABAYO,AABDEEHIMOOTYZ,"['METHODE', 'METHODE', 'MUTUZO', 'NUTUZO', 'MANZI', 'MANZI']",MET,M330,11/1947
145,ZRB113583615,11,1947,75,MANZI CHRISTIAN RUTAYISIRE,,,M,,IIMUTARA,METHODE,-9,IZABAYO,METHODE IZABAYO,AABDEEHIMOOTYZ,"['METHODE', 'METHODE', 'MUTUZO', 'NUTUZO', 'MANZI', 'MANZI']",MET,M330,11/1947
145,ZTE317757694,01,1954,68,MANZI CHRISTIAN RUTAYISIRE,4.0,11.0,F,,IIMUTARA,MUTUZO,-9,NTAKIRUTIMANA,MUTUZO NTAKIRUTIMANA,AAAIIKMMNNORTTTUUUZ,"['METHODE', 'METHODE', 'MUTUZO', 'NUTUZO', 'MANZI', 'MANZI']",MUT,M320,01/1954
145,ZTE317757694,01,1954,68,MANZI CHRISTIAN RUTAYISIRE,4.0,11.0,F,,IIMUTARA,NUTUZO,-9,NTARUTIMANA,NUTUZO NTARUTIMANA,AAAIMNNNORTTTUUUZ,"['METHODE', 'METHODE', 'MUTUZO', 'NUTUZO', 'MANZI', 'MANZI']",NUT,N320,01/1954
145,ZUX507676677,04,1941,82,MANZI CHRISTIAN RUTAYISIRE,1.0,12.0,,,IIMUTARA,MANZI,CHRISTIAN,RUTAYISIRE,MANZI CHRISTIAN RUTAYISIRE,AAACEHIIIIIMNNRRRSSTTUYZ,"['METHODE', 'METHODE', 'MUTUZO', 'NUTUZO', 'MANZI', 'MANZI']",MAN,M520,04/1941
145,ZUX507676677,99,1951,82,MANZI CHRISTIAN RUTAYISIRE,1.0,12.0,M,,IIMUTARA,MANZI,CHRISTIAN,RUTAYISIRE,MANZI CHRISTIAN RUTAYISIRE,AAACEHIIIIIMNNRRRSSTTUYZ,"['METHODE', 'METHODE', 'MUTUZO', 'NUTUZO', 'MANZI', 'MANZI']",MAN,M520,99/1951
