hid_pes,puid_pes,month_pes,year_pes,age_pes,HoH_pes,marstat_pes,relationship_pes,sex_pes,telephone_pes,Eaid_pes,forename_clean_pes,middlenm_clean_pes,last_name_clean_pes,fullname_pes,alpha_name_pes,forename_list_pes,forename_tri_pes,forename_sdx_pes,full_dob_pes
1,07H778157476,11,9999,31,PRINCE BUSINGYE,3.0,8.0,F,8986093136.0,BIRAMBOGITWA,MUTERABA,-9,KAMANZI,MUTERABA KAMANZI,AAAABEIKMMNRTUZ,"['MUTERABA', 'ISHIMWE', 'PRINCE', 'NAZOU']",MUT,M361,11/9999
1,0CG004517160,99,1962,60,PRINCE BUSINGYE,3.0,,F,8986093136.0,BIRAMBOGITWA,ISHIMWE,DIANE,GENA,ISHIMWE DIANE GENA,AADEEEGHIIIMNNSW,"['MUTERABA', 'ISHIMWE', 'PRINCE', 'NAZOU']",ISH,I250,99/1962
1,0EK990819563,09,1961,61,PRINCE BUSINGYE,3.0,4.0,M,8986093136.0,BIRAMBOGITWA,PRINCE,-9,BUSINGYE,PRINCE BUSINGYE,BCEEGIINNPRSUY,"['MUTERABA', 'ISHIMWE', 'PRINCE', 'NAZOU']",PRI,P652,09/1961
1,0K1554251231,12,2011,11,PRINCE BUSINGYE,,5.0,F,8986093136.0,BIRAMBOGITWA,NAZOU,-9,NGABONZIZA,NAZOU NGABONZIZA,AAABGINNNOOUZZZ,"['MUTERABA', 'ISHIMWE', 'PRINCE', 'NAZOU']",NAZ,N200,12/2011
2,0LN876294968,03,9999,63,JEFF AIMABLE,2.0,10.0,M,6656909617.0,KIRARANGOMBEBUKINANYANA,JEFF,-9,AIMABLE,JEFF AIMABLE,AABEEFFIJLM,"['JEFF', 'NSENGIMANA', 'AIMEE']",JEF,J100,03/9999
2,0LU121262026,01,9999,34,JEFF AIMABLE,6.0,,M,6656909617.0,KIRARANGOMBEBUKINANYANA,NSENGIMANA,-9,HATUNGIMANA,NSENGIMANA HATUNGIMANA,AAAAAEGGHIIMMNNNNNSTU,"['JEFF', 'NSENGIMANA', 'AIMEE']",NSE,N252,01/9999
2,0LZ241330567,01,1982,40,JEFF AIMABLE,1.0,9.0,F,6656909617.0,KIRARANGOMBEBUKINANYANA,AIMEE,-9,AUGUSTIN,AIMEE AUGUSTIN,AAEEGIIMNSTUU,"['JEFF', 'NSENGIMANA', 'AIMEE']",AIM,A500,01/1982
3,0VH495447617,05,1970,4,CAPTONE SHYAKA,6.0,4.0,M,,BUNGWEKIRWA,-9,-9,NSHIMIRIMANA,NSHIMIRIMANA,AAHIIIMMNNRS,"['-9', 'CAPTONE', 'ALEX', 'BORIS']",-9,-9,05/1970
3,10K373893071,09,9999,84,CAPTONE SHYAKA,3.0,7.0,M,,BUNGWEKIRWA,CAPTONE,-9,SHYAKA,CAPTONE SHYAKA,AAACEHKNOPSTY,"['-9', 'CAPTONE', 'ALEX', 'BORIS']",CAP,C135,09/9999
3,13A171377593,11,2008,14,CAPTONE SHYAKA,6.0,4.0,M,,BUNGWEKIRWA,ALEX,-9,RAFIKI,ALEX RAFIKI,AAEFIIKLRX,"['-9', 'CAPTONE', 'ALEX', 'BORIS']",ALE,A420,11/2008
3,14T047880773,03,1978,45,CAPTONE SHYAKA,1.0,5.0,M,,KINYAGARUBUNGO,BORIS,-9,MUHIRWA,BORIS MUHIRWA,ABHIIMORRSUW,"['-9', 'CAPTONE', 'ALEX', 'BORIS']",BOR,B620,03/1978
4,18Y756928142,99,9999,95,PACIFIC NDAGIJIMANA,7.0,9.0,M,4973533427.0,KINYAGARUBUNGO,PACIFIC,-9,NDAGIJIMANA,PACIFIC NDAGIJIMANA,AAAACCDFGIIIIJMNNP,"['PACIFIC', 'ARTHUR', 'ABEL']",PAC,P212,99/9999
4,1EI719242160,11,1974,49,PACIFIC NDAGIJIMANA,3.0,3.0,M,4973533427.0,KINYAGARUBUNGO,ARTHUR,-9,IRANKUNDA,ARTHUR IRANKUNDA,AAADHIKNNRRRTUU,"['PACIFIC', 'ARTHUR', 'ABEL']",ART,A636,11/1974
4,1GD532237176,99,1967,57,PACIFIC NDAGIJIMANA,5.0,2.0,M,4973533427.0,KINYAGARUBUNGO,ABEL,-9,PIERRE,ABEL PIERRE,ABEEEILPRR,"['PACIFIC', 'ARTHUR', 'ABEL']",ABE,A140,99/1967
5,1JK664679330,12,2007,15,RUHUMURIZA NIYONSABA,,5.0,M,4179948675.0,RUNYOMBYIBUGINA,BOB,-9,CYPRIEN,BOB CYPRIEN,BBCEINOPRY,"['BOB', 'MIHIGO', 'RUHUMURIZA']",BOB,B100,12/2007
5,1KS862729097,09,9999,24,RUHUMURIZA NIYONSABA,4.0,1.0,M,4179948675.0,RUNYOMBYIBUGINA,MIHIGO,-9,BIZIMANA,MIHIGO BIZIMANA,AABGHIIIIMMNOZ,"['BOB', 'MIHIGO', 'RUHUMURIZA']",MIH,M200,09/9999
5,1YQ368637470,02,1951,52,RUHUMURIZA NIYONSABA,7.0,,M,4179948675.0,RUNYOMBYIBUGINA,RUHUMURIZA,-9,NIYONSABA,RUHUMURIZA NIYONSABA,AAABHIIMNNORRSUUUYZ,"['BOB', 'MIHIGO', 'RUHUMURIZA']",RUH,R562,02/1951
6,20T980747706,07,1970,9,RODRIGUE ANGE,6.0,10.0,M,8007099314.0,GASAGARAREMERA,TRESOR,HAGAI,BIENVENU,TRESOR HAGAI BIENVENU,AABEEEGHIINNORRSTUV,"['TRESOR', 'RODRIGUE', 'OBED', 'ROSINE', 'JOSEE', 'GAEL']",TRE,T626,07/1970
6,2AR510329821,04,1938,85,RODRIGUE ANGE,4.0,13.0,M,8007099314.0,GASAGARAREMERA,RODRIGUE,-9,ANGE,RODRIGUE ANGE,ADEEGGINORRU,"['TRESOR', 'RODRIGUE', 'OBED', 'ROSINE', 'JOSEE', 'GAEL']",ROD,R362,04/1938
6,2DM676695622,10,2004,18,RODRIGUE ANGE,4.0,10.0,M,8007099314.0,GASAGARAREMERA,OBED,LOUIS,GERMAIN,OBED LOUIS GERMAIN,ABDEEGIILMNOORSU,"['TRESOR', 'RODRIGUE', 'OBED', 'ROSINE', 'JOSEE', 'GAEL']",OBE,O130,10/2004
6,2FP499829763,03,1930,15,RODRIGUE ANGE,6.0,3.0,F,8007099314.0,GASAGARAREMERA,ROSINE,-9,SHYAKA,ROSINE SHYAKA,AAEHIKNORSSY,"['TRESOR', 'RODRIGUE', 'OBED', 'ROSINE', 'JOSEE', 'GAEL']",ROS,R250,03/1930
6,2GD566899259,09,1962,60,RODRIGUE ANGE,6.0,2.0,F,8007099314.0,GASAGARAREMERA,JOSEE,BAKHITA,UWIZEYIMANA,JOSEE BAKHITA UWIZEYIMANA,AAAABEEEHIIIJKMNOSTUWYZ,"['TRESOR', 'RODRIGUE', 'OBED', 'ROSINE', 'JOSEE', 'GAEL']",JOS,J200,09/1962
6,2JL058378386,07,2009,13,RODRIGUE ANGE,6.0,3.0,M,8007099314.0,GASAGARAREMERA,GAEL,-9,-9,GAEL,AEGL,"['TRESOR', 'RODRIGUE', 'OBED', 'ROSINE', 'JOSEE', 'GAEL']",GAE,G400,07/2009
7,2KP260446094,12,1938,86,DERRICK SYLVESTRE,7.0,9.0,F,1579654132.0,MUHAMBACYOBAHARAYE,ANITHA,-9,KAYITARE,ANITHA KAYITARE,AAAAEHIIKNRTTY,"['ANITHA', 'GABLIEL', 'DERRICK', 'JEAN']",ANI,A530,12/1938
7,2ZF944688402,07,1926,96,DERRICK SYLVESTRE,5.0,11.0,M,1579654132.0,MUHAMBACYOBAHARAYE,GABLIEL,-9,KAREMERA,GABLIEL KAREMERA,AAABEEEGIKLLMRR,"['ANITHA', 'GABLIEL', 'DERRICK', 'JEAN']",GAB,G144,07/1926
7,36M147486551,99,1924,98,DERRICK SYLVESTRE,3.0,3.0,M,1579654132.0,MUHAMBACYOBAHARAYE,DERRICK,-9,SYLVESTRE,DERRICK SYLVESTRE,CDEEEIKLRRRSSTVY,"['ANITHA', 'GABLIEL', 'DERRICK', 'JEAN']",DER,D620,99/1924
7,3BJ127540951,01,1978,45,DERRICK SYLVESTRE,5.0,4.0,M,1579654132.0,MUHAMBACYOBAHARAYE,JEAN,FRANCOIS,ELIAS,JEAN FRANCOIS ELIAS,AAACEEFIIJLNNORSS,"['ANITHA', 'GABLIEL', 'DERRICK', 'JEAN']",JEA,J500,01/1978
8,3KY581042298,11,1989,33,DIVINE NIYONSABA,5.0,10.0,F,6496777626.0,NYANGEKAMABUYE,CLAUDINE,-9,HABYARIMANA,CLAUDINE HABYARIMANA,AAAAABCDEHIILMNNRUY,"['CLAUDINE', 'JOSEE', 'JOSEE', 'DIVINE', 'DIVINE']",CLA,C435,11/1989
8,3OF723803597,99,1992,30,DIVINE NIYONSABA,,11.0,F,6496777626.0,KABATWABUREMERA,JOSEE,-9,NKUSI,JOSEE NKUSI,EEIJKNOSSU,"['CLAUDINE', 'JOSEE', 'JOSEE', 'DIVINE', 'DIVINE']",JOS,J200,99/1992
8,3OF723803597,06,1992,30,DIVINE NIYONSABA,3.0,11.0,F,6496777626.0,NYANGEKAMABUYE,JOSEE,-9,NKUSI,JOSEE NKUSI,EEIJKNOSSU,"['CLAUDINE', 'JOSEE', 'JOSEE', 'DIVINE', 'DIVINE']",JOS,J200,06/1992
8,3S1381142711,99,1969,53,DIVINE NIYONSABA,5.0,,F,6496777626.0,GAKOGIHUKE,DIVINE,-9,NIYONSABA,DIVINE NIYONSABA,AABDEIIINNNOSVY,"['CLAUDINE', 'JOSEE', 'JOSEE', 'DIVINE', 'DIVINE']",DIV,D150,99/1969
8,3S1381142711,03,1969,54,DIVINE NIYONSABA,5.0,13.0,F,,NYANGEKAMABUYE,DIVINE,-9,NIYONSABA,DIVINE NIYONSABA,AABDEIIINNNOSVY,"['CLAUDINE', 'JOSEE', 'JOSEE', 'DIVINE', 'DIVINE']",DIV,D150,03/1969
9,3ZP934504863,03,1957,65,HABY MUNYANEZA,4.0,9.0,M,1749166998.0,AKABAHIZIITERAMBERE,HABY,-9,MUNYANEZA,HABY MUNYANEZA,AAABEHMNNUYYZ,['HABY'],HAB,H100,03/1957
12,4SW879532625,12,1974,48,MUSHIMIYIMANA KAMANZI,4.0,1.0,F,4513594260.0,RYAKIBOGOGAKOMBE,AMAH,-9,GATO,AMAH GATO,AAAGHMOT,"['AMAH', 'DIMER', 'JAMES', 'MUSHIMIYIMANA']",AMA,A500,12/1974
12,4UP543875428,09,9999,20,MUSHIMIYIMANA KAMANZI,1.0,3.0,M,4513594260.0,RYAKIBOGOGAKOMBE,DIMER,-9,THEOPHILE,DIMER THEOPHILE,DEEEHHIILMOPRT,"['AMAH', 'DIMER', 'JAMES', 'MUSHIMIYIMANA']",DIM,D560,09/9999
12,4VJ633973504,04,1999,23,MUSHIMIYIMANA KAMANZI,,5.0,M,4513594260.0,RYAKIBOGOGAKOMBE,JAMES,-9,SONGA,JAMES SONGA,AAEGJMNOSS,"['AMAH', 'DIMER', 'JAMES', 'MUSHIMIYIMANA']",JAM,J520,04/1999
12,53N540090152,11,1926,99,MUSHIMIYIMANA KAMANZI,4.0,10.0,M,4513594260.0,RYAKIBOGOGAKOMBE,MUSHIMIYIMANA,-9,KAMANZI,MUSHIMIYIMANA KAMANZI,AAAAHIIIIKMMMMNNSUYZ,"['AMAH', 'DIMER', 'JAMES', 'MUSHIMIYIMANA']",MUS,M255,11/1926
13,5HW484497890,10,1986,36,NKURUNZIZA KARANGWA,2.0,2.0,,8737499840.0,KIMANAKAGARAMA,KEVIN,-9,OLIVIER,KEVIN OLIVIER,EEIIIKLNORVV,"['KEVIN', 'PACY', 'NDABARINZE', 'NKURUNZIZA']",KEV,K150,10/1986
13,5LG388881446,06,1977,45,NKURUNZIZA KARANGWA,7.0,,M,8737499840.0,KIMANAKAGARAMA,PACY,-9,NDAYISABA,PACY NDAYISABA,AAAABCDINPSYY,"['KEVIN', 'PACY', 'NDABARINZE', 'NKURUNZIZA']",PAC,P200,06/1977
13,5SL201853858,99,2010,12,NKURUNZIZA KARANGWA,6.0,5.0,M,8737499840.0,KIMANAKAGARAMA,NDABARINZE,-9,FRANCOIS,NDABARINZE FRANCOIS,AAABCDEFIINNNORRSZ,"['KEVIN', 'PACY', 'NDABARINZE', 'NKURUNZIZA']",NDA,N316,99/2010
13,5VE057493960,10,1976,46,NKURUNZIZA KARANGWA,1.0,3.0,M,8737499840.0,KIMANAKAGARAMA,NKURUNZIZA,-9,KARANGWA,NKURUNZIZA KARANGWA,AAAAGIKKNNNRRUUWZZ,"['KEVIN', 'PACY', 'NDABARINZE', 'NKURUNZIZA']",NKU,N265,10/1976
15,6QZ002898676,12,2009,13,MUNEZERO KALISA,6.0,12.0,F,3978297179.0,GAHANGAGATOVU,GLORIA,-9,MUHIRE,GLORIA MUHIRE,AEGHIILMORRU,"['GLORIA', 'MUNEZERO', 'JULIUS']",GLO,G460,12/2009
15,6TS583082885,99,1927,29,MUNEZERO KALISA,5.0,4.0,M,3978297179.0,GAHANGAGATOVU,MUNEZERO,-9,KALISA,MUNEZERO KALISA,AAEEIKLMNORSUZ,"['GLORIA', 'MUNEZERO', 'JULIUS']",MUN,M526,99/1927
15,6UJ306854143,99,1998,26,MUNEZERO KALISA,5.0,6.0,M,3978297179.0,GAHANGAGATOVU,JULIUS,-9,ETIENNE,JULIUS ETIENNE,EEEIIJLNNSTUU,"['GLORIA', 'MUNEZERO', 'JULIUS']",JUL,J420,99/1998
16,6XB907569292,99,2021,4,VINCENT MUREKATETE,6.0,5.0,M,5862489732.0,KAVUMUAKIRABO,MBONYINSHUTI,-9,HABINEZA,MBONYINSHUTI HABINEZA,AABBEHHIIIMNNNOSTUYZ,"['MBONYINSHUTI', '-9', 'ETE', 'DIOCLES']",MBO,M155,99/2021
16,7GA448953578,99,9999,56,VINCENT MUREKATETE,7.0,7.0,M,5862489732.0,KAVUMUAKIRABO,-9,-9,MUREKATETE,MUREKATETE,AEEEKMRTTU,"['MBONYINSHUTI', '-9', 'ETE', 'DIOCLES']",-9,-9,99/9999
16,7HF019939250,01,1974,48,VINCENT MUREKATETE,1.0,3.0,M,5862489732.0,KAVUMUAKIRABO,ETE,ELE,GRACE,ETE ELE GRACE,ACEEEEEGLRT,"['MBONYINSHUTI', '-9', 'ETE', 'DIOCLES']",ETE,E300,01/1974
16,7IV820457456,99,9999,15,VINCENT MUREKATETE,6.0,4.0,M,5862489732.0,KAVUMUAKIRABO,DIOCLES,-9,SAM,DIOCLES SAM,ACDEILMOSS,"['MBONYINSHUTI', '-9', 'ETE', 'DIOCLES']",DIO,D242,99/9999
17,7JV544732594,08,1961,61,ALICE MUGABE,3.0,2.0,M,,AKABAHIZIITERAMBERE,CHRITE,CLAUD,MUHOZA,CHRITE CLAUD MUHOZA,AACCDEHHILMORTUUZ,"['CHRITE', 'SONIA', 'ALICE']",CHR,C630,08/1961
17,7KZ682171735,05,1968,54,ALICE MUGABE,4.0,,M,,AKABAHIZIITERAMBERE,SONIA,-9,MUKESHIMANA,SONIA MUKESHIMANA,AAAEHIIKMMNNOSSU,"['CHRITE', 'SONIA', 'ALICE']",SON,S500,05/1968
17,7RH706674959,05,2020,88,ALICE MUGABE,1.0,4.0,F,,AKABAHIZIITERAMBERE,ALICE,-9,MUGABE,ALICE MUGABE,AABCEEGILMU,"['CHRITE', 'SONIA', 'ALICE']",ALI,A420,05/2020
18,7V6783789155,09,9999,60,JOSE MOHAMED,2.0,13.0,M,8547963669.0,RUKOREKANAZI,FABRICE,-9,ERASTE,FABRICE ERASTE,AABCEEEFIRRST,"['FABRICE', 'JOSE', 'KARAHA', 'IMMACULEE', 'IMMACULEE']",FAB,F162,09/9999
18,7XC490828730,08,1929,64,JOSE MOHAMED,2.0,12.0,F,8547963669.0,RUKOREKANAZI,JOSE,-9,MOHAMED,JOSE MOHAMED,ADEEHJMMOOS,"['FABRICE', 'JOSE', 'KARAHA', 'IMMACULEE', 'IMMACULEE']",JOS,J200,08/1929
18,87P391881977,99,1999,53,JOSE MOHAMED,6.0,12.0,M,8547963669.0,RUKOREKANAZI,KARAHA,-9,-9,KARAHA,AAAHKR,"['FABRICE', 'JOSE', 'KARAHA', 'IMMACULEE', 'IMMACULEE']",KAR,K600,99/1999
18,8DY642485579,99,9999,16,JOSE MOHAMED,6.0,8.0,F,8547963669.0,BIRAMBONYABIKENKE,IMMACULEE,-9,MUVUNYI,IMMACULEE MUVUNYI,ACEEIILMMMNUUUVY,"['FABRICE', 'JOSE', 'KARAHA', 'IMMACULEE', 'IMMACULEE']",IMM,I524,99/9999
18,8DY642485579,99,2006,16,JOSE MOHAMED,6.0,8.0,F,8547963669.0,RUKOREKANAZI,IMMACULEE,-9,-9,IMMACULEE,ACEEILMMU,"['FABRICE', 'JOSE', 'KARAHA', 'IMMACULEE', 'IMMACULEE']",IMM,I524,99/2006
19,8EE128541166,99,1941,82,NADEGE HAKIZIMANA,7.0,3.0,F,1316636107.0,KAGOMASIKIRUHURA,NIYONYUGURA,-9,JUDITH,NIYONYUGURA JUDITH,ADGHIIJNNORTUUUYY,"['NIYONYUGURA', 'NHMIE', 'NADEGE', 'TOM']",NIY,N526,99/1941
19,8HE474162659,03,2020,2,NADEGE HAKIZIMANA,6.0,5.0,M,1316636107.0,KAGOMASIKIRUHURA,NHMIE,SAMUE,NIYONSABA,NHMIE SAMUE NIYONSABA,AAABEEHIIMMNNNOSSUY,"['NIYONYUGURA', 'NHMIE', 'NADEGE', 'TOM']",NHM,N000,03/2020
19,8K6946221121,06,1923,99,NADEGE HAKIZIMANA,,,F,1316636107.0,KAGOMASIKIRUHURA,NADEGE,-9,HAKIZIMANA,NADEGE HAKIZIMANA,AAAADEEGHIIKMNNZ,"['NIYONYUGURA', 'NHMIE', 'NADEGE', 'TOM']",NAD,N320,06/1923
19,8L8228203851,99,9999,79,NADEGE HAKIZIMANA,7.0,6.0,M,1316636107.0,KAGOMASIKIRUHURA,TOM,RICHAR,NKUSI,TOM RICHAR NKUSI,ACHIIKMNORRSTU,"['NIYONYUGURA', 'NHMIE', 'NADEGE', 'TOM']",TOM,T500,99/9999
20,8PT539952460,99,1993,29,GLADYS RUKUNDO,1.0,11.0,M,8082130004.0,MURINJAKAMPURO,EVO,-9,MUKESHIMANA,EVO MUKESHIMANA,AAEEHIKMMNOSUV,"['EVO', 'MUTABAZI', 'GLADYS', 'VINCENT']",EVO,E100,99/1993
20,8QM252146807,99,2010,12,GLADYS RUKUNDO,6.0,10.0,M,8082130004.0,MURINJAKAMPURO,MUTABAZI,-9,MATABARO,MUTABAZI MATABARO,AAAAABBIMMORTTUZ,"['EVO', 'MUTABAZI', 'GLADYS', 'VINCENT']",MUT,M312,99/2010
20,8RG640390691,11,2006,54,GLADYS RUKUNDO,3.0,9.0,F,8082130004.0,MURINJAKAMPURO,GLADYS,-9,RUKUNDO,GLADYS RUKUNDO,ADDGKLNORSUUY,"['EVO', 'MUTABAZI', 'GLADYS', 'VINCENT']",GLA,G432,11/2006
20,8YN352907501,99,2007,25,GLADYS RUKUNDO,7.0,6.0,M,8082130004.0,MURINJAKAMPURO,VINCENT,-9,UWIZEYIMANA,VINCENT UWIZEYIMANA,AACEEIIIMNNNTUVWYZ,"['EVO', 'MUTABAZI', 'GLADYS', 'VINCENT']",VIN,V525,99/2007
21,95E745534607,99,2003,19,AMANI UMUTESI,3.0,3.0,M,9199909382.0,MUHOTORAGAHUNGE,NTWALI,-9,MBABAZI,NTWALI MBABAZI,AAABBIILMNTWZ,"['NTWALI', 'THACIENNE', 'AMANI']",NTW,N340,99/2003
21,9HX437821826,07,2015,10,AMANI UMUTESI,6.0,5.0,F,9199909382.0,MUHOTORAGAHUNGE,THACIENNE,-9,KWIZERA,THACIENNE KWIZERA,AACEEEHIIKNNRTWZ,"['NTWALI', 'THACIENNE', 'AMANI']",THA,T250,07/2015
21,9JR791868790,06,9999,47,AMANI UMUTESI,,,M,9199909382.0,MUHOTORAGAHUNGE,AMANI,-9,UMUTESI,AMANI UMUTESI,AAEIIMMNSTUU,"['NTWALI', 'THACIENNE', 'AMANI']",AMA,A550,06/9999
22,9MN971833804,99,1973,49,AKIMA KAYITESI,2.0,5.0,F,1781879139.0,MURINJANYAMUHARAZA,GIANNA,-9,UWASE,GIANNA UWASE,AAAEGINNSUW,"['GIANNA', 'BENITHA', 'KALISA', 'AKIMA']",GIA,G500,99/1973
22,9RN477700217,11,9999,21,AKIMA KAYITESI,2.0,11.0,F,1781879139.0,MURINJANYAMUHARAZA,BENITHA,-9,DUSABE,BENITHA DUSABE,AABBDEEHINSTU,"['GIANNA', 'BENITHA', 'KALISA', 'AKIMA']",BEN,B530,11/9999
22,9TW900288132,02,2019,3,AKIMA KAYITESI,6.0,,F,1781879139.0,MURINJANYAMUHARAZA,KALISA,-9,HATEGEKIMANA,KALISA HATEGEKIMANA,AAAAAEEGHIIKKLMNST,"['GIANNA', 'BENITHA', 'KALISA', 'AKIMA']",KAL,K420,02/2019
22,9UM519028608,07,1925,97,AKIMA KAYITESI,7.0,8.0,M,1781879139.0,MURINJANYAMUHARAZA,AKIMA,-9,KAYITESI,AKIMA KAYITESI,AAAEIIIKKMSTY,"['GIANNA', 'BENITHA', 'KALISA', 'AKIMA']",AKI,A250,07/1925
23,9WJ374083701,07,9999,44,HUNGURIMANA MAURICE,6.0,8.0,F,8502045069.0,SHANGASHAKAJYANJYALI,ELVIN,-9,UWINEZA,ELVIN UWINEZA,AEEIILNNUVWZ,"['ELVIN', 'DOGRATIAS', 'HUNGURIMANA']",ELV,E415,07/9999
23,A0F522970138,09,2002,21,HUNGURIMANA MAURICE,5.0,5.0,M,8502045069.0,SHANGASHAKAJYANJYALI,DOGRATIAS,VINCENT,MICHEL,DOGRATIAS VINCENT MICHEL,AACCDEEGHIIILMNNORSTTV,"['ELVIN', 'DOGRATIAS', 'HUNGURIMANA']",DOG,D263,09/2002
23,A28701491679,99,1974,76,HUNGURIMANA MAURICE,5.0,11.0,M,8502045069.0,SHANGASHAKAJYANJYALI,HUNGURIMANA,-9,MAURICE,HUNGURIMANA MAURICE,AAACEGHIIMMNNRRUUU,"['ELVIN', 'DOGRATIAS', 'HUNGURIMANA']",HUN,H526,99/1974
24,A44383367871,04,1956,66,SAMANTHA MAHORO,1.0,7.0,F,5982579619.0,RYANKANAKAYENZI,RITA,-9,TWAGIRAYEZU,RITA TWAGIRAYEZU,AAAEGIIRRTTUWYZ,"['RITA', 'QUDDUS', 'QUDDUS', 'SAMANTHA', 'JOSH']",RIT,R300,04/1956
24,A4D035953573,06,1947,75,SAMANTHA MAHORO,3.0,,M,5982579619.0,BUTAREBUKINANYANA,QUDDUS,-9,CLAUDINE,QUDDUS CLAUDINE,ACDDDEILNQSUUU,"['RITA', 'QUDDUS', 'QUDDUS', 'SAMANTHA', 'JOSH']",QUD,Q320,06/1947
24,A4D035953573,06,1996,77,SAMANTHA MAHORO,3.0,1.0,M,5982579619.0,RYANKANAKAYENZI,QUDDUS,-9,CLAUDINE,QUDDUS CLAUDINE,ACDDDEILNQSUUU,"['RITA', 'QUDDUS', 'QUDDUS', 'SAMANTHA', 'JOSH']",QUD,Q320,06/1996
24,AAC417926465,99,1945,77,SAMANTHA MAHORO,6.0,8.0,F,5982579619.0,RYANKANAKAYENZI,SAMANTHA,-9,MAHORO,SAMANTHA MAHORO,AAAAHHMMNOORST,"['RITA', 'QUDDUS', 'QUDDUS', 'SAMANTHA', 'JOSH']",SAM,S553,99/1945
24,AAV554715583,10,1979,43,SAMANTHA MAHORO,6.0,7.0,M,5982579619.0,RYANKANAKAYENZI,JOSH,-9,MUGARURA,JOSH MUGARURA,AAGHJMORRSUU,"['RITA', 'QUDDUS', 'QUDDUS', 'SAMANTHA', 'JOSH']",JOS,J200,10/1979
26,AJ5218293911,03,1922,100,GAKURU GATO,2.0,7.0,M,2199052804.0,RUGARIMUSHUBI,GAKURU,-9,GATO,GAKURU GATO,AAGGKORTUU,"['GAKURU', 'GAKURU', 'AKALIZA', 'ANGELOTI', 'SRAPHIN']",GAK,G260,03/1922
26,AJ5218293911,12,9999,100,GAKURU GATO,,,M,2199052704.0,RUGARIMUSHUBI,GAKURU,-9,GATO,GAKURU GATO,AAGGKORTUU,"['GAKURU', 'GAKURU', 'AKALIZA', 'ANGELOTI', 'SRAPHIN']",GAK,G260,12/9999
26,ANH017192163,11,1962,60,GAKURU GATO,4.0,8.0,F,2199052704.0,RUGARIMUSHUBI,AKALIZA,-9,JOEL,AKALIZA JOEL,AAAEIJKLLOZ,"['GAKURU', 'GAKURU', 'AKALIZA', 'ANGELOTI', 'SRAPHIN']",AKA,A242,11/1962
26,AP4804589614,10,2003,19,GAKURU GATO,3.0,4.0,M,2199052704.0,RUGARIMUSHUBI,ANGELOTI,-9,NIYIGENA,ANGELOTI NIYIGENA,AAEEGGIIILNNNOTY,"['GAKURU', 'GAKURU', 'AKALIZA', 'ANGELOTI', 'SRAPHIN']",ANG,A524,10/2003
26,APG410329624,99,9999,95,GAKURU GATO,6.0,13.0,M,2199052704.0,RUGARIMUSHUBI,SRAPHIN,-9,NSABIMANA,SRAPHIN NSABIMANA,AAAABHIIMNNNPRSS,"['GAKURU', 'GAKURU', 'AKALIZA', 'ANGELOTI', 'SRAPHIN']",SRA,S615,99/9999
27,ARD335684227,02,2009,14,ISARO SOLANGE,6.0,7.0,F,,KAGEZISAMATARE,SHEMASA,-9,NGARAMBE,SHEMASA NGARAMBE,AAAABEEGHMMNRSS,"['SHEMASA', 'BOLIVE', '-9']",SHE,S520,02/2009
27,AT9405362812,10,9999,99,ISARO SOLANGE,1.0,6.0,F,,KAGEZISAMATARE,BOLIVE,-9,UWINEZA,BOLIVE UWINEZA,ABEEIILNOUVWZ,"['SHEMASA', 'BOLIVE', '-9']",BOL,B410,10/9999
27,AU4018047004,11,9999,80,ISARO SOLANGE,,13.0,F,,KAGEZISAMATARE,-9,-9,SOLANGE,SOLANGE,AEGLNOS,"['SHEMASA', 'BOLIVE', '-9']",-9,-9,11/9999
29,AZC929139495,99,1967,55,CHANISE JANVIER,4.0,9.0,F,8535658894.0,REMERAGITWA,CHANISE,-9,JANVIER,CHANISE JANVIER,AACEEHIIJNNRSV,"['CHANISE', 'JEAN', 'KARENZI', 'DAVY']",CHA,C520,99/1967
29,B3X292907229,99,1975,47,CHANISE JANVIER,4.0,9.0,M,8535658894.0,REMERAGITWA,JEAN,-9,UWIMANA,JEAN UWIMANA,AAAEIJMNNUW,"['CHANISE', 'JEAN', 'KARENZI', 'DAVY']",JEA,J500,99/1975
29,BA2464827205,99,1989,33,CHANISE JANVIER,7.0,13.0,M,8535658894.0,REMERAGITWA,KARENZI,-9,BEATRICE,KARENZI BEATRICE,AABCEEEIIKNRRTZ,"['CHANISE', 'JEAN', 'KARENZI', 'DAVY']",KAR,K652,99/1989
29,BAN842034408,01,9999,25,CHANISE JANVIER,7.0,5.0,M,8535658894.0,REMERAGITWA,DAVY,-9,MWESIGYE,DAVY MWESIGYE,ADEEGIMSVWYY,"['CHANISE', 'JEAN', 'KARENZI', 'DAVY']",DAV,D100,01/9999
30,BAY097123961,08,1999,23,HAPPY KABERA,6.0,7.0,M,7244018688.0,KARAMBOKAMABUYE,INNOCENT,-9,UMURERWA,INNOCENT UMURERWA,ACEEIMNNNORRTUUW,"['INNOCENT', 'HAPPY', 'MWENEDATA']",INN,I525,08/1999
30,BBL713505981,99,1938,77,HAPPY KABERA,4.0,3.0,M,7244018688.0,KARAMBOKAMABUYE,HAPPY,-9,KABERA,HAPPY KABERA,AAABEHKPPRY,"['INNOCENT', 'HAPPY', 'MWENEDATA']",HAP,H100,99/1938
30,BHQ493972194,02,2021,1,HAPPY KABERA,6.0,7.0,M,7244018688.0,KARAMBOKAMABUYE,MWENEDATA,-9,ALINE,MWENEDATA ALINE,AAADEEEILMNNTW,"['INNOCENT', 'HAPPY', 'MWENEDATA']",MWE,M533,02/2021
31,BIB950269981,03,9999,85,MUTONI DIANE,7.0,11.0,F,,RYANKANAKAYENZI,MUTONI,-9,DIANE,MUTONI DIANE,ADEIIMNNOTU,"['MUTONI', 'ROYAL', 'ADOLPHE', 'MARIE']",MUT,M350,03/9999
31,BIX395404283,02,9999,40,MUTONI DIANE,5.0,8.0,,,RYANKANAKAYENZI,ROYAL,-9,UWAMARIYA,ROYAL UWAMARIYA,AAAAILMORRUWYY,"['MUTONI', 'ROYAL', 'ADOLPHE', 'MARIE']",ROY,R400,02/9999
31,BKA144081998,99,2005,17,MUTONI DIANE,6.0,13.0,M,,RYANKANAKAYENZI,ADOLPHE,-9,AUGUSTI,ADOLPHE AUGUSTI,AADEGHILOPSTUU,"['MUTONI', 'ROYAL', 'ADOLPHE', 'MARIE']",ADO,A341,99/2005
31,BKO108806645,01,1972,50,MUTONI DIANE,1.0,,F,,RYANKANAKAYENZI,MARIE,LOUISE,-9,MARIE LOUISE,AEEIILMORSU,"['MUTONI', 'ROYAL', 'ADOLPHE', 'MARIE']",MAR,M600,01/1972
33,BPS437509241,06,1952,70,JOHN MARRY VITAL,2.0,5.0,M,9215743537.0,NYANZATABA,JOHN,MARRY,VITAL,JOHN MARRY VITAL,AAHIJLMNORRTVY,"['JOHN', '-9']",JOH,J500,06/1952
33,BPW898270968,08,1986,67,JOHN MARRY VITAL,3.0,5.0,F,9215743537.0,NYANZATABA,-9,-9,MBARUSHIMANA,MBARUSHIMANA,AAABHIMMNRSU,"['JOHN', '-9']",-9,-9,08/1986
34,BSX819088908,08,2021,4,SEDHAR KUBWIMANA,6.0,3.0,F,1004279617.0,KIGARAMAINGENZI,PAT,-9,KAMANZI,PAT KAMANZI,AAAIKMNPTZ,"['PAT', 'SEDHAR', 'ISMAEL']",PAT,P300,08/2021
34,BUS362554019,07,9999,47,SEDHAR KUBWIMANA,1.0,10.0,M,1004279617.0,KIGARAMAINGENZI,SEDHAR,-9,KUBMANA,SEDHAR KUBMANA,AAABDEHKMNRSU,"['PAT', 'SEDHAR', 'ISMAEL']",SED,S360,07/9999
34,C2B368543840,99,1984,9,SEDHAR KUBWIMANA,6.0,12.0,M,1004279617.0,KIGARAMAINGENZI,ISMAEL,-9,STRATON,ISMAEL STRATON,AAEILMNORSSTT,"['PAT', 'SEDHAR', 'ISMAEL']",ISM,I254,99/1984
35,C3Z489676537,05,9999,61,UWAMAHORO DAMAS,1.0,5.0,F,4246322811.0,MUHAMBACYOBAHARAYE,UWAMAHORO,-9,DAMAS,UWAMAHORO DAMAS,AAAADHMMOORSUW,"['UWAMAHORO', 'AMANDA']",UWA,U560,05/9999
35,C47524321394,11,1974,48,UWAMAHORO DAMAS,4.0,8.0,F,4246322811.0,MUHAMBACYOBAHARAYE,AMANDA,-9,KAYITESI,AMANDA KAYITESI,AAAADEIIKMNSTY,"['UWAMAHORO', 'AMANDA']",AMA,A553,11/1974
36,C4O068308716,02,1924,98,BERTRAND GATETE,2.0,13.0,M,9721083915.0,BURIMAMIRAMBI,BERTRAND,-9,GATETE,BERTRAND GATETE,AABDEEEGNRRTTT,"['BERTRAND', 'IRAKOZE', 'BRUNO']",BER,B636,02/1924
36,CDD419821306,05,1966,56,BERTRAND GATETE,1.0,,M,9721083915.0,BURIMAMIRAMBI,IRAKOZE,-9,BUTERA,IRAKOZE BUTERA,AABEEIKORRTUZ,"['BERTRAND', 'IRAKOZE', 'BRUNO']",IRA,I622,05/1966
36,CGG844439876,09,1943,5,BERTRAND GATETE,6.0,8.0,M,9721083915.0,BURIMAMIRAMBI,BRUNO,-9,BOSCO,BRUNO BOSCO,BBCNOOORSU,"['BERTRAND', 'IRAKOZE', 'BRUNO']",BRU,B650,09/1943
37,CGH069944424,11,2014,8,YANNICK NIYO,,6.0,M,9898482048.0,JURUMIKINGA,-9,-9,BEATRICE,BEATRICE,ABCEEIRT,"['-9', 'MARIE', 'YANNICK']",-9,-9,11/2014
37,CI5143190272,99,1980,42,YANNICK NIYO,5.0,3.0,F,9898482048.0,JURUMIKINGA,MARIE,CHANTAL,MUTABAZI,MARIE CHANTAL MUTABAZI,AAAAABCEHIILMMNRTTUZ,"['-9', 'MARIE', 'YANNICK']",MAR,M600,99/1980
37,CIF019441339,10,9999,60,YANNICK NIYO,7.0,7.0,M,9898482048.0,JURUMIKINGA,YANNICK,-9,NIYO,YANNICK NIYO,ACIIKNNNOYY,"['-9', 'MARIE', 'YANNICK']",YAN,Y520,10/9999
38,CIG589022929,05,9999,61,CHRIS KABAGAMBE,2.0,,F,1038636624.0,JURUNYABUGOGO,DIVINE,MIMY,GASANA,DIVINE MIMY GASANA,AAADEGIIIMMNNSVY,"['DIVINE', 'CHRIS', 'KASSIM']",DIV,D150,05/9999
38,CKH811067880,02,1929,93,CHRIS KABAGAMBE,4.0,7.0,M,1038636624.0,JURUNYABUGOGO,CHRIS,-9,KABAGAMBE,CHRIS KABAGAMBE,AAABBCEGHIKMRS,"['DIVINE', 'CHRIS', 'KASSIM']",CHR,C620,02/1929
38,CKI249688560,99,1949,74,CHRIS KABAGAMBE,1.0,11.0,M,1038636624.0,JURUNYABUGOGO,KASSIM,-9,NDAYISHIMIYE,KASSIM NDAYISHIMIYE,AADEHIIIIKMMNSSSYY,"['DIVINE', 'CHRIS', 'KASSIM']",KAS,K250,99/1949
39,CME291687952,08,2019,3,NIYIBIZI JEAN KAYIRANGA,6.0,9.0,M,3181567578.0,GITOVUGITEGA,JAPHET,-9,ALAIN,JAPHET ALAIN,AAAEHIJLNPT,"['JAPHET', 'JEAN', 'NIYIBIZI', 'VIEUR']",JAP,J130,08/2019
39,CT3448003390,05,1982,40,NIYIBIZI JEAN KAYIRANGA,3.0,6.0,M,3181567578.0,GITOVUGITEGA,JEAN,FELIX,HOPE,JEAN FELIX HOPE,AEEEFHIJLNOPX,"['JAPHET', 'JEAN', 'NIYIBIZI', 'VIEUR']",JEA,J500,05/1982
39,CTH858963568,12,1948,74,NIYIBIZI JEAN KAYIRANGA,6.0,6.0,M,3181567578.0,GITOVUGITEGA,NIYIBIZI,JEAN,KAYIRANGA,NIYIBIZI JEAN KAYIRANGA,AAAABEGIIIIIJKNNNRYYZ,"['JAPHET', 'JEAN', 'NIYIBIZI', 'VIEUR']",NIY,N120,12/1948
39,CYD715478912,99,1961,61,NIYIBIZI JEAN KAYIRANGA,7.0,5.0,M,3181567578.0,GITOVUGITEGA,VIEUR,-9,-9,VIEUR,EIRUV,"['JAPHET', 'JEAN', 'NIYIBIZI', 'VIEUR']",VIE,V600,99/1961
40,D4X255970026,99,9999,85,BENISON MUHINDO,3.0,5.0,M,7432145448.0,REMERAGITWA,PIERRE,CLAVER,AGABA,PIERRE CLAVER AGABA,AAAABCEEEGILPRRRV,"['PIERRE', 'MUSSA', 'BENISON', 'GATORANO']",PIE,P600,99/9999
40,D7T717099086,11,9999,63,BENISON MUHINDO,2.0,,M,7432145448.0,REMERAGITWA,MUSSA,-9,KARARA,MUSSA KARARA,AAAAKMRRSSU,"['PIERRE', 'MUSSA', 'BENISON', 'GATORANO']",MUS,M200,11/9999
40,DB1768778667,08,1932,91,BENISON MUHINDO,5.0,9.0,M,7432145448.0,REMERAGITWA,BENISON,-9,MUHINDO,BENISON MUHINDO,BDEHIIMNNNOOSU,"['PIERRE', 'MUSSA', 'BENISON', 'GATORANO']",BEN,B525,08/1932
40,DC3840523317,03,1991,15,BENISON MUHINDO,6.0,10.0,M,7432145448.0,REMERAGITWA,GATORANO,-9,JUNIOR,GATORANO JUNIOR,AAGIJNNOOORRTU,"['PIERRE', 'MUSSA', 'BENISON', 'GATORANO']",GAT,G365,03/1991
41,DEN384517647,10,1947,75,MARIE ANGE NDAYISHIMIYE,5.0,2.0,F,5144563102.0,GASEKEDUTWE,VALENTINE,-9,NIZEYIMANA,VALENTINE NIZEYIMANA,AAAEEEIIILMNNNNTVYZ,"['VALENTINE', 'MUTESI', 'MARIE', 'BAHIZI']",VAL,V453,10/1947
41,DIM752506180,99,2010,12,MARIE ANGE NDAYISHIMIYE,6.0,12.0,F,5144563102.0,GASEKEDUTWE,MUTESI,-9,ANDR,MUTESI ANDR,ADEIMNRSTU,"['VALENTINE', 'MUTESI', 'MARIE', 'BAHIZI']",MUT,M320,99/2010
41,DMM807697672,07,9999,89,MARIE ANGE NDAYISHIMIYE,4.0,3.0,F,5144563102.0,GASEKEDUTWE,MARIE,ANGE,NDAYISHIMIYE,MARIE ANGE NDAYISHIMIYE,AAADEEEGHIIIIMMNNRSYY,"['VALENTINE', 'MUTESI', 'MARIE', 'BAHIZI']",MAR,M600,07/9999
41,DNU829902998,10,9999,11,MARIE ANGE NDAYISHIMIYE,6.0,3.0,M,5144563102.0,GASEKEDUTWE,BAHIZI,GASPARD,INNOCENT,BAHIZI GASPARD INNOCENT,AAABCDEGHIIINNNOPRSTZ,"['VALENTINE', 'MUTESI', 'MARIE', 'BAHIZI']",BAH,B200,10/9999
42,DQT925842518,12,1992,30,ELICAN VALENTINE,5.0,3.0,F,,NYAGAHINGAKIGAGA,NEZA,-9,RAMAZANI,NEZA RAMAZANI,AAAAEIMNNRZZ,"['NEZA', 'ELICAN', 'EMMY']",NEZ,N200,12/1992
42,DSX631009271,99,9999,99,ELICAN VALENTINE,2.0,8.0,M,,NYAGAHINGAKIGAGA,ELICAN,-9,VALENTINE,ELICAN VALENTINE,AACEEEIILLNNNTV,"['NEZA', 'ELICAN', 'EMMY']",ELI,E425,99/9999
42,DUH459763632,09,1963,52,ELICAN VALENTINE,,,M,,NYAGAHINGAKIGAGA,EMMY,PRINCE,UWAMARIYA,EMMY PRINCE UWAMARIYA,AAACEEIIMMMNPRRUWYY,"['NEZA', 'ELICAN', 'EMMY']",EMM,E500,09/1963
43,DXX145159030,12,9999,32,LAMBERT KABERA,,6.0,M,7621647104.0,KABARONDONYAKARAMBI,-9,-9,HABIMANA,HABIMANA,AAABHIMN,"['-9', 'NDAGIJIMANA', 'AUDACE', 'LAMBERT', 'LAMBERT']",-9,-9,12/9999
43,DYY234436095,06,2002,22,LAMBERT KABERA,6.0,7.0,M,7621647104.0,KABARONDONYAKARAMBI,NDAGIJIMANA,-9,NIZEYIMANA,NDAGIJIMANA NIZEYIMANA,AAAAADEGIIIIJMMNNNNYZ,"['-9', 'NDAGIJIMANA', 'AUDACE', 'LAMBERT', 'LAMBERT']",NDA,N322,06/2002
43,DZJ434751496,10,1973,49,LAMBERT KABERA,7.0,10.0,M,7621647104.0,KABARONDONYAKARAMBI,AUDACE,-9,TWAHIRWA,AUDACE TWAHIRWA,AAAACDEHIRTUWW,"['-9', 'NDAGIJIMANA', 'AUDACE', 'LAMBERT', 'LAMBERT']",AUD,A320,10/1973
43,E23596225011,06,1932,90,LAMBERT KABERA,6.0,1.0,M,7621647104.0,KARURUMABUSASAMANA,LAMBERT,-9,KABERA,LAMBERT KABERA,AAABBEEKLMRRT,"['-9', 'NDAGIJIMANA', 'AUDACE', 'LAMBERT', 'LAMBERT']",LAM,L516,06/1932
43,E23596225011,06,2001,90,LAMBERT KABERA,6.0,1.0,M,7621647104.0,KABARONDONYAKARAMBI,LAMBERT,-9,KABERA,LAMBERT KABERA,AAABBEEKLMRRT,"['-9', 'NDAGIJIMANA', 'AUDACE', 'LAMBERT', 'LAMBERT']",LAM,L516,06/2001
45,EJE566185827,06,1971,21,EMMY FRANCOIS,2.0,8.0,M,6099637466.0,KAREBARUBARE,WILLY,-9,GATARI,WILLY GATARI,AAGIILLRTWY,"['WILLY', 'JUSTIN', 'CHANISE', 'EMMY', 'ROGER']",WIL,W400,06/1971
45,EL7917901931,08,9999,85,EMMY FRANCOIS,3.0,5.0,M,6099637466.0,KAREBARUBARE,JUSTIN,-9,UMUTONI,JUSTIN UMUTONI,IIJMNNOSTTUUU,"['WILLY', 'JUSTIN', 'CHANISE', 'EMMY', 'ROGER']",JUS,J235,08/9999
45,ENX400046703,04,1944,81,EMMY FRANCOIS,7.0,9.0,F,6099637466.0,KAREBARUBARE,CHANISE,-9,UWIZEYE,CHANISE UWIZEYE,ACEEEHIINSUWYZ,"['WILLY', 'JUSTIN', 'CHANISE', 'EMMY', 'ROGER']",CHA,C520,04/1944
45,EPR123142666,99,1935,88,EMMY FRANCOIS,3.0,12.0,,6099637466.0,KAREBARUBARE,EMMY,-9,FRANC,EMMY FRANC,ACEFMMNRY,"['WILLY', 'JUSTIN', 'CHANISE', 'EMMY', 'ROGER']",EMM,E500,99/1935
45,EQF866073848,99,9999,13,EMMY FRANCOIS,6.0,1.0,M,6099637466.0,KAREBARUBARE,ROGER,-9,UWERA,ROGER UWERA,AEEGORRRUW,"['WILLY', 'JUSTIN', 'CHANISE', 'EMMY', 'ROGER']",ROG,R260,99/9999
46,EVD402242280,99,1963,59,IRANKUNDA XAVIER MUGABE,1.0,10.0,M,2141447854.0,CYENKWANZIRUREMBO,ISSA,-9,UMULISA,ISSA UMULISA,AAIILMSSSUU,"['ISSA', '-9', 'JEAN', 'IRANKUNDA']",ISS,I200,99/1963
46,EVI334428460,09,9999,6,IRANKUNDA XAVIER MUGABE,6.0,6.0,M,2141447854.0,CYENKWANZIRUREMBO,-9,-9,UMULISA,UMULISA,AILMSUU,"['ISSA', '-9', 'JEAN', 'IRANKUNDA']",-9,-9,09/9999
46,EZR488352561,01,1956,45,IRANKUNDA XAVIER MUGABE,3.0,12.0,M,2141447854.0,CYENKWANZIRUREMBO,JEAN,BAPTISTE,MUKAMA,JEAN BAPTISTE MUKAMA,AAAABEEIJKMMNPSTTU,"['ISSA', '-9', 'JEAN', 'IRANKUNDA']",JEA,J500,01/1956
46,F2L495192595,99,9999,70,IRANKUNDA XAVIER MUGABE,4.0,9.0,M,2141447854.0,CYENKWANZIRUREMBO,IRANKUNDA,XAVIER,MUGABE,IRANKUNDA XAVIER MUGABE,AAAABDEEGIIKMNNRRUUVX,"['ISSA', '-9', 'JEAN', 'IRANKUNDA']",IRA,I652,99/9999
47,F44464506408,11,1985,37,BENJAMIN MULINDA,5.0,8.0,F,2136858194.0,NYAMWERURUHENGERI,THEOBALD,-9,MUNYANEZA,THEOBALD MUNYANEZA,AAABDEEHLMNNOTUYZ,"['THEOBALD', 'BENJAMIN', 'IRAGENA', 'IRAGENA']",THE,T143,11/1985
47,FAA264151688,05,1925,97,BENJAMIN MULINDA,4.0,13.0,M,2136858194.0,NYAMWERURUHENGERI,BENJAMIN,-9,MULINDA,BENJAMIN MULINDA,AABDEIIJLMMNNNU,"['THEOBALD', 'BENJAMIN', 'IRAGENA', 'IRAGENA']",BEN,B525,05/1925
47,FAR579973508,99,2011,11,BENJAMIN MULINDA,6.0,,F,2136858194.0,RWARENGANYARUBUYE,IRAGENA,-9,ALOYS,IRAGENA ALOYS,AAAEGILNORSY,"['THEOBALD', 'BENJAMIN', 'IRAGENA', 'IRAGENA']",IRA,I625,99/2011
47,FAR579973508,99,2011,11,BENJAMIN MULINDA,6.0,3.0,F,2136858194.0,NYAMWERURUHENGERI,IRAGENA,-9,ALOYS,IRAGENA ALOYS,AAAEGILNORSY,"['THEOBALD', 'BENJAMIN', 'IRAGENA', 'IRAGENA']",IRA,I625,99/2011
48,FFF694733889,99,2000,22,LORRAINE NSABIMANA,1.0,8.0,F,,JABAHESHA,SOLANGE,-9,BIZIMANA,SOLANGE BIZIMANA,AAABEGIILMNNOSZ,"['SOLANGE', 'LORRAINE', 'LINDA']",SOL,S452,99/2000
48,FIJ504434399,09,9999,99,LORRAINE NSABIMANA,3.0,8.0,F,,JABAHESHA,LORRAINE,-9,NSABIMANA,LORRAINE NSABIMANA,AAAABEIILMNNNORRS,"['SOLANGE', 'LORRAINE', 'LINDA']",LOR,L650,09/9999
48,FKG690819243,99,1966,57,LORRAINE NSABIMANA,2.0,2.0,F,,JABAHESHA,LINDA,-9,HABIMANA,LINDA HABIMANA,AAAABDHIILMNN,"['SOLANGE', 'LORRAINE', 'LINDA']",LIN,L530,99/1966
49,FKX110869062,01,1928,32,PACIFIC MUTESI,,2.0,M,7205463613.0,MUYANGEMUYANGE,UWAO,PATRICK,CLAVUER,UWAO PATRICK CLAVUER,AAACCEIKLOPRRTUUVW,"['UWAO', 'BASILE', 'PACIFIC']",UWA,U000,01/1928
49,FL7459935953,99,2007,15,PACIFIC MUTESI,6.0,7.0,F,7205463613.0,MUYANGEMUYANGE,BASILE,-9,ALEXANDRE,BASILE ALEXANDRE,AAABDEEEILLNRSX,"['UWAO', 'BASILE', 'PACIFIC']",BAS,B240,99/2007
49,FQ7513390709,01,1962,60,PACIFIC MUTESI,1.0,1.0,M,7205463613.0,MUYANGEMUYANGE,PACIFIC,-9,MULESI,PACIFIC MULESI,ACCEFIIILMPSU,"['UWAO', 'BASILE', 'PACIFIC']",PAC,P212,01/1962
51,FXR758864377,99,9999,83,EMMY ARSONVAL MUTUYIMANA,5.0,8.0,M,1488624879.0,MUGANZAKARENGE,EMMY,ARSONVAL,-9,EMMY ARSONVAL,AAELMMNORSVY,"['EMMY', 'PACIFIQUE', 'EMMY', 'OTIS']",EMM,E500,99/9999
51,FXX052916425,12,2000,22,EMMY ARSONVAL MUTUYIMANA,4.0,5.0,M,1488624879.0,MUGANZAKARENGE,PACIFIQUE,-9,-9,PACIFIQUE,ACEFIIPQU,"['EMMY', 'PACIFIQUE', 'EMMY', 'OTIS']",PAC,P212,12/2000
51,GA9972129756,99,1994,28,EMMY ARSONVAL MUTUYIMANA,5.0,11.0,M,1488624879.0,MUGANZAKARENGE,EMMY,PRINCE,HARERIMANA,EMMY PRINCE HARERIMANA,AAACEEEHIIMMMNNPRRRY,"['EMMY', 'PACIFIQUE', 'EMMY', 'OTIS']",EMM,E500,99/1994
51,GAS577040113,99,1958,43,EMMY ARSONVAL MUTUYIMANA,,10.0,M,1488624879.0,MUGANZAKARENGE,OTIS,-9,BIMENYIMANA,OTIS BIMENYIMANA,AABEIIIMMNNOSTY,"['EMMY', 'PACIFIQUE', 'EMMY', 'OTIS']",OTI,O320,99/1958
52,GAT753724721,11,9999,18,DODOS MUHUMUZA,6.0,9.0,F,5832224487.0,TABANGENDO,ROSY,-9,MUGISHA,ROSY MUGISHA,AGHIMORSSUY,"['ROSY', 'DODOS', 'MUJJAWIMANA']",ROS,R200,11/9999
52,GDZ841615309,99,1963,59,DODOS MUHUMUZA,1.0,,M,5832224487.0,TABANGENDO,DODOS,-9,MUHUMUZA,DODOS MUHUMUZA,ADDHMMOOSUUUZ,"['ROSY', 'DODOS', 'MUJJAWIMANA']",DOD,D320,99/1963
52,GF9986371386,99,1938,50,DODOS MUHUMUZA,5.0,7.0,M,5832224487.0,TABANGENDO,MUJJAWIMANA,REGIS,RODRIGUE,MUJJAWIMANA REGIS RODRIGUE,AAADEEGGIIIJJMMNORRRSUUW,"['ROSY', 'DODOS', 'MUJJAWIMANA']",MUJ,M255,99/1938
53,GFH441848680,03,2011,11,RUGIRA TUMUKUNDE,6.0,1.0,M,3159707306.0,BURIMAMIRAMBI,AYOUBE,-9,TWAGIRAYEZU,AYOUBE TWAGIRAYEZU,AAABEEGIORTUUWYYZ,"['AYOUBE', 'RUGIRA', 'JEAN', 'CHARLES']",AYO,A100,03/2011
53,GGP902174594,10,1931,99,RUGIRA TUMUKUNDE,6.0,6.0,M,3159707306.0,BURIMAMIRAMBI,RUGIRA,-9,TUMUKUNDE,RUGIRA TUMUKUNDE,ADEGIKMNRRTUUUU,"['AYOUBE', 'RUGIRA', 'JEAN', 'CHARLES']",RUG,R260,10/1931
53,GIC847114647,07,1952,70,RUGIRA TUMUKUNDE,7.0,9.0,M,3159707306.0,BURIMAMIRAMBI,JEAN,PIERRE,DIEU,JEAN PIERRE DIEU,ADEEEEIIJNPRRU,"['AYOUBE', 'RUGIRA', 'JEAN', 'CHARLES']",JEA,J500,07/1952
53,GJA349466258,99,2015,10,RUGIRA TUMUKUNDE,6.0,9.0,M,3159707306.0,BURIMAMIRAMBI,CHARLES,-9,SANGWA,CHARLES SANGWA,AAACEGHLNRSSW,"['AYOUBE', 'RUGIRA', 'JEAN', 'CHARLES']",CHA,C642,99/2015
55,GXJ335640338,99,1981,41,CYRIAQUE BOSCO,6.0,5.0,F,2102073197.0,TABANGENDO,ALBERT,-9,JEAN,ALBERT JEAN,AABEEJLNRT,"['ALBERT', 'CYRIAQUE', 'DAVD']",ALB,A416,99/1981
55,GZ4617012810,02,9999,99,CYRIAQUE BOSCO,5.0,1.0,M,2102073197.0,TABANGENDO,CYRIAQUE,-9,BOSCO,CYRIAQUE BOSCO,ABCCEIOOQRSUY,"['ALBERT', 'CYRIAQUE', 'DAVD']",CYR,C620,02/9999
55,H6A070056906,11,2012,10,CYRIAQUE BOSCO,6.0,9.0,M,2102073197.0,TABANGENDO,DAVD,-9,HASSAN,DAVD HASSAN,AAADDHNSSV,"['ALBERT', 'CYRIAQUE', 'DAVD']",DAV,D130,11/2012
56,H7V224236269,10,2009,13,REMY KUBWIMANA,6.0,10.0,M,1951892852.0,KAMASHANGIKAMUHOZI,RENE,-9,KAYIHUA,RENE KAYIHUA,AAEEHIKNRUY,"['RENE', 'DIEU', '-9']",REN,R500,10/2009
56,H8U884945704,09,1983,39,REMY KUBWIMANA,7.0,10.0,M,1951892852.0,KAMASHANGIKAMUHOZI,DIEU,-9,JOSEPHINE,DIEU JOSEPHINE,DEEEHIIJNOPSU,"['RENE', 'DIEU', '-9']",DIE,D000,09/1983
56,H8X149149796,99,9999,73,REMY KUBWIMANA,5.0,6.0,M,1951892852.0,KAMASHANGIKAMUHOZI,-9,-9,KUBWIMANA,KUBWIMANA,AABIKMNUW,"['RENE', 'DIEU', '-9']",-9,-9,99/9999
57,HBA816395291,05,1955,67,NKURUNZIZA MULINDWA,2.0,9.0,M,9451375765.0,MUGANZANYARUTEJA,SETH,-9,GATSINZI,SETH GATSINZI,AEGHIINSSTTZ,"['SETH', 'NYARUYONGA', 'MUGWANEZA', 'NKURUNZIZA']",SET,S300,05/1955
57,HC6931942742,08,1996,26,NKURUNZIZA MULINDWA,1.0,10.0,M,9451375765.0,MUGANZANYARUTEJA,NYARUYONGA,PATRICK,NGABONZIZA,NYARUYONGA PATRICK NGABONZIZA,AAAAABCGGIIKNNNNOOPRRTUYYZZ,"['SETH', 'NYARUYONGA', 'MUGWANEZA', 'NKURUNZIZA']",NYA,N652,08/1996
57,HCJ776867776,07,9999,61,NKURUNZIZA MULINDWA,,4.0,,9451375765.0,MUGANZANYARUTEJA,MUGWANEZA,-9,MUGABO,MUGWANEZA MUGABO,AAABEGGMMNOUUWZ,"['SETH', 'NYARUYONGA', 'MUGWANEZA', 'NKURUNZIZA']",MUG,M252,07/9999
57,HDM374121233,03,1931,91,NKURUNZIZA MULINDWA,4.0,2.0,M,9451375765.0,MUGANZANYARUTEJA,NKURUNZIZA,-9,MULINDWA,NKURUNZIZA MULINDWA,AADIIKLMNNNRUUUWZZ,"['SETH', 'NYARUYONGA', 'MUGWANEZA', 'NKURUNZIZA']",NKU,N265,03/1931
58,HGB850106465,08,1967,55,DAVID KWIZERA BERNARD,7.0,2.0,M,1655870020.0,NYAKAGEZIMBUBA,-9,EMMANUEL,PEACE,EMMANUEL PEACE,AACEEEELMMNPU,"['-9', 'PHIONAH', 'DAVID', 'SHEMA']",-9,-9,08/1967
58,HGE019122016,04,1942,80,DAVID KWIZERA BERNARD,4.0,12.0,F,1655870020.0,NYAKAGEZIMBUBA,PHIONAH,-9,NSENGIMANA,PHIONAH NSENGIMANA,AAAEGHHIIMNNNNOPS,"['-9', 'PHIONAH', 'DAVID', 'SHEMA']",PHI,P500,04/1942
58,HGG405116220,12,2009,96,DAVID KWIZERA BERNARD,,10.0,M,1655870020.0,NYAKAGEZIMBUBA,DAVID,KWIZERA,BERNARD,DAVID KWIZERA BERNARD,AAABDDDEEIIKNRRRVWZ,"['-9', 'PHIONAH', 'DAVID', 'SHEMA']",DAV,D130,12/2009
58,HGP321027077,99,1943,79,DAVID KWIZERA BERNARD,4.0,9.0,M,1655870020.0,NYAKAGEZIMBUBA,SHEMA,KAYEZU,BYUKUSENGE,SHEMA KAYEZU BYUKUSENGE,AABEEEEGHKKMNSSUUUYYZ,"['-9', 'PHIONAH', 'DAVID', 'SHEMA']",SHE,S500,99/1943
59,HJ6955888421,03,1921,101,BURUNDIAN IRAKOZE,4.0,,M,,NYAGASENYIRAMBA,BURUNDIAN,-9,IRAKOZE,BURUNDIAN IRAKOZE,AABDEIIKNNORRUUZ,"['BURUNDIAN', 'AJAY', 'ANNONCIATA']",BUR,B653,03/1921
59,HJS669785023,99,9999,40,BURUNDIAN IRAKOZE,2.0,4.0,M,,NYAGASENYIRAMBA,AJAY,-9,RURANGWA,AJAY RURANGWA,AAAAGJNRRUWY,"['BURUNDIAN', 'AJAY', 'ANNONCIATA']",AJA,A200,99/9999
59,HJV650281580,12,1961,61,BURUNDIAN IRAKOZE,3.0,9.0,F,,NYAGASENYIRAMBA,ANNONCIATA,-9,HARERIMANA,ANNONCIATA HARERIMANA,AAAAAACEHIIMNNNNORRT,"['BURUNDIAN', 'AJAY', 'ANNONCIATA']",ANN,A552,12/1961
60,HMN810591152,99,1978,44,FRANCOISE UMUHOZA,1.0,13.0,M,5442447073.0,MUSOVUCYABASONGA,TUYISENGE,-9,UWIZEYIMANA,TUYISENGE UWIZEYIMANA,AAEEEGIIIMNNSTUUWYYZ,"['TUYISENGE', 'FRANCOISE', 'ROMEO', 'MUKAMBANGUZA']",TUY,T252,99/1978
60,HMY749712033,99,1957,65,FRANCOISE UMUHOZA,2.0,10.0,F,5442447073.0,MUSOVUCYABASONGA,FRANCOISE,-9,UMUHOZA,FRANCOISE UMUHOZA,AACEFHIMNOORSUUZ,"['TUYISENGE', 'FRANCOISE', 'ROMEO', 'MUKAMBANGUZA']",FRA,F652,99/1957
60,HQC690330863,08,1949,59,FRANCOISE UMUHOZA,5.0,13.0,M,5442447073.0,MUSOVUCYABASONGA,ROMEO,RICK,-9,ROMEO RICK,CEIKMOORR,"['TUYISENGE', 'FRANCOISE', 'ROMEO', 'MUKAMBANGUZA']",ROM,R500,08/1949
60,HVB034983317,12,2004,18,FRANCOISE UMUHOZA,4.0,1.0,F,5442447073.0,MUSOVUCYABASONGA,MUKAMBANGUZA,JOSIANE,BUTERA,MUKAMBANGUZA JOSIANE BUTERA,AAAAABBEEGIJKMMNNORSTUUUZ,"['TUYISENGE', 'FRANCOISE', 'ROMEO', 'MUKAMBANGUZA']",MUK,M251,12/2004
61,HVT141708675,05,1993,29,ERIC MUVUNYI,6.0,,M,7457912412.0,AKABOTIAKAYENZI,IDRISSA,-9,HAVUGIMANA,IDRISSA HAVUGIMANA,AAAADGHIIIMNRSSUV,"['IDRISSA', 'IRNE', 'THERESE', 'ERIC']",IDR,I362,05/1993
61,HWG467111248,99,2020,2,ERIC MUVUNYI,6.0,13.0,F,7457912412.0,AKABOTIAKAYENZI,IRNE,-9,NIYONSENGA,IRNE NIYONSENGA,AEEGIINNNNORSY,"['IDRISSA', 'IRNE', 'THERESE', 'ERIC']",IRN,I650,99/2020
61,HX0362117509,10,9999,9,ERIC MUVUNYI,6.0,3.0,F,7457912412.0,AKABOTIAKAYENZI,THERESE,-9,MUTONI,THERESE MUTONI,EEEHIMNORSTTU,"['IDRISSA', 'IRNE', 'THERESE', 'ERIC']",THE,T620,10/9999
61,HYM514853138,05,1943,84,ERIC MUVUNYI,2.0,5.0,M,7457912412.0,AKABOTIAKAYENZI,ERIC,-9,MUVUNYI,ERIC MUVUNYI,CEIIMNRUUVY,"['IDRISSA', 'IRNE', 'THERESE', 'ERIC']",ERI,E620,05/1943
62,IAH444305755,01,1932,91,JOHN AGNES,2.0,2.0,M,5166489363.0,GITISIKABUGUSU,IBRAHIM,-9,CHANTAL,IBRAHIM CHANTAL,AAABCHHIILMNRT,"['IBRAHIM', 'NICOLE', 'JOHN']",IBR,I165,01/1932
62,IBF732007510,12,1985,37,JOHN AGNES,7.0,4.0,F,5166489363.0,GITISIKABUGUSU,NICOLE,-9,RUTAYISIRE,NICOLE RUTAYISIRE,ACEEIIILNORRSTUY,"['IBRAHIM', 'NICOLE', 'JOHN']",NIC,N240,12/1985
62,IC4000566589,03,1985,92,JOHN AGNES,1.0,2.0,M,5166489363.0,GITISIKABUGUSU,JOHN,-9,AGNES,JOHN AGNES,AEGHJNNOS,"['IBRAHIM', 'NICOLE', 'JOHN']",JOH,J500,03/1985
63,IDM605993712,08,1982,40,AIMEE NIYITEGEKA,2.0,7.0,F,9101466357.0,GASIZAISANGANO,SHAMARIMA,-9,-9,SHAMARIMA,AAAHIMMRS,"['SHAMARIMA', 'AIMEE']",SHA,S565,08/1982
63,IGZ535497516,02,1932,93,AIMEE NIYITEGEKA,6.0,,F,9101466357.0,GASIZAISANGANO,AIMEE,-9,NIYITEGEKA,AIMEE NIYITEGEKA,AAEEEEGIIIKMNTY,"['SHAMARIMA', 'AIMEE']",AIM,A500,02/1932
64,IJV897774636,12,1935,90,JANVIER NDUWIMANA,2.0,2.0,M,1548903440.0,VIROVIRO,JANVIER,-9,NDUWIMANA,JANVIER NDUWIMANA,AAADEIIJMNNNRUVW,"['JANVIER', 'MUSHIKIWABO', 'PATRICE', 'EUGENE', 'JENY']",JAN,J516,12/1935
64,IKR726062477,99,2010,9,JANVIER NDUWIMANA,6.0,1.0,F,1548903440.0,VIROVIRO,MUSHIKIWABO,-9,MUGANZA,MUSHIKIWABO MUGANZA,AAABGHIIKMMNOSUUWZ,"['JANVIER', 'MUSHIKIWABO', 'PATRICE', 'EUGENE', 'JENY']",MUS,M221,99/2010
64,ILT692662486,99,2008,23,JANVIER NDUWIMANA,4.0,1.0,M,1548903440.0,VIROVIRO,PATRICE,-9,BIRUNGI,PATRICE BIRUNGI,ABCEGIIINPRRTU,"['JANVIER', 'MUSHIKIWABO', 'PATRICE', 'EUGENE', 'JENY']",PAT,P362,99/2008
64,IN0874341263,01,1994,28,JANVIER NDUWIMANA,2.0,13.0,M,1548903440.0,VIROVIRO,EUGENE,-9,-9,EUGENE,EEEGNU,"['JANVIER', 'MUSHIKIWABO', 'PATRICE', 'EUGENE', 'JENY']",EUG,E250,01/1994
64,INT341141308,03,1982,40,JANVIER NDUWIMANA,,4.0,F,1548903440.0,VIROVIRO,JENY,-9,UMUTONI,JENY UMUTONI,EIJMNNOTUUY,"['JANVIER', 'MUSHIKIWABO', 'PATRICE', 'EUGENE', 'JENY']",JEN,J500,03/1982
65,INT855622978,09,1977,45,ONESPHORE MAHORO,6.0,12.0,M,6897481326.0,JENDAKIGARAMA,ONESPHORE,-9,MAHORO,ONESPHORE MAHORO,AEEHHMNOOOOPRRS,"['ONESPHORE', 'BENITE']",ONE,O521,09/1977
65,INW831451030,05,1978,44,ONESPHORE MAHORO,6.0,7.0,F,6897481326.0,JENDAKIGARAMA,BENITE,-9,MUSHIMIYIMANA,BENITE MUSHIMIYIMANA,AABEEHIIIIMMMNNSTUY,"['ONESPHORE', 'BENITE']",BEN,B530,05/1978
66,IOW529929153,99,1941,84,IZERE MUGABE,4.0,6.0,M,3931816407.0,RUGOBAGOBAKIBINGO,IZERE,-9,MUGABE,IZERE MUGABE,ABEEEGIMRUZ,"['IZERE', 'JOHNSON', 'UWINEZA']",IZE,I260,99/1941
66,IWO880209190,99,1981,41,IZERE MUGABE,4.0,,M,3931816407.0,RUGOBAGOBAKIBINGO,JOHNSON,-9,MUSINGUZI,JOHNSON MUSINGUZI,GHIIJMNNNOOSSUUZ,"['IZERE', 'JOHNSON', 'UWINEZA']",JOH,J525,99/1981
66,IX5120193203,08,1957,68,IZERE MUGABE,4.0,5.0,F,3931816407.0,RUGOBAGOBAKIBINGO,UWINEZA,-9,MANZI,UWINEZA MANZI,AAEIIMNNUWZZ,"['IZERE', 'JOHNSON', 'UWINEZA']",UWI,U520,08/1957
67,IXG461746605,06,1961,61,ATFA TUYISENGE,2.0,11.0,F,3931816407.0,NYAGASENYIRAMBA,CHRISTINE,-9,BAHATI,CHRISTINE BAHATI,AABCEHHIIINRSTT,"['CHRISTINE', 'CHASILY', 'ATFA', '-9']",CHR,C623,06/1961
67,IYB601574790,11,2003,19,ATFA TUYISENGE,4.0,11.0,F,3931816407.0,NYAGASENYIRAMBA,CHASILY,-9,SIBO,CHASILY SIBO,ABCHIILOSSY,"['CHRISTINE', 'CHASILY', 'ATFA', '-9']",CHA,C240,11/2003
67,IZB269602245,02,9999,88,ATFA TUYISENGE,,11.0,F,2253636460.0,NYAGASENYIRAMBA,ATFA,-9,TUYISENGE,ATFA TUYISENGE,AAEEFGINSTTUY,"['CHRISTINE', 'CHASILY', 'ATFA', '-9']",ATF,A310,02/9999
67,J0P323659375,04,2005,17,ATFA TUYISENGE,6.0,2.0,M,2253636460.0,NYAGASENYIRAMBA,-9,LUC,PAULIN,LUC PAULIN,ACILLNPUU,"['CHRISTINE', 'CHASILY', 'ATFA', '-9']",-9,-9,04/2005
68,J4G020992946,09,1990,32,EULADE HATEGEKIMANA,6.0,5.0,M,,BURIMAMIRAMBI,EULADE,-9,HATEGEKIMANA,EULADE HATEGEKIMANA,AAAADEEEEGHIKLMNTU,"['EULADE', 'PETER']",EUL,E430,09/1990
68,J6H192902277,05,9999,8,EULADE HATEGEKIMANA,6.0,7.0,M,,BURIMAMIRAMBI,PETER,JOY,MUTAMBA,PETER JOY MUTAMBA,AABEEJMMOPRTTUY,"['EULADE', 'PETER']",PET,P360,05/9999
69,JDX712012988,07,2003,19,RODGERS NDUWAYO,,11.0,M,8348092043.0,KAMANYANAGASIZA,IRADUKUNDA,-9,RUTAYISIRE,IRADUKUNDA RUTAYISIRE,AAADDEIIIKNRRRSTUUUY,"['IRADUKUNDA', 'IRADUKUNDA', 'FIKE', 'RODGERS', 'RODGERS']",IRA,I632,07/2003
69,JDX712012988,05,2003,19,RODGERS NDUWAYO,3.0,11.0,M,8348092043.0,RAMBARWIMVUBU,IRADUKUNDA,-9,RUTAYISIRE,IRADUKUNDA RUTAYISIRE,AAADDEIIIKNRRRSTUUUY,"['IRADUKUNDA', 'IRADUKUNDA', 'FIKE', 'RODGERS', 'RODGERS']",IRA,I632,05/2003
69,JFX131422614,06,1962,60,RODGERS NDUWAYO,6.0,9.0,F,8348092043.0,RAMBARWIMVUBU,FIKE,-9,BOSCO,FIKE BOSCO,BCEFIKOOS,"['IRADUKUNDA', 'IRADUKUNDA', 'FIKE', 'RODGERS', 'RODGERS']",FIK,F200,06/1962
69,JGF367171459,03,1989,61,RODGERS NDUWAYO,6.0,1.0,M,8348092043.0,RAMBARWIMVUBU,RODGERS,-9,NDUWAYO,RODGERS NDUWAYO,ADDEGNOORRSUWY,"['IRADUKUNDA', 'IRADUKUNDA', 'FIKE', 'RODGERS', 'RODGERS']",ROD,R326,03/1989
69,JGF367171459,99,1961,61,RODGERS NDUWAYO,6.0,1.0,,8348092043.0,CYERUKARAMA,RODGERS,-9,NDUWAYO,RODGERS NDUWAYO,ADDEGNOORRSUWY,"['IRADUKUNDA', 'IRADUKUNDA', 'FIKE', 'RODGERS', 'RODGERS']",ROD,R326,99/1961
70,JGO280587711,12,1948,74,ELISE KAYUMBA,3.0,1.0,F,4114865779.0,BAYIGABURIREBYIMANA,BRENDA,-9,NIYONZIMA,BRENDA NIYONZIMA,AABDEIIMNNNORYZ,"['BRENDA', 'ELISE', 'REHEMA']",BRE,B653,12/1948
70,JHM010708662,02,1995,86,ELISE KAYUMBA,7.0,4.0,M,4114865779.0,BAYIGABURIREBYIMANA,ELISE,-9,KAYUMBA,ELISE KAYUMBA,AABEEIKLMSUY,"['BRENDA', 'ELISE', 'REHEMA']",ELI,E420,02/1995
70,JIV434857017,99,9999,33,ELISE KAYUMBA,5.0,1.0,M,4114865779.0,BAYIGABURIREBYIMANA,REHEMA,-9,NDAYISABA,REHEMA NDAYISABA,AAAABDEEHIMNRSY,"['BRENDA', 'ELISE', 'REHEMA']",REH,R500,99/9999
71,JIZ886917536,10,1953,18,MICHELLE TUYISHIME,7.0,5.0,F,9053793025.0,GISOVUGISOVU,DIDI,-9,NDAGIJIMANA,DIDI NDAGIJIMANA,AAADDDGIIIIJMNN,"['DIDI', 'MICHELLE']",DID,D300,10/1953
71,JJW360082331,99,9999,99,MICHELLE TUYISHIME,2.0,10.0,F,9053793025.0,GISOVUGISOVU,MICHELLE,-9,-9,MICHELLE,CEEHILLM,"['DIDI', 'MICHELLE']",MIC,M240,99/9999
72,JM4821886805,99,2004,21,BLAISE NORBERT UWIMBABAZI,2.0,6.0,F,,GISHARUKIREHE,KAMPIRE,-9,TUSHABE,KAMPIRE TUSHABE,AABEEHIKMPRSTU,"['KAMPIRE', 'BLAISE', '-9']",KAM,K516,99/2004
72,JPO658620972,07,1953,69,BLAISE NORBERT UWIMBABAZI,2.0,7.0,M,,GISHARUKIREHE,BLAISE,NORBERT,UWIMBABAZI,BLAISE NORBERT UWIMBABAZI,AAABBBBEEIIILMNORRSTUWZ,"['KAMPIRE', 'BLAISE', '-9']",BLA,B420,07/1953
72,JS4658817586,02,1994,31,BLAISE NORBERT UWIMBABAZI,3.0,8.0,M,,GISHARUKIREHE,-9,IZERE,NZITONDA,IZERE NZITONDA,ADEEIINNORTZZ,"['KAMPIRE', 'BLAISE', '-9']",-9,-9,02/1994
73,JTT962657046,08,1966,56,PHILEMON JACQUELINE,,12.0,F,1159113828.0,RUKATSAINSHUTI,DOEIA,-9,BYUKUSENGE,DOEIA BYUKUSENGE,ABDEEEGIKNOSUUY,"['DOEIA', 'PHILEMON']",DOE,D000,08/1966
73,JUH259934355,99,9999,92,PHILEMON JACQUELINE,7.0,5.0,M,1159113828.0,RUKATSAINSHUTI,PHILEMON,-9,JACQUELINE,PHILEMON JACQUELINE,ACEEEHIIJLLMNNOPQU,"['DOEIA', 'PHILEMON']",PHI,P455,99/9999
74,JXI728588434,03,1955,67,ELISE BYIRINGIRO,7.0,,F,5888939048.0,CYANYANYARUTOVU,ELISE,-9,BYIRFAINGIRO,ELISE BYIRFAINGIRO,ABEEFGIIIILNORRSY,"['ELISE', 'ZACHARIE', 'SCOTT', 'JEAN', 'CLAUDE']",ELI,E420,03/1955
74,K2H320227370,02,1982,40,ELISE BYIRINGIRO,4.0,8.0,M,5888939048.0,CYANYANYARUTOVU,ZACHARIE,-9,MUSONI,ZACHARIE MUSONI,AACEHIIMNORSUZ,"['ELISE', 'ZACHARIE', 'SCOTT', 'JEAN', 'CLAUDE']",ZAC,Z260,02/1982
74,K5C187864918,05,9999,22,ELISE BYIRINGIRO,3.0,1.0,M,5888939048.0,CYANYANYARUTOVU,SCOTT,-9,BUKURU,SCOTT BUKURU,BCKORSTTUUU,"['ELISE', 'ZACHARIE', 'SCOTT', 'JEAN', 'CLAUDE']",SCO,S300,05/9999
74,K5K033123975,09,1967,41,ELISE BYIRINGIRO,4.0,6.0,M,5888939048.0,CYANYANYARUTOVU,JEAN,SAUVEUR,TUMWINE,JEAN SAUVEUR TUMWINE,AAEEEIJMNNRSTUUUVW,"['ELISE', 'ZACHARIE', 'SCOTT', 'JEAN', 'CLAUDE']",JEA,J500,09/1967
74,KBT282488899,99,1974,51,ELISE BYIRINGIRO,1.0,1.0,M,5888939048.0,CYANYANYARUTOVU,CLAUDE,-9,JANE,CLAUDE JANE,AACDEEJLNU,"['ELISE', 'ZACHARIE', 'SCOTT', 'JEAN', 'CLAUDE']",CLA,C430,99/1974
75,KF2672837580,09,2016,6,AARON HABIYAMBERE,6.0,6.0,M,9184871405.0,RAZIKIRWA,-9,-9,GASANA,GASANA,AAAGNS,"['-9', 'FRED', 'AARON', 'MIMI']",-9,-9,09/2016
75,KGD704063597,08,1926,1,AARON HABIYAMBERE,6.0,,M,9184871405.0,RAZIKIRWA,FRED,-9,CELESTIN,FRED CELESTIN,CDEEEFILNRST,"['-9', 'FRED', 'AARON', 'MIMI']",FRE,F630,08/1926
75,KGH692701556,11,1976,46,AARON HABIYAMBERE,7.0,8.0,M,9184871405.0,RAZIKIRWA,AARON,-9,HABIYAMBERE,AARON HABIYAMBERE,AAAABBEEHIMNORRY,"['-9', 'FRED', 'AARON', 'MIMI']",AAR,A650,11/1976
75,KIX193088081,07,1958,27,AARON HABIYAMBERE,2.0,7.0,F,9184871405.0,RAZIKIRWA,MIMI,UWU,UWIMBABAZI,MIMI UWU UWIMBABAZI,AABBIIIIMMMUUUWWZ,"['-9', 'FRED', 'AARON', 'MIMI']",MIM,M500,07/1958
76,KNS762303726,11,9999,41,MABEL UMUGWANEZA,7.0,9.0,M,,GASIZAISANGANO,FELIX,RUTAGAND,KAYITARE,FELIX RUTAGAND KAYITARE,AAAADEEFGIIKLNRRTTUXY,"['FELIX', 'MABEL']",FEL,F420,11/9999
76,KOL001395611,10,1936,86,MABEL UMUGWANEZA,5.0,10.0,F,,GASIZAISANGANO,MABEL,-9,UMUGWANEZA,MABEL UMUGWANEZA,AAABEEGLMMNUUWZ,"['FELIX', 'MABEL']",MAB,M140,10/1936
77,KQV952312039,99,1962,60,AIME NGARAMBE,,5.0,F,1276488515.0,KAMPEKAMASANGANO,MUZIRANENGE,-9,TUYISHIME,MUZIRANENGE TUYISHIME,AEEEGHIIIMMNNRSTUUYZ,"['MUZIRANENGE', 'MUHIRE', 'AIME']",MUZ,M265,99/1962
77,KRI322430617,05,2006,16,AIME NGARAMBE,6.0,7.0,M,1276488515.0,KAMPEKAMASANGANO,MUHIRE,-9,EUGENE,MUHIRE EUGENE,EEEEGHIMNRUU,"['MUZIRANENGE', 'MUHIRE', 'AIME']",MUH,M600,05/2006
77,KSX669993360,03,1954,68,AIME NGARAMBE,3.0,10.0,F,1276488515.0,KAMPEKAMASANGANO,AIME,-9,NGARAMBE,AIME NGARAMBE,AAABEEGIMMNR,"['MUZIRANENGE', 'MUHIRE', 'AIME']",AIM,A500,03/1954
78,KTM105832843,06,1924,99,NGABO MUHIRE,4.0,4.0,M,1793325885.0,MUHOTORAGAHUNGE,NGABO,-9,MUHIRE,NGABO MUHIRE,ABEGHIMNORU,"['NGABO', 'BOGARDE', 'KELLY', 'KIDD', 'FIDLE', 'FIDLE']",NGA,N210,06/1924
78,KVZ405590670,07,9999,30,NGABO MUHIRE,4.0,13.0,M,1793325885.0,MUHOTORAGAHUNGE,BOGARDE,-9,EDISON,BOGARDE EDISON,ABDDEEGINOORS,"['NGABO', 'BOGARDE', 'KELLY', 'KIDD', 'FIDLE', 'FIDLE']",BOG,B263,07/9999
78,KXL858550721,05,1930,92,NGABO MUHIRE,3.0,,F,1793325885.0,MUHOTORAGAHUNGE,KELLY,-9,UWITONZE,KELLY UWITONZE,EEIKLLNOTUWYZ,"['NGABO', 'BOGARDE', 'KELLY', 'KIDD', 'FIDLE', 'FIDLE']",KEL,K400,05/1930
78,KYL603918914,06,1922,23,NGABO MUHIRE,2.0,1.0,M,1793325885.0,MUHOTORAGAHUNGE,KIDD,-9,FAUSTIN,KIDD FAUSTIN,ADDFIIKNSTU,"['NGABO', 'BOGARDE', 'KELLY', 'KIDD', 'FIDLE', 'FIDLE']",KID,K300,06/1922
78,KYO458025324,12,1989,36,NGABO MUHIRE,6.0,6.0,M,1793325885.0,MUHOTORAGAHUNGE,FIDLE,-9,UITONZE,FIDLE UITONZE,DEEFIILNOTUZ,"['NGABO', 'BOGARDE', 'KELLY', 'KIDD', 'FIDLE', 'FIDLE']",FID,F340,12/1989
78,KYO458025324,12,1989,33,NGABO MUHIRE,6.0,6.0,M,1793325885.0,REMERASHYEMBE,FIDLE,-9,UWITONZE,FIDLE UWITONZE,DEEFIILNOTUWZ,"['NGABO', 'BOGARDE', 'KELLY', 'KIDD', 'FIDLE', 'FIDLE']",FID,F340,12/1989
79,KZK499931214,99,1999,26,KAMI HABARUREMA,7.0,13.0,M,8539561328.0,RANGOMATINZA,KAMI,-9,HABARUREMA,KAMI HABARUREMA,AAAABEHIKMMRRU,"['KAMI', 'DESIRE']",KAM,K500,99/1999
79,KZP823470529,99,2002,20,KAMI HABARUREMA,7.0,,M,8539561328.0,RANGOMATINZA,DESIRE,-9,NSENGIMANA,DESIRE NSENGIMANA,AADEEEGIIMNNNRSS,"['KAMI', 'DESIRE']",DES,D260,99/2002
80,L2P264503829,99,1936,86,MAZIMPAKA NSHIMIYIMANA,7.0,12.0,M,8722032047.0,KIVUMUNYERENGA,FREDDY,-9,BYIRINGIRO,FREDDY BYIRINGIRO,BDDEFGIIINORRRYY,"['FREDDY', 'INGRID', 'WELLARS', 'MAZIMPAKA']",FRE,F630,99/1936
80,L5I787303275,99,2014,8,MAZIMPAKA NSHIMIYIMANA,,4.0,M,8722032047.0,KIVUMUNYERENGA,INGRID,MARY,UWERA,INGRID MARY UWERA,AADEGIIMNRRRUWY,"['FREDDY', 'INGRID', 'WELLARS', 'MAZIMPAKA']",ING,I526,99/2014
80,L7L180141364,08,9999,85,MAZIMPAKA NSHIMIYIMANA,7.0,12.0,M,8722032047.0,KIVUMUNYERENGA,WELLARS,-9,MUREKATETE,WELLARS MUREKATETE,AAEEEEKLLMRRSTTUW,"['FREDDY', 'INGRID', 'WELLARS', 'MAZIMPAKA']",WEL,W462,08/9999
80,LA3042843485,06,1927,95,MAZIMPAKA NSHIMIYIMANA,3.0,10.0,M,8722032047.0,KIVUMUNYERENGA,MAZIMPAKA,-9,NSHIMIYIMANA,MAZIMPAKA NSHIMIYIMANA,AAAAAHIIIIKMMMMNNPSYZ,"['FREDDY', 'INGRID', 'WELLARS', 'MAZIMPAKA']",MAZ,M251,06/1927
81,LAU559592007,12,2012,35,HILAIRE HONORE,1.0,3.0,M,9938339474.0,KANUNGANYAGISOZI,GILBERT,-9,BAGUMA,GILBERT BAGUMA,AABBEGGILMRTU,"['GILBERT', 'GILBERT', 'HILAIRE', 'SIBOYINTORE']",GIL,G416,12/2012
81,LAU559592007,99,1987,35,HILAIRE HONORE,1.0,3.0,M,9938339474.0,NYAKIGANDOBYIMANA,GILBERT,-9,BAGUMA,GILBERT BAGUMA,AABBEGGILMRTU,"['GILBERT', 'GILBERT', 'HILAIRE', 'SIBOYINTORE']",GIL,G416,99/1987
81,LCB341833411,99,1943,84,HILAIRE HONORE,4.0,8.0,M,9938339474.0,KANUNGANYAGISOZI,HILAIRE,-9,HONORE,HILAIRE HONORE,AEEHHIILNOORR,"['GILBERT', 'GILBERT', 'HILAIRE', 'SIBOYINTORE']",HIL,H460,99/1943
81,LIT698458532,03,9999,49,HILAIRE HONORE,4.0,,M,9938339474.0,KANUNGANYAGISOZI,SIBOYINTORE,-9,MUNYANEZA,SIBOYINTORE MUNYANEZA,AABEEIIMNNNOORSTUYYZ,"['GILBERT', 'GILBERT', 'HILAIRE', 'SIBOYINTORE']",SIB,S153,03/9999
82,LJZ199528360,09,9999,45,LUKE MBARUSHIMANA,,11.0,F,7205425166.0,RUHONDOKIRWA,BABI,-9,UMUTESI,BABI UMUTESI,ABBEIIMSTUU,"['BABI', 'LUKE', 'JADO', '-9', 'ANNET']",BAB,B100,09/9999
82,LN4096767069,04,2003,76,LUKE MBARUSHIMANA,3.0,5.0,M,7205425166.0,RUHONDOKIRWA,LUKE,-9,MBARUSHIMANA,LUKE MBARUSHIMANA,AAABEHIKLMMNRSUU,"['BABI', 'LUKE', 'JADO', '-9', 'ANNET']",LUK,L200,04/2003
82,LQA130550953,10,1983,39,LUKE MBARUSHIMANA,7.0,6.0,,7205425166.0,RUHONDOKIRWA,JADO,-9,SIKUBWABO,JADO SIKUBWABO,AABBDIJKOOSUW,"['BABI', 'LUKE', 'JADO', '-9', 'ANNET']",JAD,J300,10/1983
82,LSB588111042,02,2021,3,LUKE MBARUSHIMANA,6.0,3.0,M,7205425166.0,RUHONDOKIRWA,-9,JEAN,UMUGWANEZA,JEAN UMUGWANEZA,AAAEEGJMNNUUWZ,"['BABI', 'LUKE', 'JADO', '-9', 'ANNET']",-9,-9,02/2021
82,LTE700133022,02,1977,45,LUKE MBARUSHIMANA,6.0,12.0,F,7205425166.0,RUHONDOKIRWA,ANNET,-9,GATEEETE,ANNET GATEEETE,AAEEEEEGNNTTT,"['BABI', 'LUKE', 'JADO', '-9', 'ANNET']",ANN,A530,02/1977
83,LTO728045878,08,1951,71,GATETE FELIX,4.0,11.0,F,,NYAMIRAMAKANTONGANIYE,AURORE,-9,INNOCENT,AURORE INNOCENT,ACEEINNNOORRTU,"['AURORE', 'DIDO', 'UWIMBABAZI', 'GATETE']",AUR,A660,08/1951
83,LWD019803584,05,9999,58,GATETE FELIX,4.0,,M,,NYAMIRAMAKANTONGANIYE,DIDO,-9,MODESTE,DIDO MODESTE,DDDEEIMOOST,"['AURORE', 'DIDO', 'UWIMBABAZI', 'GATETE']",DID,D300,05/9999
83,LX3864046250,12,1960,62,GATETE FELIX,6.0,12.0,M,,NYAMIRAMAKANTONGANIYE,UWIMBABAZI,-9,NGABO,UWIMBABAZI NGABO,AAABBBGIIMNOUWZ,"['AURORE', 'DIDO', 'UWIMBABAZI', 'GATETE']",UWI,U511,12/1960
83,LZV115428353,99,1946,78,GATETE FELIX,7.0,1.0,M,,NYAMIRAMAKANTONGANIYE,GATETE,-9,FELIX,GATETE FELIX,AEEEFGILTTX,"['AURORE', 'DIDO', 'UWIMBABAZI', 'GATETE']",GAT,G330,99/1946
84,M3R831043194,05,1954,68,NANA EMMANUEL,,4.0,M,3722763967.0,MPONDWATSIMA,-9,-9,SHYAKA,SHYAKA,AAHKSY,"['-9', 'BERNARD', 'NANA']",-9,-9,05/1954
84,M74105267787,99,9999,48,NANA EMMANUEL,5.0,2.0,M,3722763967.0,MPONDWATSIMA,BERNARD,-9,ALICE,BERNARD ALICE,AABCDEEILNRR,"['-9', 'BERNARD', 'NANA']",BER,B656,99/9999
84,MB8582198679,03,1938,84,NANA EMMANUEL,3.0,13.0,F,3722763967.0,MPONDWATSIMA,NANA,-9,EMMANUEL,NANA EMMANUEL,AAAEELMMNNNU,"['-9', 'BERNARD', 'NANA']",NAN,N500,03/1938
85,MFQ520947986,01,1972,50,AIMABLE HAKIZIMANA,7.0,5.0,M,6513939129.0,GABIRORUGARAMBIRO,MUNYENTWALI,-9,UWERA,MUNYENTWALI UWERA,AAEEILMNNRTUUWWY,"['MUNYENTWALI', 'JEAN', 'AIMABLE']",MUN,M553,01/1972
85,MH3205928921,02,1952,70,AIMABLE HAKIZIMANA,4.0,1.0,M,6513939129.0,GABIRORUGARAMBIRO,JEAN,LOUIS,NDAYAMBAJE,JEAN LOUIS NDAYAMBAJE,AAAABDEEIJJLMNNOSUY,"['MUNYENTWALI', 'JEAN', 'AIMABLE']",JEA,J500,02/1952
85,MI0893335011,04,1932,90,AIMABLE HAKIZIMANA,7.0,2.0,M,6513939129.0,GABIRORUGARAMBIRO,AIMABLE,-9,HAKIZIMANA,AIMABLE HAKIZIMANA,AAAAABEHIIIKLMMNZ,"['MUNYENTWALI', 'JEAN', 'AIMABLE']",AIM,A514,04/1932
86,MIB404275757,99,1980,45,JEAN DE ALEX,4.0,7.0,M,4746754140.0,BUSANZANYARUGUGU,ELISHA,-9,NDAYIZEYE,ELISHA NDAYIZEYE,AADEEEHIILNSYYZ,"['ELISHA', 'RODRIGUE', 'IYAKAREMYE', 'JEAN', 'NADINE', 'NADINE']",ELI,E420,99/1980
86,MID389542082,06,1943,79,JEAN DE ALEX,2.0,,M,4746754140.0,BUSANZANYARUGUGU,RODRIGUE,-9,KABERA,RODRIGUE KABERA,AABDEEGIKORRRU,"['ELISHA', 'RODRIGUE', 'IYAKAREMYE', 'JEAN', 'NADINE', 'NADINE']",ROD,R362,06/1943
86,MIQ721925284,01,9999,54,JEAN DE ALEX,4.0,4.0,M,4746754140.0,BUSANZANYARUGUGU,IYAKAREMYE,-9,MURENZI,IYAKAREMYE MURENZI,AAEEEIIKMMNRRUYYZ,"['ELISHA', 'RODRIGUE', 'IYAKAREMYE', 'JEAN', 'NADINE', 'NADINE']",IYA,I265,01/9999
86,MIW791637036,99,9999,97,JEAN DE ALEX,7.0,5.0,M,4746754140.0,BUSANZANYARUGUGU,JEAN,DE,ALEX,JEAN DE ALEX,AADEEEJLNX,"['ELISHA', 'RODRIGUE', 'IYAKAREMYE', 'JEAN', 'NADINE', 'NADINE']",JEA,J500,99/9999
86,MJ6361146971,99,1985,37,JEAN DE ALEX,,5.0,F,4746754140.0,MVUZONYAKABINGO,NADINE,-9,MANZI,NADINE MANZI,AADEIIMNNNZ,"['ELISHA', 'RODRIGUE', 'IYAKAREMYE', 'JEAN', 'NADINE', 'NADINE']",NAD,N350,99/1985
86,MJ6361146971,99,1985,37,JEAN DE ALEX,1.0,5.0,F,4746754140.0,BUSANZANYARUGUGU,NADINE,-9,MANZI,NADINE MANZI,AADEIIMNNNZ,"['ELISHA', 'RODRIGUE', 'IYAKAREMYE', 'JEAN', 'NADINE', 'NADINE']",NAD,N350,99/1985
87,MJD783795472,12,1928,59,MAURICE KAMALI,1.0,6.0,M,9015539671.0,MUHORORONYAKABUYE,LEONARD,-9,UWIMBABAZI,LEONARD UWIMBABAZI,AAABBDEIILMNORUWZ,"['LEONARD', 'DOMINIQUE', 'MAURICE', 'LIONELI']",LEO,L563,12/1928
87,MKF308342586,01,1982,10,MAURICE KAMALI,6.0,6.0,M,9015539671.0,MUHORORONYAKABUYE,DOMINIQUE,-9,JACQUES,DOMINIQUE JACQUES,ACDEEIIJMNOQQSUU,"['LEONARD', 'DOMINIQUE', 'MAURICE', 'LIONELI']",DOM,D552,01/1982
87,MLM119473003,06,1938,84,MAURICE KAMALI,,,F,9015539671.0,MUHORORONYAKABUYE,MAURICE,-9,KAMALI,MAURICE KAMALI,AAACEIIKLMMRU,"['LEONARD', 'DOMINIQUE', 'MAURICE', 'LIONELI']",MAU,M620,06/1938
87,MQR297660507,99,1959,63,MAURICE KAMALI,1.0,6.0,M,9015539671.0,MUHORORONYAKABUYE,LIONELI,-9,NDIKUMANA,LIONELI NDIKUMANA,AADEIIIKLLMNNNOU,"['LEONARD', 'DOMINIQUE', 'MAURICE', 'LIONELI']",LIO,L540,99/1959
88,MT1307294450,09,1964,36,REGIS AMANI,7.0,13.0,M,9955515088.0,KADAHOKABERE,HEBRON,-9,TUYISHIME,HEBRON TUYISHIME,BEEHHIIMNORSTUY,"['HEBRON', 'NDATABAYE', 'REGIS']",HEB,H165,09/1964
88,MVO006683483,01,2002,20,REGIS AMANI,4.0,4.0,M,9955515088.0,KADAHOKABERE,NDATABAYE,ALEXIS,MURUNGI,NDATABAYE ALEXIS MURUNGI,AAAABDEEGIILMNNRSTUUXY,"['HEBRON', 'NDATABAYE', 'REGIS']",NDA,N331,01/2002
88,MZA689090204,01,1962,60,REGIS AMANI,2.0,1.0,M,9955515088.0,KADAHOKABERE,REGIS,-9,AMANI,REGIS AMANI,AAEGIIMNRS,"['HEBRON', 'NDATABAYE', 'REGIS']",REG,R220,01/1962
89,N1A340193511,09,1974,12,NISAINTHE THEODORE SIBOMANA,6.0,1.0,F,5892109608.0,BUKINANYANAMWIDAGADURO,IMMACULEE,-9,-9,IMMACULEE,ACEEILMMU,"['IMMACULEE', 'ANNUALITE', 'NISAINTHE', 'EUGENA']",IMM,I524,09/1974
89,N1C374064943,99,1972,53,NISAINTHE THEODORE SIBOMANA,1.0,8.0,F,5892109608.0,BUKINANYANAMWIDAGADURO,ANNUALITE,-9,MBABAZI,ANNUALITE MBABAZI,AAAABBEIILMNNTUZ,"['IMMACULEE', 'ANNUALITE', 'NISAINTHE', 'EUGENA']",ANN,A543,99/1972
89,N6M123045352,01,1944,78,NISAINTHE THEODORE SIBOMANA,3.0,9.0,M,5892109608.0,BUKINANYANAMWIDAGADURO,NISAINTHE,THEODORE,-9,NISAINTHE THEODORE,ADEEEHHIINNOORSTT,"['IMMACULEE', 'ANNUALITE', 'NISAINTHE', 'EUGENA']",NIS,N253,01/1944
89,NAA350868031,07,9999,8,NISAINTHE THEODORE SIBOMANA,,10.0,M,5892109608.0,BUKINANYANAMWIDAGADURO,EUGENA,-9,MUSABYIMANA,EUGENA MUSABYIMANA,AAAABEEGIMMNNSUUY,"['IMMACULEE', 'ANNUALITE', 'NISAINTHE', 'EUGENA']",EUG,E250,07/9999
91,NEB928709065,01,1945,77,PROTAIS SIMBI,4.0,13.0,F,4588441647.0,KABIRIZIRUNGU,RAISSA,-9,TWAHIRWA,RAISSA TWAHIRWA,AAAAHIIRRSSTWW,"['RAISSA', 'PROTAIS', 'HAPPY', 'STRATON']",RAI,R200,01/1945
91,NEU596185690,11,1940,82,PROTAIS SIMBI,3.0,,M,4588441647.0,KABIRIZIRUNGU,PROTAIS,-9,SIMBI,PROTAIS SIMBI,ABIIIMOPRSST,"['RAISSA', 'PROTAIS', 'HAPPY', 'STRATON']",PRO,P632,11/1940
91,NG9816166014,99,9999,32,PROTAIS SIMBI,5.0,8.0,M,4588441647.0,KABIRIZIRUNGU,HAPPY,-9,MUHOZA,HAPPY MUHOZA,AAHHMOPPUYZ,"['RAISSA', 'PROTAIS', 'HAPPY', 'STRATON']",HAP,H100,99/9999
91,NI0191737442,07,2015,7,PROTAIS SIMBI,6.0,4.0,M,4588441647.0,KABIRIZIRUNGU,STRATON,-9,KAMANA,STRATON KAMANA,AAAAKMNNORSTT,"['RAISSA', 'PROTAIS', 'HAPPY', 'STRATON']",STR,S363,07/2015
92,NLZ727593275,03,1960,64,ESPOIR NORBERT,7.0,7.0,M,9621755431.0,NGOMAAHITEGEYE,ESPOIR,-9,-9,ESPOIR,EIOPRS,"['ESPOIR', 'DIOCLES', 'BWAMI']",ESP,E216,03/1960
92,NQT841989640,02,2020,2,ESPOIR NORBERT,,12.0,M,9621755431.0,NGOMAAHITEGEYE,DIOCLES,-9,NIYIBIZI,DIOCLES NIYIBIZI,BCDEIIIIILNOSYZ,"['ESPOIR', 'DIOCLES', 'BWAMI']",DIO,D242,02/2020
92,NTV805202734,02,1970,52,ESPOIR NORBERT,7.0,8.0,M,9621755431.0,NGOMAAHITEGEYE,BWAMI,-9,TUYISENGE,BWAMI TUYISENGE,ABEEGIIMNSTUWY,"['ESPOIR', 'DIOCLES', 'BWAMI']",BWA,B500,02/1970
93,NX8305091414,04,1954,68,ANICET MUSONI,3.0,1.0,M,8765324410.0,BIRIRAKADAHENDA,GATETE,-9,NGARAMBE,GATETE NGARAMBE,AAABEEEGGMNRTT,"['GATETE', 'ANICET', 'VICTOR', 'PANETTA']",GAT,G330,04/1954
93,NXN426802652,10,1926,96,ANICET MUSONI,2.0,10.0,M,8765324410.0,BIRIRAKADAHENDA,ANICET,-9,MUSONI,ANICET MUSONI,ACEIIMNNOSTU,"['GATETE', 'ANICET', 'VICTOR', 'PANETTA']",ANI,A523,10/1926
93,O4B837302508,02,1984,40,ANICET MUSONI,1.0,,M,8765324410.0,BIRIRAKADAHENDA,VICTOR,-9,MOHAMED,VICTOR MOHAMED,ACDEHIMMOORTV,"['GATETE', 'ANICET', 'VICTOR', 'PANETTA']",VIC,V236,02/1984
93,OAE482894066,99,9999,14,ANICET MUSONI,6.0,9.0,M,8765324410.0,BIRIRAKADAHENDA,PANETTA,-9,MURENZI,PANETTA MURENZI,AAEEIMNNPRTTUZ,"['GATETE', 'ANICET', 'VICTOR', 'PANETTA']",PAN,P530,99/9999
94,ODA361845172,11,1968,54,THEONESTE DIEU MUHUMUZA,2.0,12.0,M,6261476101.0,BUBAZINYAGAHINGA,MUGABO,-9,NKURUNZIZA,MUGABO NKURUNZIZA,AABGIKMNNORUUUZZ,"['MUGABO', 'THEONESTE', 'NIYONSABA', 'NDEKEZI']",MUG,M210,11/1968
94,OFE002637174,10,1944,80,THEONESTE DIEU MUHUMUZA,,9.0,M,6261476101.0,BUBAZINYAGAHINGA,THEONESTE,DIEU,MUHUMUZA,THEONESTE DIEU MUHUMUZA,ADEEEEHHIMMNOSTTUUUUZ,"['MUGABO', 'THEONESTE', 'NIYONSABA', 'NDEKEZI']",THE,T523,10/1944
94,OGQ816772415,06,1967,55,THEONESTE DIEU MUHUMUZA,1.0,2.0,F,6261476101.0,BUBAZINYAGAHINGA,NIYONSABA,-9,MUNAN,NIYONSABA MUNAN,AAABIMNNNNOSUY,"['MUGABO', 'THEONESTE', 'NIYONSABA', 'NDEKEZI']",NIY,N521,06/1967
94,OHK866073427,08,1953,69,THEONESTE DIEU MUHUMUZA,3.0,12.0,M,6261476101.0,BUBAZINYAGAHINGA,NDEKEZI,-9,NTAKIRUTIMANA,NDEKEZI NTAKIRUTIMANA,AAADEEIIIKKMNNNRTTUZ,"['MUGABO', 'THEONESTE', 'NIYONSABA', 'NDEKEZI']",NDE,N322,08/1953
96,OUR362817745,99,9999,95,THEOPHILE RWIGEMA,3.0,5.0,M,7935394791.0,BIRIRAKADAHENDA,THEOPHILE,-9,RWIGEMA,THEOPHILE RWIGEMA,AEEEGHHIILMOPRTW,"['THEOPHILE', 'OCTAVE', 'EGIDE']",THE,T140,99/9999
96,OYF379278649,09,1995,27,THEOPHILE RWIGEMA,2.0,1.0,M,7935394791.0,BIRIRAKADAHENDA,OCTAVE,-9,AUGUSTIN,OCTAVE AUGUSTIN,AACEGINOSTTUUV,"['THEOPHILE', 'OCTAVE', 'EGIDE']",OCT,O231,09/1995
96,OZO595105209,01,1959,63,THEOPHILE RWIGEMA,,,M,7935394791.0,BIRIRAKADAHENDA,EGIDE,-9,AUGUSTIN,EGIDE AUGUSTIN,ADEEGGIINSTUU,"['THEOPHILE', 'OCTAVE', 'EGIDE']",EGI,E230,01/1959
97,OZY517452369,07,9999,86,HAFASHIM NTAKIRUTIMANA,7.0,13.0,M,,GATABACYEMIYAGA,HAFASHIMU,-9,NTAKIRUTIMANA,HAFASHIMU NTAKIRUTIMANA,AAAAAFHHIIIKMMNNRSTTUU,"['HAFASHIMU', 'ANSELM', 'PACIFIC', 'MICHAEL']",HAF,H125,07/9999
97,P3O168889970,09,1995,27,HAFASHIM NTAKIRUTIMANA,7.0,5.0,M,,GATABACYEMIYAGA,ANSELM,-9,RUZINDANA,ANSELM RUZINDANA,AAADEILMNNNRSUZ,"['HAFASHIMU', 'ANSELM', 'PACIFIC', 'MICHAEL']",ANS,A524,09/1995
97,P3U736501566,12,2016,6,HAFASHIM NTAKIRUTIMANA,6.0,3.0,M,,GATABACYEMIYAGA,PACIFIC,BILLY,CHRISTIAN,PACIFIC BILLY CHRISTIAN,AABCCCFHIIIIILLNPRSTY,"['HAFASHIMU', 'ANSELM', 'PACIFIC', 'MICHAEL']",PAC,P212,12/2016
97,P4B061660396,12,1977,48,HAFASHIM NTAKIRUTIMANA,3.0,2.0,M,,GATABACYEMIYAGA,MICHAEL,RAVI,TWAGIRAYEZU,MICHAEL RAVI TWAGIRAYEZU,AAAACEEGHIIILMRRTUVWYZ,"['HAFASHIMU', 'ANSELM', 'PACIFIC', 'MICHAEL']",MIC,M240,12/1977
98,P5L292039684,03,9999,70,RUHUMURIZA TWAHIRWA,5.0,10.0,M,2344031896.0,NYAMIRAMANYAMIRAMA,RUHUMURIZA,-9,TWAHIRWA,RUHUMURIZA TWAHIRWA,AAAHHIIMRRRTUUUWWZ,"['RUHUMURIZA', 'YVES', 'MITAAKO', 'PAULINE']",RUH,R562,03/9999
98,P92395635705,03,2001,21,RUHUMURIZA TWAHIRWA,1.0,8.0,M,2344031896.0,NYAMIRAMANYAMIRAMA,YVES,-9,UMI,YVES UMI,EIMSUVY,"['RUHUMURIZA', 'YVES', 'MITAAKO', 'PAULINE']",YVE,Y120,03/2001
98,PAI865878097,08,1999,67,RUHUMURIZA TWAHIRWA,3.0,8.0,F,2344031896.0,NYAMIRAMANYAMIRAMA,MITAAKO,-9,KAREGA,MITAAKO KAREGA,AAAAEGIKKMORT,"['RUHUMURIZA', 'YVES', 'MITAAKO', 'PAULINE']",MIT,M320,08/1999
98,PFO608670572,11,1977,46,RUHUMURIZA TWAHIRWA,3.0,6.0,F,2344031896.0,NYAMIRAMANYAMIRAMA,PAULINE,-9,-9,PAULINE,AEILNPU,"['RUHUMURIZA', 'YVES', 'MITAAKO', 'PAULINE']",PAU,P450,11/1977
99,PG4857214284,99,1982,40,HAKIZIMANA UWAMAHORO,4.0,10.0,F,7722065005.0,TABANGENDO,AUDREY,-9,ISHIMWE,AUDREY ISHIMWE,ADEEHIIMRSUWY,"['AUDREY', 'SANA', 'HAKIZIMANA']",AUD,A360,99/1982
99,PI7765137057,07,1968,36,HAKIZIMANA UWAMAHORO,4.0,10.0,,7722065005.0,TABANGENDO,SANA,-9,MANZI,SANA MANZI,AAAIMNNSZ,"['AUDREY', 'SANA', 'HAKIZIMANA']",SAN,S500,07/1968
99,PJB553988954,07,1951,71,HAKIZIMANA UWAMAHORO,3.0,9.0,M,7722065005.0,TABANGENDO,HAKIZIMANA,-9,UWAMAHORO,HAKIZIMANA UWAMAHORO,AAAAAHHIIKMMNOORUWZ,"['AUDREY', 'SANA', 'HAKIZIMANA']",HAK,H225,07/1951
100,PJZ196198818,99,1999,24,SHYAKA FRED MUTESI,5.0,5.0,F,9315382799.0,AYABARAYANYAMYIJIMA,AZIUM,-9,MUHIRWA,AZIUM MUHIRWA,AAHIIMMRUUWZ,"['AZIUM', 'SHYAKA', 'KWIZERA', 'NZIZ']",AZI,A250,99/1999
100,POA696742008,05,1935,89,SHYAKA FRED MUTESI,3.0,3.0,M,9315382799.0,AYABARAYANYAMYIJIMA,SHYAKA,FRED,MUTESI,SHYAKA FRED MUTESI,AADEEFHIKMRSSTUY,"['AZIUM', 'SHYAKA', 'KWIZERA', 'NZIZ']",SHY,S200,05/1935
100,PPD546377743,99,9999,43,SHYAKA FRED MUTESI,4.0,5.0,M,9315382799.0,AYABARAYANYAMYIJIMA,KWIZERA,-9,UWASE,KWIZERA UWASE,AAEEIKRSUWWZ,"['AZIUM', 'SHYAKA', 'KWIZERA', 'NZIZ']",KWI,K260,99/9999
100,PSL294205071,11,1991,31,SHYAKA FRED MUTESI,2.0,,M,9315382799.0,AYABARAYANYAMYIJIMA,NZIZ,-9,PHOCAS,NZIZ PHOCAS,ACHINOPSZZ,"['AZIUM', 'SHYAKA', 'KWIZERA', 'NZIZ']",NZI,N220,11/1991
101,PTO172058966,07,1935,87,RWAKAGEYO GATETE,7.0,7.0,M,9877606104.0,NGIRYIUWANYANGE,-9,MORGAN,MUNEZERO,MORGAN MUNEZERO,AEEGMMNNOORRUZ,"['-9', 'RWAKAGEYO', 'HASSAN', 'JEAN']",-9,-9,07/1935
101,PTQ259347601,04,1925,97,RWAKAGEYO GATETE,,5.0,M,9877606104.0,NGIRYIUWANYANGE,RWAKAGEYO,-9,GATETE,RWAKAGEYO GATETE,AAAEEEGGKORTTWY,"['-9', 'RWAKAGEYO', 'HASSAN', 'JEAN']",RWA,R220,04/1925
101,PY6907310149,06,9999,87,RWAKAGEYO GATETE,1.0,13.0,M,9877606104.0,NGIRYIUWANYANGE,HASSAN,-9,MUGIRANEZA,HASSAN MUGIRANEZA,AAAAEGHIMNNRSSUZ,"['-9', 'RWAKAGEYO', 'HASSAN', 'JEAN']",HAS,H250,06/9999
101,PYI578113137,08,1960,62,RWAKAGEYO GATETE,5.0,11.0,M,9877606104.0,NGIRYIUWANYANGE,JEAN,BERTRAND,ALEXIS,JEAN BERTRAND ALEXIS,AAABDEEEIJLNNRRSTX,"['-9', 'RWAKAGEYO', 'HASSAN', 'JEAN']",JEA,J500,08/1960
102,Q0U436604047,02,1947,78,PATIENCE HITIMANA,5.0,10.0,M,2013817013.0,BURIMAMIRAMBI,NIYERA,-9,GATSINZI,NIYERA GATSINZI,AAEGIIINNRSTYZ,"['NIYERA', 'GERVAI', 'PATIENCE', 'NGABONZIZA']",NIY,N600,02/1947
102,Q4V491559268,01,1936,89,PATIENCE HITIMANA,7.0,12.0,M,2013817013.0,BURIMAMIRAMBI,GERVAI,-9,MUHIRE,GERVAI MUHIRE,AEEGHIIMRRUV,"['NIYERA', 'GERVAI', 'PATIENCE', 'NGABONZIZA']",GER,G610,01/1936
102,Q8H866728564,99,1934,88,PATIENCE HITIMANA,6.0,7.0,M,2013817013.0,BURIMAMIRAMBI,PATIENCE,-9,HITIMANA,PATIENCE HITIMANA,AAACEEHIIIMNNPTT,"['NIYERA', 'GERVAI', 'PATIENCE', 'NGABONZIZA']",PAT,P352,99/1934
102,QCZ690027008,99,1954,36,PATIENCE HITIMANA,7.0,3.0,M,2013817013.0,BURIMAMIRAMBI,NGABONZIZA,-9,MAHORO,NGABONZIZA MAHORO,AAABGHIMNNOOORZZ,"['NIYERA', 'GERVAI', 'PATIENCE', 'NGABONZIZA']",NGA,N215,99/1954
103,QGB914972044,99,1954,68,DANIEL NSENGIYUMVA,,7.0,M,,KAMATAMURWINZOVU,DANIEL,-9,NSENGIYUMVA,DANIEL NSENGIYUMVA,AADEEGIILMNNNSUVY,"['DANIEL', 'SHYAKA', 'DIDIER', 'HABIMANA']",DAN,D540,99/1954
103,QGU272139962,01,2007,15,DANIEL NSENGIYUMVA,6.0,13.0,M,,KAMATAMURWINZOVU,SHYAKA,-9,MWESIGYE,SHYAKA MWESIGYE,AAEEGHIKMSSWYY,"['DANIEL', 'SHYAKA', 'DIDIER', 'HABIMANA']",SHY,S200,01/2007
103,QHP822356742,10,1978,44,DANIEL NSENGIYUMVA,,13.0,F,,KAMATAMURWINZOVU,DIDIER,-9,-9,DIDIER,DDEIIR,"['DANIEL', 'SHYAKA', 'DIDIER', 'HABIMANA']",DID,D360,10/1978
103,QLD852189557,04,9999,61,DANIEL NSENGIYUMVA,6.0,7.0,M,,KAMATAMURWINZOVU,HABIMANA,-9,MUGISHA,HABIMANA MUGISHA,AAAABGHHIIMMNSU,"['DANIEL', 'SHYAKA', 'DIDIER', 'HABIMANA']",HAB,H155,04/9999
104,QLY217262393,99,1930,95,THEONEST NIYONSABA,3.0,11.0,M,5547896553.0,KIBINGONKOTO,CEDRIC,-9,KWIZERA,CEDRIC KWIZERA,ACCDEEIIKRRWZ,"['CEDRIC', 'ANNE', 'HAPPY', 'THEONEST', 'ALPHA']",CED,C362,99/1930
104,QME649042179,99,1953,70,THEONEST NIYONSABA,1.0,13.0,F,5547896553.0,KIBINGONKOTO,ANNE,-9,NDAYAMBAJE,ANNE NDAYAMBAJE,AAAABDEEJMNNNY,"['CEDRIC', 'ANNE', 'HAPPY', 'THEONEST', 'ALPHA']",ANN,A500,99/1953
104,QP0317195338,08,1958,32,THEONEST NIYONSABA,7.0,5.0,F,5547896553.0,KIBINGONKOTO,HAPPY,NTWARI,NIZEYIMANA,HAPPY NTWARI NIZEYIMANA,AAAAEHIIIMNNNPPRTWYYZ,"['CEDRIC', 'ANNE', 'HAPPY', 'THEONEST', 'ALPHA']",HAP,H100,08/1958
104,QQB029990143,09,1922,95,THEONEST NIYONSABA,1.0,9.0,M,5547896553.0,KIBINGONKOTO,THEONEST,-9,NIYONSABA,THEONEST NIYONSABA,AABEEHINNNOOSSTTY,"['CEDRIC', 'ANNE', 'HAPPY', 'THEONEST', 'ALPHA']",THE,T523,09/1922
104,QRU111374423,04,9999,1,THEONEST NIYONSABA,6.0,13.0,M,5547896553.0,KIBINGONKOTO,ALPHA,-9,-9,ALPHA,AAHLP,"['CEDRIC', 'ANNE', 'HAPPY', 'THEONEST', 'ALPHA']",ALP,A410,04/9999
105,QTW200819721,04,1984,38,RUKAKA JONAS ALICE,5.0,4.0,M,8988998267.0,GASEKEDUTWE,JEROME,-9,GERVAIS,JEROME GERVAIS,AEEEGIJMORRSV,"['JEROME', 'RUKAKA']",JER,J650,04/1984
105,R4X025652010,12,1959,63,RUKAKA JONAS ALICE,7.0,7.0,M,8988998267.0,GASEKEDUTWE,RUKAKA,JOS,ALICE,RUKAKA JOS ALICE,AAACEIJKKLORSU,"['JEROME', 'RUKAKA']",RUK,R220,12/1959
107,R8Z894089261,99,1981,41,GISELLE DIEUDONNE,3.0,12.0,F,3608560651.0,RUGARAMARWAKANYAMBO,-9,-9,KARGAD,KARGAD,AADGKR,"['-9', 'CHRISTIAN', 'GISELLE']",-9,-9,99/1981
107,R9U211364895,12,2013,9,GISELLE DIEUDONNE,6.0,9.0,M,3608560651.0,RUGARAMARWAKANYAMBO,CHRISTIAN,-9,JEANNE,CHRISTIAN JEANNE,AACEEHIIJNNNRST,"['-9', 'CHRISTIAN', 'GISELLE']",CHR,C623,12/2013
107,RA0413357410,10,1952,72,GISELLE DIEUDONNE,1.0,6.0,F,3608560651.0,RUGARAMARWAKANYAMBO,GISELLE,-9,DIEUDONNE,GISELLE DIEUDONNE,DDEEEEGIILLNNOSU,"['-9', 'CHRISTIAN', 'GISELLE']",GIS,G240,10/1952
108,RA9972698494,10,9999,46,AMZA DONAT,,6.0,F,1417713511.0,RANGOMATINZA,FILONNE,-9,CELESTIN,FILONNE CELESTIN,CEEEFIILLNNNOST,"['FILONNE', 'BALTHAZAR', 'BALTHAZAR', 'NENE', 'AMZA']",FIL,F450,10/9999
108,RC6288027780,07,9999,57,AMZA DONAT,3.0,9.0,M,1417713511.0,RANGOMATINZA,BALTHAZAR,-9,SABITI,BALTHAZAR SABITI,AAAABBHIILRSTTZ,"['FILONNE', 'BALTHAZAR', 'BALTHAZAR', 'NENE', 'AMZA']",BAL,B432,07/9999
108,RC6288027780,99,1965,57,AMZA DONAT,3.0,9.0,M,1417713511.0,KABUGAKABEZA,BALTHAZAR,-9,SABITI,BALTHAZAR SABITI,AAAABBHIILRSTTZ,"['FILONNE', 'BALTHAZAR', 'BALTHAZAR', 'NENE', 'AMZA']",BAL,B432,99/1965
108,RCH092616282,99,2010,73,AMZA DONAT,6.0,12.0,M,1417713511.0,RANGOMATINZA,NENE,-9,MUGENI,NENE MUGENI,EEEGIMNNNU,"['FILONNE', 'BALTHAZAR', 'BALTHAZAR', 'NENE', 'AMZA']",NEN,N500,99/2010
108,RF4384861115,04,1929,93,AMZA DONAT,2.0,2.0,M,1417713511.0,RANGOMATINZA,AMZA,-9,DONAT,AMZA DONAT,AAADMNOTZ,"['FILONNE', 'BALTHAZAR', 'BALTHAZAR', 'NENE', 'AMZA']",AMZ,A520,04/1929
109,RG9658314052,99,1983,39,PAUL BYIRINGIRO,6.0,11.0,M,9425637256.0,CYANGUGUGATOVU,AMON,-9,JADO,AMON JADO,AADJMNOO,"['AMON', 'ALINE', 'ERNEST', 'PAUL', 'KELVIN']",AMO,A550,99/1983
109,RGJ840811576,09,1924,45,PAUL BYIRINGIRO,3.0,6.0,F,9425637256.0,CYANGUGUGATOVU,ALINE,-9,NIYIBIZI,ALINE NIYIBIZI,ABEIIIIILNNYZ,"['AMON', 'ALINE', 'ERNEST', 'PAUL', 'KELVIN']",ALI,A450,09/1924
109,RJZ849988118,05,2009,14,PAUL BYIRINGIRO,6.0,3.0,M,9425637256.0,CYANGUGUGATOVU,ERNEST,-9,JEROME,ERNEST JEROME,EEEEJMNORRST,"['AMON', 'ALINE', 'ERNEST', 'PAUL', 'KELVIN']",ERN,E652,05/2009
109,RMD520503742,09,1969,56,PAUL BYIRINGIRO,1.0,6.0,M,9425637256.0,CYANGUGUGATOVU,PAUL,-9,BYIRINGIRO,PAUL BYIRINGIRO,ABGIIILNOPRRUY,"['AMON', 'ALINE', 'ERNEST', 'PAUL', 'KELVIN']",PAU,P400,09/1969
109,RND913949932,07,2005,20,PAUL BYIRINGIRO,6.0,1.0,M,9425637256.0,CYANGUGUGATOVU,KELVIN,-9,NGABONZIZA,KELVIN NGABONZIZA,AABEGIIKLNNNOVZZ,"['AMON', 'ALINE', 'ERNEST', 'PAUL', 'KELVIN']",KEL,K415,07/2005
110,RPJ138013138,06,1975,47,MARTHA UMULISA,3.0,5.0,F,,AKAZIBANYAGASOZI,MARTHA,-9,LISA,MARTHA LISA,AAAHILMRST,"['MARTHA', 'JACKY']",MAR,M630,06/1975
110,RQV384562745,08,1982,34,MARTHA UMULISA,1.0,8.0,F,,AKAZIBANYAGASOZI,JACKY,-9,KAYIRANGA,JACKY KAYIRANGA,AAAACGIJKKNRYY,"['MARTHA', 'JACKY']",JAC,J200,08/1982
111,RVD205716171,99,1922,100,ISIDORE TUMUSIIME,3.0,7.0,M,3258379988.0,MUNANIRAMATABA,ISIDORE,-9,TUMUSIIME,ISIDORE TUMUSIIME,DEEIIIIMMORSSTUU,"['ISIDORE', 'GASORE', 'NDEKEZI', 'JEANNETTE', 'FABRICE']",ISI,I236,99/1922
111,RXS414564601,99,1979,43,ISIDORE TUMUSIIME,,12.0,M,3258379988.0,MUNANIRAMATABA,GASORE,-9,HAKIZIMANA,GASORE HAKIZIMANA,AAAAEGHIIKMNORSZ,"['ISIDORE', 'GASORE', 'NDEKEZI', 'JEANNETTE', 'FABRICE']",GAS,G260,99/1979
111,RZ7476270582,03,9999,24,ISIDORE TUMUSIIME,3.0,11.0,M,3258379988.0,MUNANIRAMATABA,NDEKEZI,-9,DUSABE,NDEKEZI DUSABE,ABDDEEEIKNSUZ,"['ISIDORE', 'GASORE', 'NDEKEZI', 'JEANNETTE', 'FABRICE']",NDE,N322,03/9999
111,RZU020531600,06,1953,69,ISIDORE TUMUSIIME,7.0,3.0,F,3258379988.0,MUNANIRAMATABA,JEANNETTE,MUTEGARABA,MUGABO,JEANNETTE MUTEGARABA MUGABO,AAAAABBEEEEGGJMMNNORTTTUU,"['ISIDORE', 'GASORE', 'NDEKEZI', 'JEANNETTE', 'FABRICE']",JEA,J530,06/1953
111,S1H788498835,09,9999,26,ISIDORE TUMUSIIME,7.0,12.0,M,3258379988.0,MUNANIRAMATABA,FABRICE,-9,NZEYIMANA,FABRICE NZEYIMANA,AAABCEEFIIMNNRYZ,"['ISIDORE', 'GASORE', 'NDEKEZI', 'JEANNETTE', 'FABRICE']",FAB,F162,09/9999
112,S51534359000,12,2008,14,CARENE INGABIRE,6.0,,F,1138138606.0,MBABESANGANO,DIVINE,-9,NSENGIMANA,DIVINE NSENGIMANA,AADEEGIIIMNNNNSV,"['DIVINE', 'AMIR', 'CARENE', 'MUGWANEZA', 'NSHIMIYE']",DIV,D150,12/2008
112,S5C306560715,99,9999,91,CARENE INGABIRE,4.0,1.0,M,1138138606.0,MBABESANGANO,AMIR,-9,KALISA,AMIR KALISA,AAAIIKLMRS,"['DIVINE', 'AMIR', 'CARENE', 'MUGWANEZA', 'NSHIMIYE']",AMI,A560,99/9999
112,S5D785119961,07,1921,104,CARENE INGABIRE,4.0,7.0,F,1138138606.0,MBABESANGANO,CARENE,-9,INGABIRE,CARENE INGABIRE,AABCEEEGIINNRR,"['DIVINE', 'AMIR', 'CARENE', 'MUGWANEZA', 'NSHIMIYE']",CAR,C650,07/1921
112,S9T271791358,04,1976,46,CARENE INGABIRE,5.0,12.0,F,1138138606.0,MBABESANGANO,MUGWANEZA,-9,SOLANGE,MUGWANEZA SOLANGE,AAAEEGGLMNNOSUWZ,"['DIVINE', 'AMIR', 'CARENE', 'MUGWANEZA', 'NSHIMIYE']",MUG,M252,04/1976
112,SAF571165902,05,1979,87,CARENE INGABIRE,,5.0,M,1138138606.0,MBABESANGANO,NSHIMIYE,-9,NHYGIJIMANA,NSHIMIYE NHYGIJIMANA,AAEGHHIIIIJMMNNNSYY,"['DIVINE', 'AMIR', 'CARENE', 'MUGWANEZA', 'NSHIMIYE']",NSH,N250,05/1979
113,SAJ796567356,06,2005,17,SONIA UWIMANA,6.0,2.0,,4338092938.0,BIBAREURUTAMBI,-9,ROGER,DEO,ROGER DEO,DEEGOORR,"['-9', 'MATABARO', 'SONIA', 'FULGENCE']",-9,-9,06/2005
113,SBX136680356,99,1951,71,SONIA UWIMANA,3.0,4.0,F,4338092938.0,BIBAREURUTAMBI,MATABARO,-9,NIYIGENA,MATABARO NIYIGENA,AAAABEGIIMNNORTY,"['-9', 'MATABARO', 'SONIA', 'FULGENCE']",MAT,M316,99/1951
113,SKT543282508,99,1940,82,SONIA UWIMANA,,1.0,F,4338092938.0,BIBAREURUTAMBI,SONIA,-9,UWIMANA,SONIA UWIMANA,AAAIIMNNOSUW,"['-9', 'MATABARO', 'SONIA', 'FULGENCE']",SON,S500,99/1940
113,SM9861949398,99,1968,54,SONIA UWIMANA,2.0,,M,4338092938.0,BIBAREURUTAMBI,FULGENCE,-9,KANEZA,FULGENCE KANEZA,AACEEEFGKLNNUZ,"['-9', 'MATABARO', 'SONIA', 'FULGENCE']",FUL,F425,99/1968
114,SMQ659172632,01,2000,22,ADEODATUS UMUHOZA,1.0,4.0,M,6989973938.0,MAGERAGERENYARUSANGE,HATEGEKIMANA,BEAUFIL,NIYONSENGA,HATEGEKIMANA BEAUFIL NIYONSENGA,AAAAABEEEEFGGHIIIKLMNNNNOSTUY,"['HATEGEKIMANA', 'NZIMANA', 'ADEODATUS', 'FLORIEN']",HAT,H322,01/2000
114,SOV385123176,10,1986,36,ADEODATUS UMUHOZA,7.0,11.0,M,6989973938.0,MAGERAGERENYARUSANGE,NZIMANA,-9,CLARISSE,NZIMANA CLARISSE,AAACEIILMNNRSSZ,"['HATEGEKIMANA', 'NZIMANA', 'ADEODATUS', 'FLORIEN']",NZI,N255,10/1986
114,SXE836351258,06,1944,78,ADEODATUS UMUHOZA,2.0,6.0,M,6989973938.0,MAGERAGERENYARUSANGE,ADEODATUS,-9,UMUHOZA,ADEODATUS UMUHOZA,AAADDEHMOOSTUUUZ,"['HATEGEKIMANA', 'NZIMANA', 'ADEODATUS', 'FLORIEN']",ADE,A333,06/1944
114,T15039566502,08,2010,77,ADEODATUS UMUHOZA,5.0,10.0,M,6989973938.0,MAGERAGERENYARUSANGE,FLORIEN,-9,MUGABE,FLORIEN MUGABE,ABEEFGILMNORU,"['HATEGEKIMANA', 'NZIMANA', 'ADEODATUS', 'FLORIEN']",FLO,F465,08/2010
115,T2S139834578,11,1983,40,INNOCENT TWAHIRWA,1.0,7.0,M,7279448357.0,TABANGENDO,INOCEN,-9,TWAHIRWA,INOCEN TWAHIRWA,AACEHIINNORTWW,"['INOCEN', 'KARENZI', 'KARENZI', 'MBONEKO']",INO,I525,11/1983
115,T8A117098010,99,2001,22,INNOCENT TWAHIRWA,2.0,1.0,M,7279448357.0,TABANGENDO,KARENZI,-9,-9,KARENZI,AEIKNRZ,"['INOCEN', 'KARENZI', 'KARENZI', 'MBONEKO']",KAR,K652,99/2001
115,T8A117098010,11,2001,21,INNOCENT TWAHIRWA,2.0,,M,7279448357.0,RURONDEKIGALI,KARENZI,-9,MUKESHIMANA,KARENZI MUKESHIMANA,AAAEEHIIKKMMNNRSUZ,"['INOCEN', 'KARENZI', 'KARENZI', 'MBONEKO']",KAR,K652,11/2001
115,TAG286724411,99,2006,16,INNOCENT TWAHIRWA,6.0,13.0,M,7279448357.0,TABANGENDO,MBONEKO,-9,UWIZEYE,MBONEKO UWIZEYE,BEEEIKMNOOUWYZ,"['INOCEN', 'KARENZI', 'KARENZI', 'MBONEKO']",MBO,M152,99/2006
116,TAW443852821,01,9999,49,PRUDENCE STRATON,2.0,11.0,M,,RWOTSOSARUHEMBE,RAYMOND,-9,BERTIN,RAYMOND BERTIN,ABDEIMNNORRTY,"['RAYMOND', 'ALEXANDRE', 'PRUDENCE']",RAY,R553,01/9999
116,TBC653440977,99,1981,41,PRUDENCE STRATON,4.0,11.0,M,,RWOTSOSARUHEMBE,ALEXANDRE,-9,GANZA,ALEXANDRE GANZA,AAAADEEGLNNRXZ,"['RAYMOND', 'ALEXANDRE', 'PRUDENCE']",ALE,A425,99/1981
116,TFV491302795,99,1967,56,PRUDENCE STRATON,1.0,7.0,M,,RWOTSOSARUHEMBE,PRUDENCE,-9,STRATON,PRUDENCE STRATON,ACDEENNOPRRSTTU,"['RAYMOND', 'ALEXANDRE', 'PRUDENCE']",PRU,P635,99/1967
117,THL452038804,11,2020,25,MUGABO KAYIRANGA,2.0,2.0,M,4331867615.0,BIBAREURUTAMBI,NTIBAZRIKANAMISAGO,-9,RUTAYISIRE,NTIBAZRIKANAMISAGO RUTAYISIRE,AAAAABEGIIIIIKMNNORRRSSTTUYZ,"['NTIBAZRIKANAMISAGO', 'FAUSTINO', 'MUGABO', 'PIERR', 'CARINE']",NTI,N312,11/2020
117,TJX393272988,03,1974,55,MUGABO KAYIRANGA,6.0,3.0,M,4331867615.0,BIBAREURUTAMBI,FAUSTINO,-9,NAHIMANA,FAUSTINO NAHIMANA,AAAAFHIIMNNNOSTU,"['NTIBAZRIKANAMISAGO', 'FAUSTINO', 'MUGABO', 'PIERR', 'CARINE']",FAU,F235,03/1974
117,TKK707668306,08,1921,101,MUGABO KAYIRANGA,7.0,12.0,M,4331867615.0,BIBAREURUTAMBI,MUGABO,-9,KAYIRANGA,MUGABO KAYIRANGA,AAAABGGIKMNORUY,"['NTIBAZRIKANAMISAGO', 'FAUSTINO', 'MUGABO', 'PIERR', 'CARINE']",MUG,M210,08/1921
117,TKM817842398,12,2007,57,MUGABO KAYIRANGA,2.0,,M,4331867615.0,BIBAREURUTAMBI,PIERR,DANIS,MOSES,PIERR DANIS MOSES,ADEEIIMNOPRRSSS,"['NTIBAZRIKANAMISAGO', 'FAUSTINO', 'MUGABO', 'PIERR', 'CARINE']",PIE,P600,12/2007
117,TPR582499973,99,9999,64,MUGABO KAYIRANGA,,12.0,F,4331867615.0,BIBAREURUTAMBI,CARINE,-9,MUHOZA,CARINE MUHOZA,AACEHIMNORUZ,"['NTIBAZRIKANAMISAGO', 'FAUSTINO', 'MUGABO', 'PIERR', 'CARINE']",CAR,C650,99/9999
119,TWB196085904,01,1973,49,JEAN PAUL KAGABO,3.0,7.0,M,6045461494.0,RWESEROBENGAZI,ILDEPHONSE,-9,-9,ILDEPHONSE,DEEHILNOPS,"['ILDEPHONSE', 'RUZIGANA', '-9', 'JEAN']",ILD,I431,01/1973
119,TXL156862997,99,1975,47,JEAN PAUL KAGABO,1.0,1.0,M,6045461494.0,RWESEROBENGAZI,RUZIGANA,BENIT,NZEYIMANA,RUZIGANA BENIT NZEYIMANA,AAAABEEGIIIMNNNNRTUYZZ,"['ILDEPHONSE', 'RUZIGANA', '-9', 'JEAN']",RUZ,R225,99/1975
119,TYK263048021,07,1990,32,JEAN PAUL KAGABO,6.0,7.0,F,6045461494.0,RWESEROBENGAZI,-9,-9,MUSONI,MUSONI,IMNOSU,"['ILDEPHONSE', 'RUZIGANA', '-9', 'JEAN']",-9,-9,07/1990
119,U1J324495274,06,1968,54,JEAN PAUL KAGABO,,,M,6045461494.0,RWESEROBENGAZI,JEAN,PAUL,KAGABO,JEAN PAUL KAGABO,AAAABEGJKLNOPU,"['ILDEPHONSE', 'RUZIGANA', '-9', 'JEAN']",JEA,J500,06/1968
120,U3Y061785783,08,1958,64,UWIMBABAZI UWIMANA,7.0,5.0,M,3928375767.0,BUSHAKAGASEKE,VALENS,-9,TETA,VALENS TETA,AAEELNSTTV,"['VALENS', 'UWIMBABAZI']",VAL,V452,08/1958
120,U6N845881823,03,1931,67,UWIMBABAZI UWIMANA,6.0,6.0,F,3928375767.0,BUSHAKAGASEKE,UWIMBABAZI,-9,UWIMANA,UWIMBABAZI UWIMANA,AAAABBIIIMMNUUWWZ,"['VALENS', 'UWIMBABAZI']",UWI,U511,03/1931
121,U8O137386746,09,9999,20,ELIJAH SAIDI,5.0,4.0,M,6047102411.0,RWIMBOGONYANDUNGU,ELIJAH,-9,SAIDIEA,ELIJAH SAIDIEA,AAADEEHIIIJLS,"['ELIJAH', 'ELIJAH', 'MUKOBWAJANA']",ELI,E420,09/9999
121,U8O137386746,09,2002,20,ELIJAH SAIDI,5.0,4.0,M,6047102411.0,KABIHOGOBWERAMANA,ELIJAH,-9,SAIDI,ELIJAH SAIDI,AADEHIIIJLS,"['ELIJAH', 'ELIJAH', 'MUKOBWAJANA']",ELI,E420,09/2002
121,UBS444160981,07,2002,19,ELIJAH SAIDI,4.0,7.0,F,6047102410.0,RWIMBOGONYANDUNGU,MUKOBWAJANA,-9,EMANUEL,MUKOBWAJANA EMANUEL,AAAABEEJKLMMNNOUUW,"['ELIJAH', 'ELIJAH', 'MUKOBWAJANA']",MUK,M212,07/2002
122,UK1724976801,08,1951,38,MOISE TURAHIRWA EMMANUEL,1.0,4.0,M,6047102410.0,CYARUKARAGISOZI,KAGABO,-9,ROBERT,KAGABO ROBERT,AABBEGKOORRT,"['KAGABO', 'MOISE', 'DOMINICK']",KAG,K210,08/1951
122,UK8776234289,05,1938,91,MOISE TURAHIRWA EMMANUEL,1.0,9.0,M,9978902379.0,CYARUKARAGISOZI,MOISE,TURAHIRWA,EMMANUEL,MOISE TURAHIRWA EMMANUEL,AAAEEEHIILMMMNORRSTUUW,"['KAGABO', 'MOISE', 'DOMINICK']",MOI,M200,05/1938
122,UMI605636413,99,9999,58,MOISE TURAHIRWA EMMANUEL,3.0,9.0,M,9978902379.0,CYARUKARAGISOZI,DOMINICK,-9,HODARI,DOMINICK HODARI,ACDDHIIIKMNOOR,"['KAGABO', 'MOISE', 'DOMINICK']",DOM,D552,99/9999
123,UOH194282598,12,2005,17,MULEKATETE KAMBANDA,6.0,,M,9534392387.0,GATAGARANYAMUKO,FREDY,BOB,NIYONSENGA,FREDY BOB NIYONSENGA,ABBDEEFGINNNOORSYY,"['FREDY', 'PROSPER', 'MULEKATETE']",FRE,F630,12/2005
123,UOY942153558,12,1955,37,MULEKATETE KAMBANDA,5.0,4.0,M,9534392387.0,GATAGARANYAMUKO,PROSPER,-9,MUKASA,PROSPER MUKASA,AAEKMOPPRRSSU,"['FREDY', 'PROSPER', 'MULEKATETE']",PRO,P621,12/1955
123,UU4607919610,99,1949,74,MULEKATETE KAMBANDA,2.0,7.0,F,9534392387.0,GATAGARANYAMUKO,MULEKATETE,-9,KAMBANDA,MULEKATETE KAMBANDA,AAAABDEEEKKLMMNTTU,"['FREDY', 'PROSPER', 'MULEKATETE']",MUL,M423,99/1949
124,UV7677325357,01,1936,86,NADINE HITIMANA,7.0,12.0,F,1865430883.0,MUHOROROBUKOMERO,NADINE,-9,HITIMANA,NADINE HITIMANA,AAADEHIIIMNNNT,"['NADINE', 'NADINE', 'ALAIN']",NAD,N350,01/1936
124,UV7677325357,01,1936,86,NADINE HITIMANA,7.0,12.0,,1865430883.0,KAGANOTUMBA,NADINE,-9,HITIMANA,NADINE HITIMANA,AAADEHIIIMNNNT,"['NADINE', 'NADINE', 'ALAIN']",NAD,N350,01/1936
124,UXI140124518,11,9999,20,NADINE HITIMANA,6.0,10.0,M,1865430883.0,MUHOROROBUKOMERO,ALAIN,-9,UMUTESI,ALAIN UMUTESI,AAEIILMNSTUU,"['NADINE', 'NADINE', 'ALAIN']",ALA,A450,11/9999
125,V4E363719696,08,9999,80,PATIENT GATERA,4.0,12.0,M,,BUNGWEGAKERI,PATIENT,-9,GATERA,PATIENT GATERA,AAAEEGINPRTTT,"['PATIENT', 'RUSANGANWA', 'JACK']",PAT,P353,08/9999
125,V6Q210501692,99,9999,45,PATIENT GATERA,1.0,,M,,BUNGWEGAKERI,RUSANGANWA,-9,BUTER,RUSANGANWA BUTER,AAABEGNNRRSTUUW,"['PATIENT', 'RUSANGANWA', 'JACK']",RUS,R252,99/9999
125,VBX991688484,08,2001,21,PATIENT GATERA,7.0,12.0,F,,BUNGWEGAKERI,JACK,-9,NDAYAMBAJE,JACK NDAYAMBAJE,AAAABCDEJJKMNY,"['PATIENT', 'RUSANGANWA', 'JACK']",JAC,J200,08/2001
126,VDF830958173,12,9999,32,UWASE INGABIRE,7.0,3.0,M,4547667091.0,RUDASHYAKACYINYAGA,FRANCK,-9,ERIC,FRANCK ERIC,ACCEFIKNRR,"['FRANCK', 'UWASE']",FRA,F652,12/9999
126,VEJ207994397,02,1985,37,UWASE INGABIRE,,12.0,F,4547667091.0,RUDASHYAKACYINYAGA,UWASE,-9,INGABIRE,UWASE INGABIRE,AABEEGIINRSUW,"['FRANCK', 'UWASE']",UWA,U200,02/1985
127,VNE464708670,99,1978,44,DAVID KAZUNGU,4.0,2.0,M,,MUGATAREKUMUNINI,BENNY,ALPHONSE,HATUNGIMANA,BENNY ALPHONSE HATUNGIMANA,AAAABEEGHHILMNNNNNOPSTUY,"['BENNY', 'DAVID', 'FABIEN']",BEN,B500,99/1978
127,VOY410550152,11,1974,48,DAVID KAZUNGU,,1.0,M,3544073850.0,MUGATAREKUMUNINI,DAVID,-9,-9,DAVID,ADDIV,"['BENNY', 'DAVID', 'FABIEN']",DAV,D130,11/1974
127,VP1709587617,02,2007,15,DAVID KAZUNGU,6.0,,M,3544073850.0,MUGATAREKUMUNINI,FABIEN,-9,HABINEZA,FABIEN HABINEZA,AAABBEEFHIINNZ,"['BENNY', 'DAVID', 'FABIEN']",FAB,F150,02/2007
128,VP4196719141,05,1975,46,FRANCOIS REGIS MBABAZI,1.0,13.0,M,1941369417.0,MATABAKAMUTAMBIRO,FRANCOIS,REGIS,MBABAZI,FRANCOIS REGIS MBABAZI,AAABBCEFGIIIMNORRSSZ,"['FRANCOIS', 'JOHNY']",FRA,F652,05/1975
128,VQS035668999,99,9999,32,FRANCOIS REGIS MBABAZI,6.0,7.0,M,1941369417.0,MATABAKAMUTAMBIRO,JOHNY,JACKSON,MURENZI,JOHNY JACKSON MURENZI,ACEHIJJKMNNNOORSUYZ,"['FRANCOIS', 'JOHNY']",JOH,J500,99/9999
129,VSG943673960,11,1980,42,DEMETRIOUS CELESTIN,1.0,13.0,M,6479500165.0,CYARUKARAGISOZI,DEMETRIOUS,-9,BYIRINGIRO,DEMETRIOUS BYIRINGIRO,BDEEGIIIIMNOORRRSTUY,"['DEMETRIOUS', 'DEMETRIOUS', 'DEMETRIOUS', 'TUYISHIME', 'TUYISHIME']",DEM,D536,11/1980
129,VV9851331001,04,1954,68,DEMETRIOUS CELESTIN,3.0,4.0,M,6479500165.0,UMUGANDAUMUNYINYA,DEMETRIOUS,-9,CELESTIN,DEMETRIOUS CELESTIN,CDEEEEIILMNORSSTTU,"['DEMETRIOUS', 'DEMETRIOUS', 'DEMETRIOUS', 'TUYISHIME', 'TUYISHIME']",DEM,D536,04/1954
129,VV9851331001,04,1954,68,DEMETRIOUS CELESTIN,3.0,4.0,M,6479500165.0,CYARUKARAGISOZI,DEMETRIOUS,-9,CELESTIN,DEMETRIOUS CELESTIN,CDEEEEIILMNORSSTTU,"['DEMETRIOUS', 'DEMETRIOUS', 'DEMETRIOUS', 'TUYISHIME', 'TUYISHIME']",DEM,D536,04/1954
129,VVF911261402,03,1988,34,DEMETRIOUS CELESTIN,2.0,11.0,M,6479500165.0,REBERORWABUREGEYA,TUYISHIME,-9,ERNEST,TUYISHIME ERNEST,EEEHIIMNRSSTTUY,"['DEMETRIOUS', 'DEMETRIOUS', 'DEMETRIOUS', 'TUYISHIME', 'TUYISHIME']",TUY,T250,03/1988
129,VVF911261402,99,1988,34,DEMETRIOUS CELESTIN,2.0,11.0,M,6479500165.0,CYARUKARAGISOZI,TUYISHIME,-9,-9,TUYISHIME,EHIIMSTUY,"['DEMETRIOUS', 'DEMETRIOUS', 'DEMETRIOUS', 'TUYISHIME', 'TUYISHIME']",TUY,T250,99/1988
130,W1N968871690,08,9999,66,SYLVESTRE PASCAL,7.0,8.0,M,1356458487.0,NTENYONGANDO,-9,-9,NIYONKURU,NIYONKURU,IKNNORUUY,"['-9', 'VESTINE', 'ANGE', 'SYLVESTRE', 'AIME']",-9,-9,08/9999
130,W6O202133234,01,1949,73,SYLVESTRE PASCAL,5.0,5.0,F,1356458487.0,NTENYONGANDO,VESTINE,-9,NGABO,VESTINE NGABO,ABEEGINNOSTV,"['-9', 'VESTINE', 'ANGE', 'SYLVESTRE', 'AIME']",VES,V235,01/1949
130,W89771391214,11,1995,27,SYLVESTRE PASCAL,4.0,11.0,M,1356458487.0,NTENYONGANDO,ANGE,-9,DIEUDONN,ANGE DIEUDONN,ADDEEGINNNOU,"['-9', 'VESTINE', 'ANGE', 'SYLVESTRE', 'AIME']",ANG,A520,11/1995
130,WAJ050132329,08,1926,96,SYLVESTRE PASCAL,2.0,1.0,M,1356458487.0,NTENYONGANDO,SYLVESTRE,-9,PASCAL,SYLVESTRE PASCAL,AACEELLPRSSSTVY,"['-9', 'VESTINE', 'ANGE', 'SYLVESTRE', 'AIME']",SYL,S412,08/1926
130,WB6491964397,05,2010,12,SYLVESTRE PASCAL,6.0,,M,1356458487.0,NTENYONGANDO,AIME,GILBERT,SEBERA,AIME GILBERT SEBERA,AABBEEEEGIILMRRST,"['-9', 'VESTINE', 'ANGE', 'SYLVESTRE', 'AIME']",AIM,A500,05/2010
131,WEO338741039,04,1928,94,UWAWE VIANNEY,2.0,13.0,M,,MUNANIRAMATABA,UWAWE,-9,VIANNEY,UWAWE VIANNEY,AAEEINNUVWWY,"['UWAWE', 'HAKIM', 'MUZIRANENGE', '-9']",UWA,U000,04/1928
131,WEO383238804,99,1938,84,UWAWE VIANNEY,4.0,10.0,M,,MUNANIRAMATABA,HAKIM,-9,MUREKATETE,HAKIM MUREKATETE,AAEEEHIKKMMRTTU,"['UWAWE', 'HAKIM', 'MUZIRANENGE', '-9']",HAK,H250,99/1938
131,WEZ937147223,99,1990,32,UWAWE VIANNEY,4.0,8.0,F,,MUNANIRAMATABA,MUZIRANENGE,AMIDA,MUTESI,MUZIRANENGE AMIDA MUTESI,AAADEEEGIIIMMMNNRSTUUZ,"['UWAWE', 'HAKIM', 'MUZIRANENGE', '-9']",MUZ,M265,99/1990
131,WID487799536,99,9999,4,UWAWE VIANNEY,6.0,7.0,M,,MUNANIRAMATABA,-9,PIERRE,MUSHIMIYIMANA,PIERRE MUSHIMIYIMANA,AAEEHIIIIMMMNPRRSUY,"['UWAWE', 'HAKIM', 'MUZIRANENGE', '-9']",-9,-9,99/9999
132,WIU331504225,02,1957,65,MUHUZA CLEMENT MULINDA,5.0,10.0,M,2601462082.0,GATABAKEBERO,DEDAN,-9,-9,DEDAN,ADDEN,"['DEDAN', 'MUHUZA', 'CALEB', 'MUGABO', 'RUTH', 'RUTH']",DED,D350,02/1957
132,WIX704378775,99,1934,94,MUHUZA CLEMENT MULINDA,1.0,3.0,M,2601462082.0,GATABAKEBERO,MUHUZA,CLEMENT,MULINDA,MUHUZA CLEMENT MULINDA,AACDEEHILLMMMNNTUUUZ,"['DEDAN', 'MUHUZA', 'CALEB', 'MUGABO', 'RUTH', 'RUTH']",MUH,M200,99/1934
132,WJO341716797,08,1977,48,MUHUZA CLEMENT MULINDA,5.0,5.0,M,2601462082.0,GATABAKEBERO,CALEB,-9,UMULISA,CALEB UMULISA,AABCEILLMSUU,"['DEDAN', 'MUHUZA', 'CALEB', 'MUGABO', 'RUTH', 'RUTH']",CAL,C410,08/1977
132,WK6728563159,05,1939,83,MUHUZA CLEMENT MULINDA,3.0,1.0,M,2601462082.0,GATABAKEBERO,MUGABO,-9,NIYIBIZI,MUGABO NIYIBIZI,ABBGIIIIMNOUYZ,"['DEDAN', 'MUHUZA', 'CALEB', 'MUGABO', 'RUTH', 'RUTH']",MUG,M210,05/1939
132,WKG844510118,99,1965,91,MUHUZA CLEMENT MULINDA,3.0,12.0,F,2601462082.0,GATABAKEBERO,RUTH,-9,MUSABYIMANA,RUTH MUSABYIMANA,AAABHIMMNRSTUUY,"['DEDAN', 'MUHUZA', 'CALEB', 'MUGABO', 'RUTH', 'RUTH']",RUT,R300,99/1965
132,WKG844510118,07,1931,91,MUHUZA CLEMENT MULINDA,3.0,12.0,F,2601462082.0,KAMONYIGITWE,RUTH,-9,MUSABYIMANA,RUTH MUSABYIMANA,AAABHIMMNRSTUUY,"['DEDAN', 'MUHUZA', 'CALEB', 'MUGABO', 'RUTH', 'RUTH']",RUT,R300,07/1931
133,WNO375613571,02,1984,38,FRANCOIS ASIIMWE,4.0,,F,4597299086.0,RUDASHYAKAMAHORO,MUGISHA,-9,BYAMUNGU,MUGISHA BYAMUNGU,AABGGHIMMNSUUUY,"['MUGISHA', 'FRANCOIS']",MUG,M220,02/1984
133,WOY842262255,04,1931,91,FRANCOIS ASIIMWE,,10.0,M,4597299086.0,RUDASHYAKAMAHORO,FRANCOIS,-9,ASIIMWE,FRANCOIS ASIIMWE,AACEFIIIMNORSSW,"['MUGISHA', 'FRANCOIS']",FRA,F652,04/1931
134,WRN893966383,08,1954,68,JOSIANE MUNEZERO,,8.0,F,2756003718.0,RWESEROBENGAZI,JOSIANE,-9,MUNEZERO,JOSIANE MUNEZERO,AEEEIJMNNOORSUZ,"['JOSIANE', 'JOSUE']",JOS,J250,08/1954
134,WSE020713696,04,1990,32,JOSIANE MUNEZERO,5.0,2.0,M,2756003718.0,RWESEROBENGAZI,JOSUE,-9,GATARAYIHA,JOSUE GATARAYIHA,AAAAEGHIJORSTUY,"['JOSIANE', 'JOSUE']",JOS,J200,04/1990
135,WUE523472017,05,1973,49,BETTY HABINEZA,1.0,8.0,M,9624113972.0,BURIMAMIRAMBI,VEDASTE,LIONCEAU,TUYISHIMIRE,VEDASTE LIONCEAU TUYISHIMIRE,AACDEEEEHIIIILMNORSSTTUUVY,"['VEDASTE', 'BELLYOFF', 'AUGUSTIN', 'BETTY']",VED,V323,05/1973
135,WVK241034945,99,1995,27,BETTY HABINEZA,4.0,7.0,,9624113972.0,BURIMAMIRAMBI,BELLYOFF,-9,CLAUDE,BELLYOFF CLAUDE,ABCDEEFFLLLOUY,"['VEDASTE', 'BELLYOFF', 'AUGUSTIN', 'BETTY']",BEL,B410,99/1995
135,WXN387878231,12,2003,19,BETTY HABINEZA,4.0,,M,9624113972.0,BURIMAMIRAMBI,AUGUSTIN,-9,STEVEN,AUGUSTIN STEVEN,AEEGINNSSTTUUV,"['VEDASTE', 'BELLYOFF', 'AUGUSTIN', 'BETTY']",AUG,A223,12/2003
135,X2H545428668,11,1927,95,BETTY HABINEZA,2.0,11.0,F,9624113972.0,BURIMAMIRAMBI,BETTY,-9,HABINEZA,BETTY HABINEZA,AABBEEHINTTYZ,"['VEDASTE', 'BELLYOFF', 'AUGUSTIN', 'BETTY']",BET,B300,11/1927
136,XDC394071831,02,1930,92,SCHIPHRA TUYISENGE,,3.0,F,,GASEKEDUTWE,CHARITY,-9,KARANGWA,CHARITY KARANGWA,AAAACGHIKNRRTWY,"['CHARITY', 'GARUKA', 'SAMSON', 'SAMSON', 'SCHIPHRA']",CHA,C630,02/1930
136,XEU250321345,99,1971,51,SCHIPHRA TUYISENGE,3.0,2.0,F,,GASEKEDUTWE,GARUKA,-9,TUSHABE,GARUKA TUSHABE,AAABEGHKRSTUU,"['CHARITY', 'GARUKA', 'SAMSON', 'SAMSON', 'SCHIPHRA']",GAR,G620,99/1971
136,XIF934427768,07,1964,58,SCHIPHRA TUYISENGE,1.0,9.0,M,,GASEKEDUTWE,SAMSON,-9,LEE,SAMSON LEE,AEELMNOSS,"['CHARITY', 'GARUKA', 'SAMSON', 'SAMSON', 'SCHIPHRA']",SAM,S525,07/1964
136,XIF934427768,07,1964,58,SCHIPHRA TUYISENGE,1.0,9.0,M,,GISAGIHIRA,SAMSON,-9,LEE,SAMSON LEE,AEELMNOSS,"['CHARITY', 'GARUKA', 'SAMSON', 'SAMSON', 'SCHIPHRA']",SAM,S525,07/1964
136,XKD608533636,99,1924,99,SCHIPHRA TUYISENGE,3.0,3.0,F,,GASEKEDUTWE,SCHIPHRA,-9,TUYISENGE,SCHIPHRA TUYISENGE,ACEEGHHIINPRSSTUY,"['CHARITY', 'GARUKA', 'SAMSON', 'SAMSON', 'SCHIPHRA']",SCH,S160,99/1924
138,XNY428020149,99,1950,72,SHAMARIMA UWAMARIYA,4.0,5.0,F,8251714761.0,MATABAKAMUTAMBIRO,SHAMIMA,-9,UWAMARIYA,SHAMIMA UWAMARIYA,AAAAAHIIMMMRSUWY,"['SHAMIMA', 'SEDHAR']",SHA,S550,99/1950
138,XQU606573607,11,1926,20,SHAMARIMA UWAMARIYA,,5.0,M,8251714761.0,MATABAKAMUTAMBIRO,SEDHAR,-9,NDAYISABA,SEDHAR NDAYISABA,AAAABDDEHINRSSY,"['SHAMIMA', 'SEDHAR']",SED,S360,11/1926
139,XRD076572896,10,1992,30,AMOR MUGIRANEZA,2.0,,F,2142433267.0,MATABAMAGERAGERE,QUEEM,-9,NSHIMIYIMANA,QUEEM NSHIMIYIMANA,AAEEHIIIMMMNNQSUY,"['QUEEM', 'LANDRE', 'LANDRE', 'AMOR', 'AMOR', 'TUYISENGE', 'TUYISENGE', 'ROSE', 'ROSE']",QUE,Q500,10/1992
139,XRJ632882445,05,1952,58,AMOR MUGIRANEZA,5.0,9.0,M,2142433267.0,MATABAMAGERAGERE,LANDRE,-9,DIEUDONNE,LANDRE DIEUDONNE,ADDDEEEILNNNORU,"['QUEEM', 'LANDRE', 'LANDRE', 'AMOR', 'AMOR', 'TUYISENGE', 'TUYISENGE', 'ROSE', 'ROSE']",LAN,L536,05/1952
139,XRJ632882445,05,1964,58,AMOR MUGIRANEZA,5.0,9.0,M,2142433267.0,MATABAMAGERAGERE,LANDRE,-9,DIEUDONNE,LANDRE DIEUDONNE,ADDDEEEILNNNORU,"['QUEEM', 'LANDRE', 'LANDRE', 'AMOR', 'AMOR', 'TUYISENGE', 'TUYISENGE', 'ROSE', 'ROSE']",LAN,L536,05/1964
139,XUR868522716,99,9999,87,AMOR MUGIRANEZA,3.0,9.0,F,2142433267.0,MATABAMAGERAGERE,AMOR,-9,MUGIRANEZA,AMOR MUGIRANEZA,AAAEGIMMNORRUZ,"['QUEEM', 'LANDRE', 'LANDRE', 'AMOR', 'AMOR', 'TUYISENGE', 'TUYISENGE', 'ROSE', 'ROSE']",AMO,A560,99/9999
139,XUR868522716,11,1935,87,AMOR MUGIRANEZA,3.0,9.0,F,2142433267.0,MATABAMAGERAGERE,AMOR,-9,MUGIRANEZA,AMOR MUGIRANEZA,AAAEGIMMNORRUZ,"['QUEEM', 'LANDRE', 'LANDRE', 'AMOR', 'AMOR', 'TUYISENGE', 'TUYISENGE', 'ROSE', 'ROSE']",AMO,A560,11/1935
139,XWH788287581,99,1999,23,AMOR MUGIRANEZA,3.0,10.0,M,2142433267.0,MATABAMAGERAGERE,TUYISENGE,JEAN,GASPARD,TUYISENGE JEAN GASPARD,AAADEEEGGIJNNPRSSTUY,"['QUEEM', 'LANDRE', 'LANDRE', 'AMOR', 'AMOR', 'TUYISENGE', 'TUYISENGE', 'ROSE', 'ROSE']",TUY,T252,99/1999
139,XWH788287581,10,1999,23,AMOR MUGIRANEZA,3.0,10.0,M,2142433267.0,MATABAMAGERAGERE,TUYISENGE,JEAN,GASPARD,TUYISENGE JEAN GASPARD,AAADEEEGGIJNNPRSSTUY,"['QUEEM', 'LANDRE', 'LANDRE', 'AMOR', 'AMOR', 'TUYISENGE', 'TUYISENGE', 'ROSE', 'ROSE']",TUY,T252,10/1999
139,XZQ669054346,99,1946,76,AMOR MUGIRANEZA,3.0,2.0,F,2142433267.0,MATABAMAGERAGERE,ROSE,-9,MURENZINI,ROSE MURENZINI,EEIIMNNORRSUZ,"['QUEEM', 'LANDRE', 'LANDRE', 'AMOR', 'AMOR', 'TUYISENGE', 'TUYISENGE', 'ROSE', 'ROSE']",ROS,R200,99/1946
139,XZQ669054346,99,1946,76,AMOR MUGIRANEZA,3.0,2.0,F,2142433267.0,MATABAMAGERAGERE,ROSE,-9,MURENZI,ROSE MURENZI,EEIMNORRSUZ,"['QUEEM', 'LANDRE', 'LANDRE', 'AMOR', 'AMOR', 'TUYISENGE', 'TUYISENGE', 'ROSE', 'ROSE']",ROS,R200,99/1946
140,Y00986922705,08,1931,94,HONDA MORIS UWIZEYE,3.0,8.0,M,6495405919.0,SARUHEMBENYAGAHANGA,HONDA,MORIS,UWIZEYE,HONDA MORIS UWIZEYE,ADEEHIIMNOORSUWYZ,"['HONDA', 'HONDA', 'JEAN', 'JEAN', 'WINNY', 'WINNY']",HON,H530,08/1931
140,Y00986922705,05,9999,99,HONDA MORIS UWIZEYE,3.0,,M,6495405919.0,SARUHEMBENYAGAHANGA,HONDA,MORIS,UWIZEYE,HONDA MORIS UWIZEYE,ADEEHIIMNOORSUWYZ,"['HONDA', 'HONDA', 'JEAN', 'JEAN', 'WINNY', 'WINNY']",HON,H530,05/9999
140,Y3S338388462,03,1987,35,HONDA MORIS UWIZEYE,1.0,8.0,M,6495405919.0,SARUHEMBENYAGAHANGA,JEAN,BOSCO,KUBWIMANA,JEAN BOSCO KUBWIMANA,AAABBCEIJKMNNOOSUW,"['HONDA', 'HONDA', 'JEAN', 'JEAN', 'WINNY', 'WINNY']",JEA,J500,03/1987
140,Y3S338388462,03,1987,35,HONDA MORIS UWIZEYE,1.0,8.0,M,6495405919.0,SARUHEMBENYAGAHANGA,JEAN,BOSCO,KUBWIMANA,JEAN BOSCO KUBWIMANA,AAABBCEIJKMNNOOSUW,"['HONDA', 'HONDA', 'JEAN', 'JEAN', 'WINNY', 'WINNY']",JEA,J500,03/1987
140,Y6Z288616154,99,1934,88,HONDA MORIS UWIZEYE,4.0,4.0,F,6495405919.0,SARUHEMBENYAGAHANGA,WINNY,-9,MUHIRWA,WINNY MUHIRWA,AHIIMNNRUWWY,"['HONDA', 'HONDA', 'JEAN', 'JEAN', 'WINNY', 'WINNY']",WIN,W500,99/1934
140,Y6Z288616154,06,1934,88,HONDA MORIS UWIZEYE,4.0,4.0,F,6495405919.0,SARUHEMBENYAGAHANGA,WINNY,-9,MUHIRWA,WINNY MUHIRWA,AHIIMNNRUWWY,"['HONDA', 'HONDA', 'JEAN', 'JEAN', 'WINNY', 'WINNY']",WIN,W500,06/1934
141,YA8635915325,12,1939,83,IRADUKUNDA NGABONZIZA,3.0,11.0,M,9103602271.0,MUHARUROKIBINYOGOTE,IRADUKUNDA,-9,NGABONZIZA,IRADUKUNDA NGABONZIZA,AAAABDDGIIKNNNORUUZZ,"['IRADUKUNDA', 'IRADUKUNDA', 'ELLA', 'ELLA', 'HONORINE', 'HONORINE', 'NDENGEYINGOMA', 'NDENGEYINGOMA']",IRA,I632,12/1939
141,YA8635915325,99,1939,83,IRADUKUNDA NGABONZIZA,3.0,11.0,M,9103602271.0,MUHARUROKIBINYOGOTE,IRADUKUNDA,-9,NGABONZIZA,IRADUKUNDA NGABONZIZA,AAAABDDGIIKNNNORUUZZ,"['IRADUKUNDA', 'IRADUKUNDA', 'ELLA', 'ELLA', 'HONORINE', 'HONORINE', 'NDENGEYINGOMA', 'NDENGEYINGOMA']",IRA,I632,99/1939
141,YHB921251984,06,1993,29,IRADUKUNDA NGABONZIZA,5.0,11.0,F,9103602271.0,MUHARUROKIBINYOGOTE,ELLA,-9,KALISA,ELLA KALISA,AAAEIKLLLS,"['IRADUKUNDA', 'IRADUKUNDA', 'ELLA', 'ELLA', 'HONORINE', 'HONORINE', 'NDENGEYINGOMA', 'NDENGEYINGOMA']",ELL,E400,06/1993
141,YHB921251984,02,1993,29,IRADUKUNDA NGABONZIZA,5.0,11.0,F,9103602271.0,MUHARUROKIBINYOGOTE,ELLA,-9,KALISA,ELLA KALISA,AAAEIKLLLS,"['IRADUKUNDA', 'IRADUKUNDA', 'ELLA', 'ELLA', 'HONORINE', 'HONORINE', 'NDENGEYINGOMA', 'NDENGEYINGOMA']",ELL,E400,02/1993
141,YN8350281683,12,1965,81,IRADUKUNDA NGABONZIZA,,10.0,F,9103602271.0,MUHARUROKIBINYOGOTE,HONORINE,-9,NSENGIYUMVA,HONORINE NSENGIYUMVA,AEEGHIIMNNNNOORSUVY,"['IRADUKUNDA', 'IRADUKUNDA', 'ELLA', 'ELLA', 'HONORINE', 'HONORINE', 'NDENGEYINGOMA', 'NDENGEYINGOMA']",HON,H565,12/1965
141,YN8350281683,12,1943,79,IRADUKUNDA NGABONZIZA,4.0,10.0,F,9103602271.0,MUHARUROKIBINYOGOTE,HONORINE,-9,NSENGIYUMVA,HONORINE NSENGIYUMVA,AEEGHIIMNNNNOORSUVY,"['IRADUKUNDA', 'IRADUKUNDA', 'ELLA', 'ELLA', 'HONORINE', 'HONORINE', 'NDENGEYINGOMA', 'NDENGEYINGOMA']",HON,H565,12/1943
141,YSK370847777,99,2016,6,IRADUKUNDA NGABONZIZA,6.0,10.0,,9103602271.0,MUHARUROKIBINYOGOTE,NDENGEYINGOMA,-9,UMUTONI,NDENGEYINGOMA UMUTONI,ADEEGGIIMMNNNNOOTUUY,"['IRADUKUNDA', 'IRADUKUNDA', 'ELLA', 'ELLA', 'HONORINE', 'HONORINE', 'NDENGEYINGOMA', 'NDENGEYINGOMA']",NDE,N352,99/2016
141,YSK370847777,08,2016,6,IRADUKUNDA NGABONZIZA,,10.0,M,9103602271.0,MUHARUROKIBINYOGOTE,NDENGEYINGOMA,-9,UMUTONI,NDENGEYINGOMA UMUTONI,ADEEGGIIMMNNNNOOTUUY,"['IRADUKUNDA', 'IRADUKUNDA', 'ELLA', 'ELLA', 'HONORINE', 'HONORINE', 'NDENGEYINGOMA', 'NDENGEYINGOMA']",NDE,N352,08/2016
142,YYS400831136,05,1995,27,NGABO HABYARIMANA,2.0,1.0,M,8547963655.0,MUSONGATINGORORANO,FLORENTINE,-9,YVES,FLORENTINE YVES,EEEFILNNORSTVY,"['FLORENTINE', 'FLORENTIN', 'NGABO', 'NGABO', 'NSENGIYUMVA', 'NSENGIYUMVA', 'BIBENTYO', 'BIBENTY']",FLO,F465,05/1995
142,YYS400831136,05,1995,27,NGABO HABYARIMANA,2.0,1.0,M,8547963655.0,MUSONGATINGORORANO,FLORENTIN,-9,YVES,FLORENTIN YVES,EEFILNNORSTVY,"['FLORENTINE', 'FLORENTIN', 'NGABO', 'NGABO', 'NSENGIYUMVA', 'NSENGIYUMVA', 'BIBENTYO', 'BIBENTY']",FLO,F465,05/1995
142,YZI931655738,01,1921,101,NGABO HABYARIMANA,4.0,6.0,M,8547963655.0,MUSONGATINGORORANO,NGABO,-9,HABYARIMANA,NGABO HABYARIMANA,AAAAABBGHIMNNORY,"['FLORENTINE', 'FLORENTIN', 'NGABO', 'NGABO', 'NSENGIYUMVA', 'NSENGIYUMVA', 'BIBENTYO', 'BIBENTY']",NGA,N210,01/1921
142,YZI931655738,07,9999,101,NGABO HABYARIMANA,4.0,6.0,M,8547963655.0,MUSONGATINGORORANO,NGABO,-9,HABYARIMANA,NGABO HABYARIMANA,AAAAABBGHIMNNORY,"['FLORENTINE', 'FLORENTIN', 'NGABO', 'NGABO', 'NSENGIYUMVA', 'NSENGIYUMVA', 'BIBENTYO', 'BIBENTY']",NGA,N210,07/9999
142,Z1B129507786,11,1970,52,NGABO HABYARIMANA,3.0,11.0,F,8547963655.0,MUSONGATINGORORANO,NSENGIYUMVA,-9,KWIZERA,NSENGIYUMVA KWIZERA,AAEEGIIKMNNRSUVWYZ,"['FLORENTINE', 'FLORENTIN', 'NGABO', 'NGABO', 'NSENGIYUMVA', 'NSENGIYUMVA', 'BIBENTYO', 'BIBENTY']",NSE,N252,11/1970
142,Z1B129507786,11,1970,52,NGABO HABYARIMANA,,11.0,M,8547963655.0,MUSONGATINGORORANO,NSENGIYUMVA,-9,KWIZERA,NSENGIYUMVA KWIZERA,AAEEGIIKMNNRSUVWYZ,"['FLORENTINE', 'FLORENTIN', 'NGABO', 'NGABO', 'NSENGIYUMVA', 'NSENGIYUMVA', 'BIBENTYO', 'BIBENTY']",NSE,N252,11/1970
142,Z1S573380840,09,9999,22,NGABO HABYARIMANA,5.0,1.0,F,8547963655.0,MUSONGATINGORORANO,BIBENTYO,-9,MUTONI,BIBENTYO MUTONI,BBEIIMNNOOTTUY,"['FLORENTINE', 'FLORENTIN', 'NGABO', 'NGABO', 'NSENGIYUMVA', 'NSENGIYUMVA', 'BIBENTYO', 'BIBENTY']",BIB,B153,09/9999
142,Z1S573380840,12,2000,22,NGABO HABYARIMANA,5.0,1.0,M,8547963655.0,MUSONGATINGORORANO,BIBENTY,-9,MUTONI,BIBENTY MUTONI,BBEIIMNNOTTUY,"['FLORENTINE', 'FLORENTIN', 'NGABO', 'NGABO', 'NSENGIYUMVA', 'NSENGIYUMVA', 'BIBENTYO', 'BIBENTY']",BIB,B153,12/2000
143,Z3G138506804,02,1934,88,RUSANGANWA KARANGWA,6.0,9.0,M,6042629245.0,REMERAGITWA,RUSANGANWA,-9,KARANGWA,RUSANGANWA KARANGWA,AAAAAAGGKNNNRRSUWW,"['RUSANGANWA', 'RUSANGANWA', 'ERIC', 'ERIC', '-9', 'NICKS']",RUS,R252,02/1934
143,Z3G138506804,03,1934,88,RUSANGANWA KARANGWA,6.0,9.0,M,6042629245.0,REMERAGITWA,RUSANGANWA,-9,KARANGWA,RUSANGANWA KARANGWA,AAAAAAGGKNNNRRSUWW,"['RUSANGANWA', 'RUSANGANWA', 'ERIC', 'ERIC', '-9', 'NICKS']",RUS,R252,03/1934
143,Z5V470109073,01,1988,34,RUSANGANWA KARANGWA,3.0,7.0,M,6042629245.0,REMERAGITWA,ERIC,-9,KAREMERA,ERIC KAREMERA,AACEEEIKMRRR,"['RUSANGANWA', 'RUSANGANWA', 'ERIC', 'ERIC', '-9', 'NICKS']",ERI,E620,01/1988
143,Z5V470109073,99,1988,34,RUSANGANWA KARANGWA,3.0,7.0,M,6042629245.0,REMERAGITWA,ERIC,-9,KAREMERA,ERIC KAREMERA,AACEEEIKMRRR,"['RUSANGANWA', 'RUSANGANWA', 'ERIC', 'ERIC', '-9', 'NICKS']",ERI,E620,99/1988
143,Z98616838938,99,1946,56,RUSANGANWA KARANGWA,4.0,13.0,M,6042629245.0,REMERAGITWA,-9,-9,SAM,SAM,AMS,"['RUSANGANWA', 'RUSANGANWA', 'ERIC', 'ERIC', '-9', 'NICKS']",-9,-9,99/1946
143,Z98616838938,05,1969,53,RUSANGANWA KARANGWA,,13.0,M,6042629245.0,REMERAGITWA,NICKS,-9,SAMMA,NICKS SAMMA,AACIKMMNSS,"['RUSANGANWA', 'RUSANGANWA', 'ERIC', 'ERIC', '-9', 'NICKS']",NIC,N200,05/1969
144,ZDI407421451,07,2008,32,CSAR MUNEZERO,6.0,1.0,F,1155789865.0,RUGOBAGOBAKIBINGO,MIREILLE,-9,NDAYISABA,MIREILLE NDAYISABA,AAABDEEIIILLMNRSY,"['MIREILLE', 'MIREILLE', '-9', 'INGABI', 'CSAR', 'CSAR']",MIR,M640,07/2008
144,ZDI407421451,07,1990,32,CSAR MUNEZERO,6.0,1.0,F,1155789865.0,RUGOBAGOBAKIBINGO,MIREILLE,-9,NDAYISABA,MIREILLE NDAYISABA,AAABDEEIIILLMNRSY,"['MIREILLE', 'MIREILLE', '-9', 'INGABI', 'CSAR', 'CSAR']",MIR,M640,07/1990
144,ZGR116202739,10,2003,19,CSAR MUNEZERO,5.0,7.0,F,1155789865.0,RUGOBAGOBAKIBINGO,-9,-9,RODRIGUE,RODRIGUE,DEGIORRU,"['MIREILLE', 'MIREILLE', '-9', 'INGABI', 'CSAR', 'CSAR']",-9,-9,10/2003
144,ZGR116202739,10,9999,19,CSAR MUNEZERO,5.0,7.0,F,1155789865.0,RUGOBAGOBAKIBINGO,INGABI,-9,RODRIGUE,INGABI RODRIGUE,ABDEGGIIINORRU,"['MIREILLE', 'MIREILLE', '-9', 'INGABI', 'CSAR', 'CSAR']",ING,I521,10/9999
144,ZK1109150994,09,1958,64,CSAR MUNEZERO,3.0,2.0,F,1155789865.0,RUGOBAGOBAKIBINGO,CSAR,-9,MUNEZERO,CSAR MUNEZERO,ACEEMNORRSUZ,"['MIREILLE', 'MIREILLE', '-9', 'INGABI', 'CSAR', 'CSAR']",CSA,C600,09/1958
144,ZK1109150994,09,1958,64,CSAR MUNEZERO,,,M,1155789865.0,RUGOBAGOBAKIBINGO,CSAR,-9,MUNEZERO,CSAR MUNEZERO,ACEEMNORRSUZ,"['MIREILLE', 'MIREILLE', '-9', 'INGABI', 'CSAR', 'CSAR']",CSA,C600,09/1958
145,ZRB113583615,11,1947,75,MANZI CHRISTIAN RUTAYISIRE,5.0,10.0,F,5578642384.0,IIMUTARA,METHODE,-9,IZABAYO,METHODE IZABAYO,AABDEEHIMOOTYZ,"['METHODE', 'METHODE', 'MUTUZO', 'MUTUZO', 'MANZI', 'MANZI']",MET,M330,11/1947
145,ZRB113583615,11,1947,75,MANZI CHRISTIAN RUTAYISIRE,5.0,10.0,,5578642384.0,IIMUTARA,METHODE,-9,IZABAYO,METHODE IZABAYO,AABDEEHIMOOTYZ,"['METHODE', 'METHODE', 'MUTUZO', 'MUTUZO', 'MANZI', 'MANZI']",MET,M330,11/1947
145,ZTE317757694,08,1941,68,MANZI CHRISTIAN RUTAYISIRE,4.0,11.0,F,5578642384.0,IIMUTARA,MUTUZO,-9,NTAKIRUTIMANA,MUTUZO NTAKIRUTIMANA,AAAIIKMMNNORTTTUUUZ,"['METHODE', 'METHODE', 'MUTUZO', 'MUTUZO', 'MANZI', 'MANZI']",MUT,M320,08/1941
145,ZTE317757694,01,1954,68,MANZI CHRISTIAN RUTAYISIRE,4.0,11.0,F,5578642384.0,IIMUTARA,MUTUZO,-9,MAKIRUTIMANA,MUTUZO MAKIRUTIMANA,AAAIIKMMMNORTTUUUZ,"['METHODE', 'METHODE', 'MUTUZO', 'MUTUZO', 'MANZI', 'MANZI']",MUT,M320,01/1954
145,ZUX507676677,04,1941,81,MANZI CHRISTIAN RUTAYISIRE,,12.0,M,5578642384.0,IIMUTARA,MANZI,CHRISTIAN,RUTAYISIRE,MANZI CHRISTIAN RUTAYISIRE,AAACEHIIIIIMNNRRRSSTTUYZ,"['METHODE', 'METHODE', 'MUTUZO', 'MUTUZO', 'MANZI', 'MANZI']",MAN,M520,04/1941
145,ZUX507676677,04,1941,81,MANZI CHRISTIAN RUTAYISIRE,1.0,12.0,M,5578642384.0,IIMUTARA,MANZI,CHRISTIAN,RUTAYISIRE,MANZI CHRISTIAN RUTAYISIRE,AAACEHIIIIIMNNRRRSSTTUYZ,"['METHODE', 'METHODE', 'MUTUZO', 'MUTUZO', 'MANZI', 'MANZI']",MAN,M520,04/1941
