puid_cen,hid_cen,fullname_cen,full_dob_cen,relationship_cen,sex_cen,marstat_cen,telephone_cen,Eaid_cen,puid_pes,hid_pes,fullname_pes,full_dob_pes,relationship_pes,sex_pes,marstat_pes,telephone_pes,Eaid_pes,MK,ID_count_1,ID_count_2,CLERICAL,Match_Type
0LU121262026,2,NSENGIMANA HATUNGIMANA,99/1988,10.0,M,,6656909617.0,KIRARANGOMBEBUKINANYANA,0LU121262026,2,NSENGIMANA HATUNGIMANA,01/9999,,M,6.0,6656909617.0,KIRARANGOMBEBUKINANYANA,1,1,1,0,Stage_1_Matchkeys
0LZ241330567,2,AIMEE AUGUSTIN,99/1982,9.0,F,1.0,6656909617.0,KIRARANGOMBEBUKINANYANA,0LZ241330567,2,AIMEE AUGUSTIN,01/1982,9.0,F,1.0,6656909617.0,KIRARANGOMBEBUKINANYANA,1,1,1,0,Stage_1_Matchkeys
10K373893071,3,CAPTONE SHYAKA,99/9999,7.0,M,3.0,,BUNGWEKIRWA,10K373893071,3,CAPTONE SHYAKA,09/9999,7.0,M,3.0,,BUNGWEKIRWA,1,1,1,0,Stage_1_Matchkeys
14T047880773,3,BORIS MUHIRWA,07/1978,5.0,M,2.0,,KINYAGARUBUNGO,14T047880773,3,BORIS MUHIRWA,03/1978,5.0,M,1.0,,KINYAGARUBUNGO,1,1,1,0,Stage_1_Matchkeys
1JK664679330,5,BOB H CYPRIEN,12/9999,5.0,M,6.0,4179948675.0,RUNYOMBYIBUGINA,1JK664679330,5,BOB CYPRIEN,12/2007,5.0,M,,4179948675.0,RUNYOMBYIBUGINA,1,1,1,0,Stage_1_Matchkeys
1KS862729097,5,MIHIGO BIZIMANA,99/1998,1.0,M,4.0,4179948675.0,RUNYOMBYIBUGINA,1KS862729097,5,MIHIGO BIZIMANA,09/9999,1.0,M,4.0,4179948675.0,RUNYOMBYIBUGINA,1,1,1,0,Stage_1_Matchkeys
1YQ368637470,5,RUHUMURIZA NIYONSABA,02/1970,6.0,M,7.0,4179948675.0,RUNYOMBYIBUGINA,1YQ368637470,5,RUHUMURIZA NIYONSABA,02/1951,,M,7.0,4179948675.0,RUNYOMBYIBUGINA,1,1,1,0,Stage_1_Matchkeys
20T980747706,6,TRESOR HAGAI BIENVENU,99/9999,10.0,M,6.0,,GASAGARAREMERA,20T980747706,6,TRESOR HAGAI BIENVENU,07/1970,10.0,M,6.0,8007099314.0,GASAGARAREMERA,1,1,1,0,Stage_1_Matchkeys
2AR510329821,6,RODRIGUE ANGE,07/9999,13.0,M,4.0,,GASAGARAREMERA,2AR510329821,6,RODRIGUE ANGE,04/1938,13.0,M,4.0,8007099314.0,GASAGARAREMERA,1,1,1,0,Stage_1_Matchkeys
2DM676695622,6,OBED LOUIS GERMAIN,10/9999,10.0,M,4.0,,GASAGARAREMERA,2DM676695622,6,OBED LOUIS GERMAIN,10/2004,10.0,M,4.0,8007099314.0,GASAGARAREMERA,1,1,1,0,Stage_1_Matchkeys
2FP499829763,6,ROSINE SHYAKA,11/9999,3.0,F,6.0,,GASAGARAREMERA,2FP499829763,6,ROSINE SHYAKA,03/1930,3.0,F,6.0,8007099314.0,GASAGARAREMERA,1,1,1,0,Stage_1_Matchkeys
2GD566899259,6,JOSEE BAKHITA UWIZEYIMANA,09/1962,,F,6.0,,GASAGARAREMERA,2GD566899259,6,JOSEE BAKHITA UWIZEYIMANA,09/1962,2.0,F,6.0,8007099314.0,GASAGARAREMERA,1,1,1,0,Stage_1_Matchkeys
2KP260446094,7,ANITHA KAYITARE,12/1978,9.0,,,2162723616.0,MUHAMBACYOBAHARAYE,2KP260446094,7,ANITHA KAYITARE,12/1938,9.0,F,7.0,1579654132.0,MUHAMBACYOBAHARAYE,1,1,1,0,Stage_1_Matchkeys
2ZF944688402,7,GABLIEL KAREMERA,07/1926,11.0,M,5.0,2162723616.0,MUHAMBACYOBAHARAYE,2ZF944688402,7,GABLIEL KAREMERA,07/1926,11.0,M,5.0,1579654132.0,MUHAMBACYOBAHARAYE,1,1,1,0,Stage_1_Matchkeys
36M147486551,7,DERRICK SYLVESTRE,02/9999,3.0,M,3.0,2162723616.0,MUHAMBACYOBAHARAYE,36M147486551,7,DERRICK SYLVESTRE,99/1924,3.0,M,3.0,1579654132.0,MUHAMBACYOBAHARAYE,1,1,1,0,Stage_1_Matchkeys
3KY581042298,8,CLAUDINE HABYARIMANA,11/1989,10.0,M,5.0,6496777626.0,NYANGEKAMABUYE,3KY581042298,8,CLAUDINE HABYARIMANA,11/1989,10.0,F,5.0,6496777626.0,NYANGEKAMABUYE,1,1,1,0,Stage_1_Matchkeys
3OF723803597,8,JOSEE NKUSI,06/1992,11.0,F,3.0,6496777626.0,NYANGEKAMABUYE,3OF723803597,8,JOSEE NKUSI,06/1992,11.0,F,3.0,6496777626.0,NYANGEKAMABUYE,1,1,1,0,Stage_1_Matchkeys
3S1381142711,8,DIVINE NIYONSABA,99/1969,13.0,F,5.0,6496777626.0,NYANGEKAMABUYE,3S1381142711,8,DIVINE NIYONSABA,03/1969,13.0,F,5.0,,NYANGEKAMABUYE,1,1,1,0,Stage_1_Matchkeys
4UP543875428,12,DIMER THEOPHILE,11/2002,3.0,M,1.0,4513594260.0,RYAKIBOGOGAKOMBE,4UP543875428,12,DIMER THEOPHILE,09/9999,3.0,M,1.0,4513594260.0,RYAKIBOGOGAKOMBE,1,1,1,0,Stage_1_Matchkeys
4VJ633973504,12,JAMES SONGA,99/1999,5.0,M,1.0,4513594260.0,RYAKIBOGOGAKOMBE,4VJ633973504,12,JAMES SONGA,04/1999,5.0,M,,4513594260.0,RYAKIBOGOGAKOMBE,1,1,1,0,Stage_1_Matchkeys
5HW484497890,13,KEVIN OLIVIER,10/9999,2.0,M,2.0,,KIMANAKAGARAMA,5HW484497890,13,KEVIN OLIVIER,10/1986,2.0,,2.0,8737499840.0,KIMANAKAGARAMA,1,1,1,0,Stage_1_Matchkeys
5SL201853858,13,NDABARINZE FRANCOIS,02/2010,5.0,M,,,KIMANAKAGARAMA,5SL201853858,13,NDABARINZE FRANCOIS,99/2010,5.0,M,6.0,8737499840.0,KIMANAKAGARAMA,1,1,1,0,Stage_1_Matchkeys
5VE057493960,13,NKURUNZIZA KARANGWA,07/1976,3.0,M,1.0,,KIMANAKAGARAMA,5VE057493960,13,NKURUNZIZA KARANGWA,10/1976,3.0,M,1.0,8737499840.0,KIMANAKAGARAMA,1,1,1,0,Stage_1_Matchkeys
6QZ002898676,15,GLORIA MUHIRE,04/9999,12.0,F,6.0,,GAHANGAGATOVU,6QZ002898676,15,GLORIA MUHIRE,12/2009,12.0,F,6.0,3978297179.0,GAHANGAGATOVU,1,1,1,0,Stage_1_Matchkeys
6TS583082885,15,MUNEZERO KALISA,99/1993,4.0,M,5.0,,GAHANGAGATOVU,6TS583082885,15,MUNEZERO KALISA,99/1927,4.0,M,5.0,3978297179.0,GAHANGAGATOVU,1,1,1,0,Stage_1_Matchkeys
6XB907569292,16,MBONYINSHUTI HABINEZA,99/2021,5.0,M,6.0,2119419502.0,KAVUMUAKIRABO,6XB907569292,16,MBONYINSHUTI HABINEZA,99/2021,5.0,M,6.0,5862489732.0,KAVUMUAKIRABO,1,1,1,0,Stage_1_Matchkeys
7HF019939250,16,ETE ELE GRACE,99/1974,3.0,M,,2119419502.0,KAVUMUAKIRABO,7HF019939250,16,ETE ELE GRACE,01/1974,3.0,M,1.0,5862489732.0,KAVUMUAKIRABO,1,1,1,0,Stage_1_Matchkeys
7IV820457456,16,DIOCLES SAM,99/2007,4.0,M,6.0,2119419502.0,KAVUMUAKIRABO,7IV820457456,16,DIOCLES SAM,99/9999,4.0,M,6.0,5862489732.0,KAVUMUAKIRABO,1,1,1,0,Stage_1_Matchkeys
7KZ682171735,17,SONIA MUKESHIMANA,04/9999,4.0,F,4.0,,AKABAHIZIITERAMBERE,7KZ682171735,17,SONIA MUKESHIMANA,05/1968,,M,4.0,,AKABAHIZIITERAMBERE,1,1,1,0,Stage_1_Matchkeys
7RH706674959,17,ALICE MUGABE,07/2017,4.0,F,2.0,,AKABAHIZIITERAMBERE,7RH706674959,17,ALICE MUGABE,05/2020,4.0,F,1.0,,AKABAHIZIITERAMBERE,1,1,1,0,Stage_1_Matchkeys
7V6783789155,18,FABRICE ERASTE,06/1964,13.0,M,2.0,5111568962.0,RUKOREKANAZI,7V6783789155,18,FABRICE ERASTE,09/9999,13.0,M,2.0,8547963669.0,RUKOREKANAZI,1,1,1,0,Stage_1_Matchkeys
7XC490828730,18,JOSE MOHAMED,10/1946,12.0,M,2.0,5111568962.0,RUKOREKANAZI,7XC490828730,18,JOSE MOHAMED,08/1929,12.0,F,2.0,8547963669.0,RUKOREKANAZI,1,1,1,0,Stage_1_Matchkeys
8EE128541166,19,NIYONYUGURA JUDITH,05/1941,,F,,1316436107.0,KAGOMASIKIRUHURA,8EE128541166,19,NIYONYUGURA JUDITH,99/1941,3.0,F,7.0,1316636107.0,KAGOMASIKIRUHURA,1,1,1,0,Stage_1_Matchkeys
8HE474162659,19,NHMIE SAMUE NIYONSABA,08/2020,5.0,M,6.0,1316436107.0,KAGOMASIKIRUHURA,8HE474162659,19,NHMIE SAMUE NIYONSABA,03/2020,5.0,M,6.0,1316636107.0,KAGOMASIKIRUHURA,1,1,1,0,Stage_1_Matchkeys
8K6946221121,19,NADEGE HAKIZIMANA,99/1923,12.0,F,3.0,1316436107.0,KAGOMASIKIRUHURA,8K6946221121,19,NADEGE HAKIZIMANA,06/1923,,F,,1316636107.0,KAGOMASIKIRUHURA,1,1,1,0,Stage_1_Matchkeys
8L8228203851,19,TOM RICHAR NKUSI,09/1943,6.0,M,7.0,1316436107.0,KAGOMASIKIRUHURA,8L8228203851,19,TOM RICHAR NKUSI,99/9999,6.0,M,7.0,1316636107.0,KAGOMASIKIRUHURA,1,1,1,0,Stage_1_Matchkeys
8QM252146807,20,MUTABAZI MATABARO,04/2010,10.0,M,6.0,,MURINJAKAMPURO,8QM252146807,20,MUTABAZI MATABARO,99/2010,10.0,M,6.0,8082130004.0,MURINJAKAMPURO,1,1,1,0,Stage_1_Matchkeys
8RG640390691,20,GLADYS RUKUNDO,04/1968,9.0,F,3.0,,MURINJAKAMPURO,8RG640390691,20,GLADYS RUKUNDO,11/2006,9.0,F,3.0,8082130004.0,MURINJAKAMPURO,1,1,1,0,Stage_1_Matchkeys
9MN971833804,22,GIANNA UWASE,10/9999,,F,,,MURINJANYAMUHARAZA,9MN971833804,22,GIANNA UWASE,99/1973,5.0,F,2.0,1781879139.0,MURINJANYAMUHARAZA,1,1,1,0,Stage_1_Matchkeys
9UM519028608,22,AKIMA KAYITESI,07/1925,8.0,M,,,MURINJANYAMUHARAZA,9UM519028608,22,AKIMA KAYITESI,07/1925,8.0,M,7.0,1781879139.0,MURINJANYAMUHARAZA,1,1,1,0,Stage_1_Matchkeys
9WJ374083701,23,ELVIN UWINEZA,07/1978,8.0,M,6.0,8502045069.0,SHANGASHAKAJYANJYALI,9WJ374083701,23,ELVIN UWINEZA,07/9999,8.0,F,6.0,8502045069.0,SHANGASHAKAJYANJYALI,1,1,1,0,Stage_1_Matchkeys
A0F522970138,23,DOGRATIAS VINCENT MICHEL,09/2002,5.0,M,5.0,8502045069.0,SHANGASHAKAJYANJYALI,A0F522970138,23,DOGRATIAS VINCENT MICHEL,09/2002,5.0,M,5.0,8502045069.0,SHANGASHAKAJYANJYALI,1,1,1,0,Stage_1_Matchkeys
A28701491679,23,HUNGURIMANA MAURICE,03/9999,11.0,M,5.0,8502045069.0,SHANGASHAKAJYANJYALI,A28701491679,23,HUNGURIMANA MAURICE,99/1974,11.0,M,5.0,8502045069.0,SHANGASHAKAJYANJYALI,1,1,1,0,Stage_1_Matchkeys
A44383367871,24,RITA TWAGIRAYEZU,01/1950,7.0,M,1.0,5982579619.0,RYANKANAKAYENZI,A44383367871,24,RITA TWAGIRAYEZU,04/1956,7.0,F,1.0,5982579619.0,RYANKANAKAYENZI,1,1,1,0,Stage_1_Matchkeys
A4D035953573,24,QUDDUS CLAUDINE,06/1947,1.0,M,3.0,5982579619.0,RYANKANAKAYENZI,A4D035953573,24,QUDDUS CLAUDINE,06/1996,1.0,M,3.0,5982579619.0,RYANKANAKAYENZI,1,1,1,0,Stage_1_Matchkeys
AAC417926465,24,SAMANTHA MAHORO,10/1945,8.0,F,6.0,5982579619.0,RYANKANAKAYENZI,AAC417926465,24,SAMANTHA MAHORO,99/1945,8.0,F,6.0,5982579619.0,RYANKANAKAYENZI,1,1,1,0,Stage_1_Matchkeys
AAV554715583,24,JOSH MUGARURA,99/1979,7.0,M,6.0,8722032047.0,RYANKANAKAYENZI,AAV554715583,24,JOSH MUGARURA,10/1979,7.0,M,6.0,5982579619.0,RYANKANAKAYENZI,1,1,1,0,Stage_1_Matchkeys
B3X292907229,29,JEAN UWIMANA,11/1975,,M,4.0,7084333332.0,REMERAGITWA,B3X292907229,29,JEAN UWIMANA,99/1975,9.0,M,4.0,8535658894.0,REMERAGITWA,1,1,1,0,Stage_1_Matchkeys
BA2464827205,29,KARENZI BEATRICE,99/1989,13.0,F,7.0,7084333332.0,REMERAGITWA,BA2464827205,29,KARENZI BEATRICE,99/1989,13.0,M,7.0,8535658894.0,REMERAGITWA,1,1,1,0,Stage_1_Matchkeys
BAN842034408,29,DAVY MWESIGYE,07/1997,5.0,M,7.0,7084333332.0,REMERAGITWA,BAN842034408,29,DAVY MWESIGYE,01/9999,5.0,M,7.0,8535658894.0,REMERAGITWA,1,1,1,0,Stage_1_Matchkeys
BBL713505981,30,HAPPY KABERA,99/1945,3.0,F,4.0,,KARAMBOKAMABUYE,BBL713505981,30,HAPPY KABERA,99/1938,3.0,M,4.0,7244018688.0,KARAMBOKAMABUYE,1,1,1,0,Stage_1_Matchkeys
BPS437509241,33,JOHN MARRY VITAL,08/9999,5.0,M,2.0,,NYANZATABA,BPS437509241,33,JOHN MARRY VITAL,06/1952,5.0,M,2.0,9215743537.0,NYANZATABA,1,1,1,0,Stage_1_Matchkeys
C2B368543840,34,ISMAEL STRATON,08/2013,12.0,M,6.0,,KIGARAMAINGENZI,C2B368543840,34,ISMAEL STRATON,99/1984,12.0,M,6.0,1004279617.0,KIGARAMAINGENZI,1,1,1,0,Stage_1_Matchkeys
C3Z489676537,35,UWAMAHORO DAMAS,05/1961,5.0,F,1.0,4246322811.0,MUHAMBACYOBAHARAYE,C3Z489676537,35,UWAMAHORO DAMAS,05/9999,5.0,F,1.0,4246322811.0,MUHAMBACYOBAHARAYE,1,1,1,0,Stage_1_Matchkeys
C47524321394,35,AMANDA KAYITESI,99/1974,8.0,F,4.0,4246322811.0,MUHAMBACYOBAHARAYE,C47524321394,35,AMANDA KAYITESI,11/1974,8.0,F,4.0,4246322811.0,MUHAMBACYOBAHARAYE,1,1,1,0,Stage_1_Matchkeys
CGG844439876,36,BRUNO BOSCO,09/2022,,M,6.0,9721083915.0,BURIMAMIRAMBI,CGG844439876,36,BRUNO BOSCO,09/1943,8.0,M,6.0,9721083915.0,BURIMAMIRAMBI,1,1,1,0,Stage_1_Matchkeys
CI5143190272,37,MARIE CHANTAL MUTABAZI,03/9999,3.0,F,,2756003718.0,JURUMIKINGA,CI5143190272,37,MARIE CHANTAL MUTABAZI,99/1980,3.0,F,5.0,9898482048.0,JURUMIKINGA,1,1,1,0,Stage_1_Matchkeys
CIF019441339,37,YANNICK NIYO,99/1982,7.0,F,7.0,9898482048.0,JURUMIKINGA,CIF019441339,37,YANNICK NIYO,10/9999,7.0,M,7.0,9898482048.0,JURUMIKINGA,1,1,1,0,Stage_1_Matchkeys
CKH811067880,38,CHRIS KABAGAMBE,99/1929,7.0,M,4.0,,JURUNYABUGOGO,CKH811067880,38,CHRIS KABAGAMBE,02/1929,7.0,M,4.0,1038636624.0,JURUNYABUGOGO,1,1,1,0,Stage_1_Matchkeys
CKI249688560,38,KASSIM NDAYISHIMIYE,04/1924,11.0,M,2.0,,JURUNYABUGOGO,CKI249688560,38,KASSIM NDAYISHIMIYE,99/1949,11.0,M,1.0,1038636624.0,JURUNYABUGOGO,1,1,1,0,Stage_1_Matchkeys
CME291687952,39,JAPHET ALAIN,06/2019,9.0,M,6.0,3181567578.0,GITOVUGITEGA,CME291687952,39,JAPHET ALAIN,08/2019,9.0,M,6.0,3181567578.0,GITOVUGITEGA,1,1,1,0,Stage_1_Matchkeys
CTH858963568,39,NIYIBIZI JEAN KAYIRANGA,09/9999,6.0,M,6.0,3181567578.0,GITOVUGITEGA,CTH858963568,39,NIYIBIZI JEAN KAYIRANGA,12/1948,6.0,M,6.0,3181567578.0,GITOVUGITEGA,1,1,1,0,Stage_1_Matchkeys
D7T717099086,40,MUSSA KARARA,99/9999,7.0,M,2.0,8985343771.0,REMERAGITWA,D7T717099086,40,MUSSA KARARA,11/9999,,M,2.0,7432145448.0,REMERAGITWA,1,1,1,0,Stage_1_Matchkeys
DB1768778667,40,BENISON MUHINDO,03/1932,9.0,M,5.0,8985343771.0,REMERAGITWA,DB1768778667,40,BENISON MUHINDO,08/1932,9.0,M,5.0,7432145448.0,REMERAGITWA,1,1,1,0,Stage_1_Matchkeys
DC3840523317,40,GATORANO JUNIOR,02/2010,10.0,M,6.0,8985343771.0,REMERAGITWA,DC3840523317,40,GATORANO JUNIOR,03/1991,10.0,M,6.0,7432145448.0,REMERAGITWA,1,1,1,0,Stage_1_Matchkeys
DEN384517647,41,VALENTINE NIZEYIMANA,10/1947,2.0,F,5.0,5144563102.0,GASEKEDUTWE,DEN384517647,41,VALENTINE NIZEYIMANA,10/1947,2.0,F,5.0,5144563102.0,GASEKEDUTWE,1,1,1,0,Stage_1_Matchkeys
DMM807697672,41,MARIE ANGE NDAYISHIMIYE,99/2010,3.0,M,4.0,5144563102.0,GASEKEDUTWE,DMM807697672,41,MARIE ANGE NDAYISHIMIYE,07/9999,3.0,F,4.0,5144563102.0,GASEKEDUTWE,1,1,1,0,Stage_1_Matchkeys
DNU829902998,41,BAHIZI GASPARD INNOCENT,01/9999,3.0,M,6.0,5144563102.0,GASEKEDUTWE,DNU829902998,41,BAHIZI GASPARD INNOCENT,10/9999,3.0,M,6.0,5144563102.0,GASEKEDUTWE,1,1,1,0,Stage_1_Matchkeys
DQT925842518,42,NEZA RAMAZANI,99/1992,,F,5.0,9141548337.0,NYAGAHINGAKIGAGA,DQT925842518,42,NEZA RAMAZANI,12/1992,3.0,F,5.0,,NYAGAHINGAKIGAGA,1,1,1,0,Stage_1_Matchkeys
DSX631009271,42,ELICAN VALENTINE,99/9999,,M,,9141548337.0,NYAGAHINGAKIGAGA,DSX631009271,42,ELICAN VALENTINE,99/9999,8.0,M,2.0,,NYAGAHINGAKIGAGA,1,1,1,0,Stage_1_Matchkeys
DUH459763632,42,EMMY PRINCE UWAMARIYA,05/1973,11.0,M,2.0,9141548337.0,NYAGAHINGAKIGAGA,DUH459763632,42,EMMY PRINCE UWAMARIYA,09/1963,,M,,,NYAGAHINGAKIGAGA,1,1,1,0,Stage_1_Matchkeys
DYY234436095,43,NDAGIJIMANA NIZEYIMANA,06/2002,7.0,M,6.0,7621647104.0,KABARONDONYAKARAMBI,DYY234436095,43,NDAGIJIMANA NIZEYIMANA,06/2002,7.0,M,6.0,7621647104.0,KABARONDONYAKARAMBI,1,1,1,0,Stage_1_Matchkeys
DZJ434751496,43,AUDACE TWAHIRWA,99/1933,10.0,M,7.0,7621647104.0,KABARONDONYAKARAMBI,DZJ434751496,43,AUDACE TWAHIRWA,10/1973,10.0,M,7.0,7621647104.0,KABARONDONYAKARAMBI,1,1,1,0,Stage_1_Matchkeys
E23596225011,43,LAMBERT KABERA,06/9999,1.0,M,6.0,7621647104.0,KABARONDONYAKARAMBI,E23596225011,43,LAMBERT KABERA,06/2001,1.0,M,6.0,7621647104.0,KABARONDONYAKARAMBI,1,1,1,0,Stage_1_Matchkeys
EJE566185827,45,WILLY GATARI,99/1940,8.0,M,2.0,6099637466.0,KAREBARUBARE,EJE566185827,45,WILLY GATARI,06/1971,8.0,M,2.0,6099637466.0,KAREBARUBARE,1,1,1,0,Stage_1_Matchkeys
EL7917901931,45,JUSTIN UMUTONI,03/1940,5.0,M,3.0,6099637466.0,KAREBARUBARE,EL7917901931,45,JUSTIN UMUTONI,08/9999,5.0,M,3.0,6099637466.0,KAREBARUBARE,1,1,1,0,Stage_1_Matchkeys
EQF866073848,45,ROGER UWERA,06/2009,1.0,M,6.0,6099637466.0,KAREBARUBARE,EQF866073848,45,ROGER UWERA,99/9999,1.0,M,6.0,6099637466.0,KAREBARUBARE,1,1,1,0,Stage_1_Matchkeys
EVD402242280,46,ISSA UMULISA,01/1963,10.0,M,,,CYENKWANZIRUREMBO,EVD402242280,46,ISSA UMULISA,99/1963,10.0,M,1.0,2141447854.0,CYENKWANZIRUREMBO,1,1,1,0,Stage_1_Matchkeys
EZR488352561,46,JEAN BAPTISTE MUKAMA,06/9999,12.0,M,3.0,,CYENKWANZIRUREMBO,EZR488352561,46,JEAN BAPTISTE MUKAMA,01/1956,12.0,M,3.0,2141447854.0,CYENKWANZIRUREMBO,1,1,1,0,Stage_1_Matchkeys
F2L495192595,46,IRANKUNDA XAVIER MUGABE,99/9999,9.0,M,4.0,,CYENKWANZIRUREMBO,F2L495192595,46,IRANKUNDA XAVIER MUGABE,99/9999,9.0,M,4.0,2141447854.0,CYENKWANZIRUREMBO,1,1,1,0,Stage_1_Matchkeys
F44464506408,47,THEOBALD MUNYANEZA,11/1985,,F,5.0,,NYAMWERURUHENGERI,F44464506408,47,THEOBALD MUNYANEZA,11/1985,8.0,F,5.0,2136858194.0,NYAMWERURUHENGERI,1,1,1,0,Stage_1_Matchkeys
FAA264151688,47,BENJAMIN MULINDA,04/1925,13.0,M,4.0,,NYAMWERURUHENGERI,FAA264151688,47,BENJAMIN MULINDA,05/1925,13.0,M,4.0,2136858194.0,NYAMWERURUHENGERI,1,1,1,0,Stage_1_Matchkeys
FAR579973508,47,IRAGENA ALOYS,11/1927,3.0,F,6.0,,NYAMWERURUHENGERI,FAR579973508,47,IRAGENA ALOYS,99/2011,3.0,F,6.0,2136858194.0,NYAMWERURUHENGERI,1,1,1,0,Stage_1_Matchkeys
FFF694733889,48,SOLANGE BIZIMANA,11/2000,8.0,F,1.0,1842124591.0,JABAHESHA,FFF694733889,48,SOLANGE BIZIMANA,99/2000,8.0,F,1.0,,JABAHESHA,1,1,1,0,Stage_1_Matchkeys
FIJ504434399,48,LORRAINE NSABIMANA,09/1936,8.0,F,3.0,1842124591.0,JABAHESHA,FIJ504434399,48,LORRAINE NSABIMANA,09/9999,8.0,F,3.0,,JABAHESHA,1,1,1,0,Stage_1_Matchkeys
FKG690819243,48,LINDA HABIMANA,99/1966,2.0,F,2.0,1842124591.0,JABAHESHA,FKG690819243,48,LINDA HABIMANA,99/1966,2.0,F,2.0,,JABAHESHA,1,1,1,0,Stage_1_Matchkeys
FL7459935953,49,BASILE ALEXANDRE,01/2007,7.0,M,6.0,,MUYANGEMUYANGE,FL7459935953,49,BASILE ALEXANDRE,99/2007,7.0,F,6.0,7205463613.0,MUYANGEMUYANGE,1,1,1,0,Stage_1_Matchkeys
GA9972129756,51,EMMY PRINCE HARERIMANA,06/9999,11.0,M,5.0,9941340114.0,MUGANZAKARENGE,GA9972129756,51,EMMY PRINCE HARERIMANA,99/1994,11.0,M,5.0,1488624879.0,MUGANZAKARENGE,1,1,1,0,Stage_1_Matchkeys
GAT753724721,52,ROSY MUGISHA,99/2004,9.0,F,6.0,,TABANGENDO,GAT753724721,52,ROSY MUGISHA,11/9999,9.0,F,6.0,5832224487.0,TABANGENDO,1,1,1,0,Stage_1_Matchkeys
GF9986371386,52,MUJJAWIMANA REGIS RODRIGUE,99/1972,7.0,F,5.0,,TABANGENDO,GF9986371386,52,MUJJAWIMANA REGIS RODRIGUE,99/1938,7.0,M,5.0,5832224487.0,TABANGENDO,1,1,1,0,Stage_1_Matchkeys
GXJ335640338,55,ALBERT JEAN,99/9999,,M,6.0,,TABANGENDO,GXJ335640338,55,ALBERT JEAN,99/1981,5.0,F,6.0,2102073197.0,TABANGENDO,1,1,1,0,Stage_1_Matchkeys
HBA816395291,57,SETH GATSINZI,08/9999,9.0,M,2.0,9451375765.0,MUGANZANYARUTEJA,HBA816395291,57,SETH GATSINZI,05/1955,9.0,M,2.0,9451375765.0,MUGANZANYARUTEJA,1,1,1,0,Stage_1_Matchkeys
HC6931942742,57,NYARUYONGA PATRICK NGABONZIZA,08/1996,10.0,M,1.0,9451375765.0,MUGANZANYARUTEJA,HC6931942742,57,NYARUYONGA PATRICK NGABONZIZA,08/1996,10.0,M,1.0,9451375765.0,MUGANZANYARUTEJA,1,1,1,0,Stage_1_Matchkeys
HCJ776867776,57,MUGWANEZA MUGABO,99/1957,4.0,M,3.0,9451375765.0,MUGANZANYARUTEJA,HCJ776867776,57,MUGWANEZA MUGABO,07/9999,4.0,,,9451375765.0,MUGANZANYARUTEJA,1,1,1,0,Stage_1_Matchkeys
HDM374121233,57,NKURUNZIZA MULINDWA,12/2015,2.0,F,4.0,9451375765.0,MUGANZANYARUTEJA,HDM374121233,57,NKURUNZIZA MULINDWA,03/1931,2.0,M,4.0,9451375765.0,MUGANZANYARUTEJA,1,1,1,0,Stage_1_Matchkeys
HGE019122016,58,PHIONAH NSENGIMANA,07/1942,12.0,F,4.0,1655870603.0,NYAKAGEZIMBUBA,HGE019122016,58,PHIONAH NSENGIMANA,04/1942,12.0,F,4.0,1655870020.0,NYAKAGEZIMBUBA,1,1,1,0,Stage_1_Matchkeys
HGG405116220,58,DAVID KWIZERA BERNARD,12/1926,10.0,M,,1655870603.0,NYAKAGEZIMBUBA,HGG405116220,58,DAVID KWIZERA BERNARD,12/2009,10.0,M,,1655870020.0,NYAKAGEZIMBUBA,1,1,1,0,Stage_1_Matchkeys
HGP321027077,58,SHEMA KAYEZU BYUKUSENGE,04/1931,9.0,M,4.0,,NYAKAGEZIMBUBA,HGP321027077,58,SHEMA KAYEZU BYUKUSENGE,99/1943,9.0,M,4.0,1655870020.0,NYAKAGEZIMBUBA,1,1,1,0,Stage_1_Matchkeys
HJ6955888421,59,BURUNDIAN IRAKOZE,03/9999,12.0,M,4.0,,NYAGASENYIRAMBA,HJ6955888421,59,BURUNDIAN IRAKOZE,03/1921,,M,4.0,,NYAGASENYIRAMBA,1,1,1,0,Stage_1_Matchkeys
HJS669785023,59,AJAY RURANGWA,04/1993,4.0,M,2.0,,NYAGASENYIRAMBA,HJS669785023,59,AJAY RURANGWA,99/9999,4.0,M,2.0,,NYAGASENYIRAMBA,1,1,1,0,Stage_1_Matchkeys
HJV650281580,59,ANNONCIATA HARERIMANA,12/1937,9.0,F,3.0,,NYAGASENYIRAMBA,HJV650281580,59,ANNONCIATA HARERIMANA,12/1961,9.0,F,3.0,,NYAGASENYIRAMBA,1,1,1,0,Stage_1_Matchkeys
HMN810591152,60,TUYISENGE UWIZEYIMANA,06/1934,13.0,M,1.0,5442447073.0,MUSOVUCYABASONGA,HMN810591152,60,TUYISENGE UWIZEYIMANA,99/1978,13.0,M,1.0,5442447073.0,MUSOVUCYABASONGA,1,1,1,0,Stage_1_Matchkeys
HMY749712033,60,FRANCOISE UMUHOZA,07/1969,10.0,F,2.0,5442447073.0,MUSOVUCYABASONGA,HMY749712033,60,FRANCOISE UMUHOZA,99/1957,10.0,F,2.0,5442447073.0,MUSOVUCYABASONGA,1,1,1,0,Stage_1_Matchkeys
HVB034983317,60,MUKAMBANGUZA JOSIANE BUTERA,99/9999,1.0,F,4.0,5442447073.0,MUSOVUCYABASONGA,HVB034983317,60,MUKAMBANGUZA JOSIANE BUTERA,12/2004,1.0,F,4.0,5442447073.0,MUSOVUCYABASONGA,1,1,1,0,Stage_1_Matchkeys
HVT141708675,61,IDRISSA HAVUGIMANA,99/1993,4.0,M,6.0,7457912412.0,AKABOTIAKAYENZI,HVT141708675,61,IDRISSA HAVUGIMANA,05/1993,,M,6.0,7457912412.0,AKABOTIAKAYENZI,1,1,1,0,Stage_1_Matchkeys
HWG467111248,61,IRNE NIYONSENGA,07/2020,13.0,F,6.0,7457912412.0,AKABOTIAKAYENZI,HWG467111248,61,IRNE NIYONSENGA,99/2020,13.0,F,6.0,7457912412.0,AKABOTIAKAYENZI,1,1,1,0,Stage_1_Matchkeys
HX0362117509,61,THERESE MUTONI,99/2013,3.0,F,6.0,7457912412.0,AKABOTIAKAYENZI,HX0362117509,61,THERESE MUTONI,10/9999,3.0,F,6.0,7457912412.0,AKABOTIAKAYENZI,1,1,1,0,Stage_1_Matchkeys
HYM514853138,61,ERIC MUVUNYI,05/1938,,M,1.0,7457912412.0,AKABOTIAKAYENZI,HYM514853138,61,ERIC MUVUNYI,05/1943,5.0,M,2.0,7457912412.0,AKABOTIAKAYENZI,1,1,1,0,Stage_1_Matchkeys
IAH444305755,62,IBRAHIM CHANTAL,01/1932,2.0,F,2.0,5166489363.0,GITISIKABUGUSU,IAH444305755,62,IBRAHIM CHANTAL,01/1932,2.0,M,2.0,5166489363.0,GITISIKABUGUSU,1,1,1,0,Stage_1_Matchkeys
IBF732007510,62,NICOLE RUTAYISIRE,12/1985,4.0,M,7.0,5166489363.0,GITISIKABUGUSU,IBF732007510,62,NICOLE RUTAYISIRE,12/1985,4.0,F,7.0,5166489363.0,GITISIKABUGUSU,1,1,1,0,Stage_1_Matchkeys
IC4000566589,62,JOHN AGNES,99/9999,2.0,M,1.0,5166489363.0,GITISIKABUGUSU,IC4000566589,62,JOHN AGNES,03/1985,2.0,M,1.0,5166489363.0,GITISIKABUGUSU,1,1,1,0,Stage_1_Matchkeys
IGZ535497516,63,AIMEE NIYITEGEKA,02/9999,4.0,F,6.0,,GASIZAISANGANO,IGZ535497516,63,AIMEE NIYITEGEKA,02/1932,,F,6.0,9101466357.0,GASIZAISANGANO,1,1,1,0,Stage_1_Matchkeys
IKR726062477,64,MUSHIKIWABO MUGANZA,08/2013,1.0,F,6.0,1541903480.0,VIROVIRO,IKR726062477,64,MUSHIKIWABO MUGANZA,99/2010,1.0,F,6.0,1548903440.0,VIROVIRO,1,1,1,0,Stage_1_Matchkeys
INT341141308,64,JENY UMUTONI,03/1982,4.0,F,3.0,1541903480.0,VIROVIRO,INT341141308,64,JENY UMUTONI,03/1982,4.0,F,,1548903440.0,VIROVIRO,1,1,1,0,Stage_1_Matchkeys
INT855622978,65,ONESPHORE MAHORO,09/9999,12.0,M,6.0,6897481326.0,JENDAKIGARAMA,INT855622978,65,ONESPHORE MAHORO,09/1977,12.0,M,6.0,6897481326.0,JENDAKIGARAMA,1,1,1,0,Stage_1_Matchkeys
INW831451030,65,BENITE MUSHIMIYIMANA,05/1960,7.0,F,6.0,6897481326.0,JENDAKIGARAMA,INW831451030,65,BENITE MUSHIMIYIMANA,05/1978,7.0,F,6.0,6897481326.0,JENDAKIGARAMA,1,1,1,0,Stage_1_Matchkeys
IOW529929153,66,IZERE MUGABE,99/1941,6.0,M,4.0,3931816407.0,RUGOBAGOBAKIBINGO,IOW529929153,66,IZERE MUGABE,99/1941,6.0,M,4.0,3931816407.0,RUGOBAGOBAKIBINGO,1,1,1,0,Stage_1_Matchkeys
IWO880209190,66,JOHNSON MUSINGUZI,06/1981,5.0,M,4.0,3931816407.0,RUGOBAGOBAKIBINGO,IWO880209190,66,JOHNSON MUSINGUZI,99/1981,,M,4.0,3931816407.0,RUGOBAGOBAKIBINGO,1,1,1,0,Stage_1_Matchkeys
IX5120193203,66,UWINEZA MANZI,08/1957,,F,4.0,3931816407.0,RUGOBAGOBAKIBINGO,IX5120193203,66,UWINEZA MANZI,08/1957,5.0,F,4.0,3931816407.0,RUGOBAGOBAKIBINGO,1,1,1,0,Stage_1_Matchkeys
IXG461746605,67,CHRISTINE BAHATI,09/1961,11.0,F,2.0,2253636460.0,NYAGASENYIRAMBA,IXG461746605,67,CHRISTINE BAHATI,06/1961,11.0,F,2.0,3931816407.0,NYAGASENYIRAMBA,1,1,1,0,Stage_1_Matchkeys
IZB269602245,67,ATFA TUYISENGE,02/2003,11.0,F,5.0,2253636460.0,NYAGASENYIRAMBA,IZB269602245,67,ATFA TUYISENGE,02/9999,11.0,F,,2253636460.0,NYAGASENYIRAMBA,1,1,1,0,Stage_1_Matchkeys
J4G020992946,68,EULADE HATEGEKIMANA,09/1990,5.0,,6.0,5421676109.0,BURIMAMIRAMBI,J4G020992946,68,EULADE HATEGEKIMANA,09/1990,5.0,M,6.0,,BURIMAMIRAMBI,1,1,1,0,Stage_1_Matchkeys
J6H192902277,68,PETER JOY MUTAMBA,99/2016,7.0,M,6.0,5421676109.0,BURIMAMIRAMBI,J6H192902277,68,PETER JOY MUTAMBA,05/9999,7.0,M,6.0,,BURIMAMIRAMBI,1,1,1,0,Stage_1_Matchkeys
JGF367171459,69,RODGERS NDUWAYO,03/9999,1.0,M,6.0,8348092043.0,RAMBARWIMVUBU,JGF367171459,69,RODGERS NDUWAYO,03/1989,1.0,M,6.0,8348092043.0,RAMBARWIMVUBU,1,1,1,0,Stage_1_Matchkeys
JGO280587711,70,BRENDA NIYONZIMA,99/1929,,F,3.0,4114865769.0,BAYIGABURIREBYIMANA,JGO280587711,70,BRENDA NIYONZIMA,12/1948,1.0,F,3.0,4114865779.0,BAYIGABURIREBYIMANA,1,1,1,0,Stage_1_Matchkeys
JHM010708662,70,ELISE KAYUMBA,02/1936,4.0,M,7.0,4114865769.0,BAYIGABURIREBYIMANA,JHM010708662,70,ELISE KAYUMBA,02/1995,4.0,M,7.0,4114865779.0,BAYIGABURIREBYIMANA,1,1,1,0,Stage_1_Matchkeys
JM4821886805,72,KAMPIRE TUSHABE,08/9999,6.0,F,2.0,,GISHARUKIREHE,JM4821886805,72,KAMPIRE TUSHABE,99/2004,6.0,F,2.0,,GISHARUKIREHE,1,1,1,0,Stage_1_Matchkeys
JPO658620972,72,BLAISE NORBERT UWIMBABAZI,99/9999,7.0,M,2.0,,GISHARUKIREHE,JPO658620972,72,BLAISE NORBERT UWIMBABAZI,07/1953,7.0,M,2.0,,GISHARUKIREHE,1,1,1,0,Stage_1_Matchkeys
JTT962657046,73,DOEIA BYUKUSENGE,10/1966,12.0,F,5.0,,RUKATSAINSHUTI,JTT962657046,73,DOEIA BYUKUSENGE,08/1966,12.0,F,,1159113828.0,RUKATSAINSHUTI,1,1,1,0,Stage_1_Matchkeys
JUH259934355,73,PHILEMON JACQUELINE,06/1930,5.0,M,,,RUKATSAINSHUTI,JUH259934355,73,PHILEMON JACQUELINE,99/9999,5.0,M,7.0,1159113828.0,RUKATSAINSHUTI,1,1,1,0,Stage_1_Matchkeys
K2H320227370,74,ZACHARIE MUSONI,02/1982,8.0,M,4.0,5888939028.0,CYANYANYARUTOVU,K2H320227370,74,ZACHARIE MUSONI,02/1982,8.0,M,4.0,5888939048.0,CYANYANYARUTOVU,1,1,1,0,Stage_1_Matchkeys
K5C187864918,74,SCOTT BUKURU,05/2003,1.0,M,3.0,5888939028.0,CYANYANYARUTOVU,K5C187864918,74,SCOTT BUKURU,05/9999,1.0,M,3.0,5888939048.0,CYANYANYARUTOVU,1,1,1,0,Stage_1_Matchkeys
K5K033123975,74,JEAN SAUVEUR TUMWINE,99/1983,6.0,M,4.0,5888939028.0,CYANYANYARUTOVU,K5K033123975,74,JEAN SAUVEUR TUMWINE,09/1967,6.0,M,4.0,5888939048.0,CYANYANYARUTOVU,1,1,1,0,Stage_1_Matchkeys
KBT282488899,74,CLAUDE JANE,03/1974,,M,1.0,5888939028.0,CYANYANYARUTOVU,KBT282488899,74,CLAUDE JANE,99/1974,1.0,M,1.0,5888939048.0,CYANYANYARUTOVU,1,1,1,0,Stage_1_Matchkeys
KGD704063597,75,FRED CELESTIN,08/2021,5.0,M,6.0,9184871405.0,RAZIKIRWA,KGD704063597,75,FRED CELESTIN,08/1926,,M,6.0,9184871405.0,RAZIKIRWA,1,1,1,0,Stage_1_Matchkeys
KNS762303726,76,FELIX RUTAGAND KAYITARE,99/1981,9.0,M,,,GASIZAISANGANO,KNS762303726,76,FELIX RUTAGAND KAYITARE,11/9999,9.0,M,7.0,,GASIZAISANGANO,1,1,1,0,Stage_1_Matchkeys
KOL001395611,76,MABEL UMUGWANEZA,99/1936,10.0,F,5.0,,GASIZAISANGANO,KOL001395611,76,MABEL UMUGWANEZA,10/1936,10.0,F,5.0,,GASIZAISANGANO,1,1,1,0,Stage_1_Matchkeys
KQV952312039,77,MUZIRANENGE TUYISHIME,11/1962,5.0,F,3.0,1276488515.0,KAMPEKAMASANGANO,KQV952312039,77,MUZIRANENGE TUYISHIME,99/1962,5.0,F,,1276488515.0,KAMPEKAMASANGANO,1,1,1,0,Stage_1_Matchkeys
KSX669993360,77,AIME NGARAMBE,05/1954,10.0,M,,1276488515.0,KAMPEKAMASANGANO,KSX669993360,77,AIME NGARAMBE,03/1954,10.0,F,3.0,1276488515.0,KAMPEKAMASANGANO,1,1,1,0,Stage_1_Matchkeys
KVZ405590670,78,BOGARDE EDISON,02/1978,,M,4.0,1793305885.0,MUHOTORAGAHUNGE,KVZ405590670,78,BOGARDE EDISON,07/9999,13.0,M,4.0,1793325885.0,MUHOTORAGAHUNGE,1,1,1,0,Stage_1_Matchkeys
KXL858550721,78,KELLY UWITONZE,99/1930,6.0,F,3.0,1793305885.0,MUHOTORAGAHUNGE,KXL858550721,78,KELLY UWITONZE,05/1930,,F,3.0,1793325885.0,MUHOTORAGAHUNGE,1,1,1,0,Stage_1_Matchkeys
KYL603918914,78,KIDD FAUSTIN,04/1999,1.0,M,2.0,1793305885.0,MUHOTORAGAHUNGE,KYL603918914,78,KIDD FAUSTIN,06/1922,1.0,M,2.0,1793325885.0,MUHOTORAGAHUNGE,1,1,1,0,Stage_1_Matchkeys
KZK499931214,79,KAMI HABARUREMA,06/2016,13.0,M,,,RANGOMATINZA,KZK499931214,79,KAMI HABARUREMA,99/1999,13.0,M,7.0,8539561328.0,RANGOMATINZA,1,1,1,0,Stage_1_Matchkeys
KZP823470529,79,DESIRE NSENGIMANA,03/2002,5.0,M,7.0,,RANGOMATINZA,KZP823470529,79,DESIRE NSENGIMANA,99/2002,,M,7.0,8539561328.0,RANGOMATINZA,1,1,1,0,Stage_1_Matchkeys
L2P264503829,80,FREDDY BYIRINGIRO,09/1936,12.0,M,7.0,,KIVUMUNYERENGA,L2P264503829,80,FREDDY BYIRINGIRO,99/1936,12.0,M,7.0,8722032047.0,KIVUMUNYERENGA,1,1,1,0,Stage_1_Matchkeys
L5I787303275,80,INGRID MARY UWERA,12/2014,,F,6.0,,KIVUMUNYERENGA,L5I787303275,80,INGRID MARY UWERA,99/2014,4.0,M,,8722032047.0,KIVUMUNYERENGA,1,1,1,0,Stage_1_Matchkeys
L7L180141364,80,WELLARS MUREKATETE,10/1937,12.0,M,7.0,,KIVUMUNYERENGA,L7L180141364,80,WELLARS MUREKATETE,08/9999,12.0,M,7.0,8722032047.0,KIVUMUNYERENGA,1,1,1,0,Stage_1_Matchkeys
LA3042843485,80,MAZIMPAKA NSHIMIYIMANA,99/1998,10.0,M,3.0,,KIVUMUNYERENGA,LA3042843485,80,MAZIMPAKA NSHIMIYIMANA,06/1927,10.0,M,3.0,8722032047.0,KIVUMUNYERENGA,1,1,1,0,Stage_1_Matchkeys
LCB341833411,81,HILAIRE HONORE,01/1955,8.0,M,4.0,9938339474.0,KANUNGANYAGISOZI,LCB341833411,81,HILAIRE HONORE,99/1943,8.0,M,4.0,9938339474.0,KANUNGANYAGISOZI,1,1,1,0,Stage_1_Matchkeys
LN4096767069,82,LUKE MBARUSHIMANA,99/9999,5.0,M,3.0,7205425166.0,RUHONDOKIRWA,LN4096767069,82,LUKE MBARUSHIMANA,04/2003,5.0,M,3.0,7205425166.0,RUHONDOKIRWA,1,1,1,0,Stage_1_Matchkeys
LQA130550953,82,JADO SIKUBWABO,99/1989,,M,7.0,7205425166.0,RUHONDOKIRWA,LQA130550953,82,JADO SIKUBWABO,10/1983,6.0,,7.0,7205425166.0,RUHONDOKIRWA,1,1,1,0,Stage_1_Matchkeys
LWD019803584,83,DIDO MODESTE,99/1964,8.0,M,4.0,6856315736.0,NYAMIRAMAKANTONGANIYE,LWD019803584,83,DIDO MODESTE,05/9999,,M,4.0,,NYAMIRAMAKANTONGANIYE,1,1,1,0,Stage_1_Matchkeys
LZV115428353,83,GATETE FELIX,05/9999,1.0,M,7.0,6856315736.0,NYAMIRAMAKANTONGANIYE,LZV115428353,83,GATETE FELIX,99/1946,1.0,M,7.0,,NYAMIRAMAKANTONGANIYE,1,1,1,0,Stage_1_Matchkeys
M74105267787,84,BERNARD ALICE,11/1928,2.0,M,5.0,,MPONDWATSIMA,M74105267787,84,BERNARD ALICE,99/9999,2.0,M,5.0,3722763967.0,MPONDWATSIMA,1,1,1,0,Stage_1_Matchkeys
MB8582198679,84,NANA EMMANUEL,12/1938,13.0,F,3.0,,MPONDWATSIMA,MB8582198679,84,NANA EMMANUEL,03/1938,13.0,F,3.0,3722763967.0,MPONDWATSIMA,1,1,1,0,Stage_1_Matchkeys
MFQ520947986,85,MUNYENTWALI UWERA,08/1972,,M,7.0,6513939129.0,GABIRORUGARAMBIRO,MFQ520947986,85,MUNYENTWALI UWERA,01/1972,5.0,M,7.0,6513939129.0,GABIRORUGARAMBIRO,1,1,1,0,Stage_1_Matchkeys
MH3205928921,85,JEAN LOUIS NDAYAMBAJE,99/1959,1.0,M,4.0,6513939129.0,GABIRORUGARAMBIRO,MH3205928921,85,JEAN LOUIS NDAYAMBAJE,02/1952,1.0,M,4.0,6513939129.0,GABIRORUGARAMBIRO,1,1,1,0,Stage_1_Matchkeys
MI0893335011,85,AIMABLE HAKIZIMANA,04/1932,2.0,F,7.0,6513939129.0,GABIRORUGARAMBIRO,MI0893335011,85,AIMABLE HAKIZIMANA,04/1932,2.0,M,7.0,6513939129.0,GABIRORUGARAMBIRO,1,1,1,0,Stage_1_Matchkeys
MIB404275757,86,ELISHA NDAYIZEYE,99/1980,,,,,BUSANZANYARUGUGU,MIB404275757,86,ELISHA NDAYIZEYE,99/1980,7.0,M,4.0,4746754140.0,BUSANZANYARUGUGU,1,1,1,0,Stage_1_Matchkeys
MIQ721925284,86,IYAKAREMYE MURENZI,01/1968,4.0,M,4.0,,BUSANZANYARUGUGU,MIQ721925284,86,IYAKAREMYE MURENZI,01/9999,4.0,M,4.0,4746754140.0,BUSANZANYARUGUGU,1,1,1,0,Stage_1_Matchkeys
MIW791637036,86,JEAN DE ALEX,01/1925,5.0,M,7.0,,BUSANZANYARUGUGU,MIW791637036,86,JEAN DE ALEX,99/9999,5.0,M,7.0,4746754140.0,BUSANZANYARUGUGU,1,1,1,0,Stage_1_Matchkeys
MJ6361146971,86,NADINE MANZI,05/1985,5.0,F,2.0,,BUSANZANYARUGUGU,MJ6361146971,86,NADINE MANZI,99/1985,5.0,F,1.0,4746754140.0,BUSANZANYARUGUGU,1,1,1,0,Stage_1_Matchkeys
MKF308342586,87,DOMINIQUE JACQUES,01/9999,6.0,M,6.0,9015539671.0,MUHORORONYAKABUYE,MKF308342586,87,DOMINIQUE JACQUES,01/1982,6.0,M,6.0,9015539671.0,MUHORORONYAKABUYE,1,1,1,0,Stage_1_Matchkeys
MLM119473003,87,MAURICE KAMALI,02/1938,3.0,M,1.0,9015539671.0,MUHORORONYAKABUYE,MLM119473003,87,MAURICE KAMALI,06/1938,,F,,9015539671.0,MUHORORONYAKABUYE,1,1,1,0,Stage_1_Matchkeys
MVO006683483,88,NDATABAYE ALEXIS MURUNGI,08/2002,4.0,M,4.0,,KADAHOKABERE,MVO006683483,88,NDATABAYE ALEXIS MURUNGI,01/2002,4.0,M,4.0,9955515088.0,KADAHOKABERE,1,1,1,0,Stage_1_Matchkeys
MZA689090204,88,REGIS AMANI,01/1962,1.0,M,,,KADAHOKABERE,MZA689090204,88,REGIS AMANI,01/1962,1.0,M,2.0,9955515088.0,KADAHOKABERE,1,1,1,0,Stage_1_Matchkeys
NEB928709065,91,RAISSA TWAHIRWA,01/1948,13.0,F,4.0,4588441647.0,KABIRIZIRUNGU,NEB928709065,91,RAISSA TWAHIRWA,01/1945,13.0,F,4.0,4588441647.0,KABIRIZIRUNGU,1,1,1,0,Stage_1_Matchkeys
NEU596185690,91,PROTAIS SIMBI,11/1940,5.0,M,3.0,4588441647.0,KABIRIZIRUNGU,NEU596185690,91,PROTAIS SIMBI,11/1940,,M,3.0,4588441647.0,KABIRIZIRUNGU,1,1,1,0,Stage_1_Matchkeys
NG9816166014,91,HAPPY MUHOZA,99/2022,8.0,M,5.0,4588441647.0,KABIRIZIRUNGU,NG9816166014,91,HAPPY MUHOZA,99/9999,8.0,M,5.0,4588441647.0,KABIRIZIRUNGU,1,1,1,0,Stage_1_Matchkeys
NX8305091414,93,GATETE NGARAMBE,04/1954,1.0,M,3.0,,BIRIRAKADAHENDA,NX8305091414,93,GATETE NGARAMBE,04/1954,1.0,M,3.0,8765324410.0,BIRIRAKADAHENDA,1,1,1,0,Stage_1_Matchkeys
NXN426802652,93,ANICET MUSONI,99/1926,,M,,,BIRIRAKADAHENDA,NXN426802652,93,ANICET MUSONI,10/1926,10.0,M,2.0,8765324410.0,BIRIRAKADAHENDA,1,1,1,0,Stage_1_Matchkeys
OAE482894066,93,PANETTA MURENZI,02/2008,9.0,M,6.0,,BIRIRAKADAHENDA,OAE482894066,93,PANETTA MURENZI,99/9999,9.0,M,6.0,8765324410.0,BIRIRAKADAHENDA,1,1,1,0,Stage_1_Matchkeys
ODA361845172,94,MUGABO NKURUNZIZA,04/9999,12.0,M,2.0,6260476101.0,BUBAZINYAGAHINGA,ODA361845172,94,MUGABO NKURUNZIZA,11/1968,12.0,M,2.0,6261476101.0,BUBAZINYAGAHINGA,1,1,1,0,Stage_1_Matchkeys
OFE002637174,94,THEONESTE DIEU MUHUMUZA,10/1936,9.0,M,1.0,6260476101.0,BUBAZINYAGAHINGA,OFE002637174,94,THEONESTE DIEU MUHUMUZA,10/1944,9.0,M,,6261476101.0,BUBAZINYAGAHINGA,1,1,1,0,Stage_1_Matchkeys
OHK866073427,94,NDEKEZI NTAKIRUTIMANA,08/9999,12.0,F,3.0,6260476101.0,BUBAZINYAGAHINGA,OHK866073427,94,NDEKEZI NTAKIRUTIMANA,08/1953,12.0,M,3.0,6261476101.0,BUBAZINYAGAHINGA,1,1,1,0,Stage_1_Matchkeys
OUR362817745,96,THEOPHILE RWIGEMA,99/1927,5.0,M,3.0,7935394791.0,BIRIRAKADAHENDA,OUR362817745,96,THEOPHILE RWIGEMA,99/9999,5.0,M,3.0,7935394791.0,BIRIRAKADAHENDA,1,1,1,0,Stage_1_Matchkeys
OZO595105209,96,EGIDE AUGUSTIN,99/1959,6.0,M,4.0,7935394791.0,BIRIRAKADAHENDA,OZO595105209,96,EGIDE AUGUSTIN,01/1959,,M,,7935394791.0,BIRIRAKADAHENDA,1,1,1,0,Stage_1_Matchkeys
P5L292039684,98,RUHUMURIZA TWAHIRWA,03/1953,10.0,M,,2344031896.0,NYAMIRAMANYAMIRAMA,P5L292039684,98,RUHUMURIZA TWAHIRWA,03/9999,10.0,M,5.0,2344031896.0,NYAMIRAMANYAMIRAMA,1,1,1,0,Stage_1_Matchkeys
PAI865878097,98,MITAAKO KAREGA,08/1955,,F,3.0,2344031896.0,NYAMIRAMANYAMIRAMA,PAI865878097,98,MITAAKO KAREGA,08/1999,8.0,F,3.0,2344031896.0,NYAMIRAMANYAMIRAMA,1,1,1,0,Stage_1_Matchkeys
PG4857214284,99,AUDREY ISHIMWE,99/1973,10.0,F,4.0,,TABANGENDO,PG4857214284,99,AUDREY ISHIMWE,99/1982,10.0,F,4.0,7722065005.0,TABANGENDO,1,1,1,0,Stage_1_Matchkeys
PJB553988954,99,HAKIZIMANA UWAMAHORO,07/9999,9.0,M,3.0,,TABANGENDO,PJB553988954,99,HAKIZIMANA UWAMAHORO,07/1951,9.0,M,3.0,7722065005.0,TABANGENDO,1,1,1,0,Stage_1_Matchkeys
PPD546377743,100,KWIZERA UWASE,01/1979,,M,4.0,,AYABARAYANYAMYIJIMA,PPD546377743,100,KWIZERA UWASE,99/9999,5.0,M,4.0,9315382799.0,AYABARAYANYAMYIJIMA,1,1,1,0,Stage_1_Matchkeys
PYI578113137,101,JEAN BERTRAND ALEXIS,99/9999,11.0,M,5.0,,NGIRYIUWANYANGE,PYI578113137,101,JEAN BERTRAND ALEXIS,08/1960,11.0,M,5.0,9877606104.0,NGIRYIUWANYANGE,1,1,1,0,Stage_1_Matchkeys
Q0U436604047,102,NIYERA GATSINZI,99/1950,10.0,M,5.0,2013817813.0,BURIMAMIRAMBI,Q0U436604047,102,NIYERA GATSINZI,02/1947,10.0,M,5.0,2013817013.0,BURIMAMIRAMBI,1,1,1,0,Stage_1_Matchkeys
Q8H866728564,102,PATIENCE HITIMANA,99/1963,7.0,M,6.0,2013817813.0,BURIMAMIRAMBI,Q8H866728564,102,PATIENCE HITIMANA,99/1934,7.0,M,6.0,2013817013.0,BURIMAMIRAMBI,1,1,1,0,Stage_1_Matchkeys
QCZ690027008,102,NGABONZIZA MAHORO,99/1986,3.0,M,7.0,2013817813.0,BURIMAMIRAMBI,QCZ690027008,102,NGABONZIZA MAHORO,99/1954,3.0,M,7.0,2013817013.0,BURIMAMIRAMBI,1,1,1,0,Stage_1_Matchkeys
QGB914972044,103,DANIEL NSENGIYUMVA,07/1954,7.0,M,6.0,,KAMATAMURWINZOVU,QGB914972044,103,DANIEL NSENGIYUMVA,99/1954,7.0,M,,,KAMATAMURWINZOVU,1,1,1,0,Stage_1_Matchkeys
QLD852189557,103,HABIMANA MUGISHA,10/9999,7.0,M,6.0,,KAMATAMURWINZOVU,QLD852189557,103,HABIMANA MUGISHA,04/9999,7.0,M,6.0,,KAMATAMURWINZOVU,1,1,1,0,Stage_1_Matchkeys
QME649042179,104,ANNE NDAYAMBAJE,03/1953,,F,1.0,,KIBINGONKOTO,QME649042179,104,ANNE NDAYAMBAJE,99/1953,13.0,F,1.0,5547896553.0,KIBINGONKOTO,1,1,1,0,Stage_1_Matchkeys
QP0317195338,104,HAPPY NTWARI NIZEYIMANA,99/1990,5.0,F,7.0,,KIBINGONKOTO,QP0317195338,104,HAPPY NTWARI NIZEYIMANA,08/1958,5.0,F,7.0,5547896553.0,KIBINGONKOTO,1,1,1,0,Stage_1_Matchkeys
QQB029990143,104,THEONEST NIYONSABA,09/1927,9.0,M,1.0,,KIBINGONKOTO,QQB029990143,104,THEONEST NIYONSABA,09/1922,9.0,M,1.0,5547896553.0,KIBINGONKOTO,1,1,1,0,Stage_1_Matchkeys
R4X025652010,105,RUKAKA JOS ALICE,99/1959,7.0,M,7.0,8988993267.0,GASEKEDUTWE,R4X025652010,105,RUKAKA JOS ALICE,12/1959,7.0,M,7.0,8988998267.0,GASEKEDUTWE,1,1,1,0,Stage_1_Matchkeys
RA9972698494,108,FILONNE CELESTIN,99/9999,6.0,F,2.0,1417713511.0,RANGOMATINZA,RA9972698494,108,FILONNE CELESTIN,10/9999,6.0,F,,1417713511.0,RANGOMATINZA,1,1,1,0,Stage_1_Matchkeys
RC6288027780,108,BALTHAZAR SABITI,99/1965,9.0,M,3.0,1417713511.0,RANGOMATINZA,RC6288027780,108,BALTHAZAR SABITI,07/9999,9.0,M,3.0,1417713511.0,RANGOMATINZA,1,1,1,0,Stage_1_Matchkeys
RCH092616282,108,NENE MUGENI,08/1949,12.0,M,6.0,1417713511.0,RANGOMATINZA,RCH092616282,108,NENE MUGENI,99/2010,12.0,M,6.0,1417713511.0,RANGOMATINZA,1,1,1,0,Stage_1_Matchkeys
RF4384861115,108,AMZA DONAT,11/1929,2.0,M,2.0,1417713511.0,RANGOMATINZA,RF4384861115,108,AMZA DONAT,04/1929,2.0,M,2.0,1417713511.0,RANGOMATINZA,1,1,1,0,Stage_1_Matchkeys
RGJ840811576,109,ALINE NIYIBIZI,99/9999,6.0,F,3.0,9425637256.0,CYANGUGUGATOVU,RGJ840811576,109,ALINE NIYIBIZI,09/1924,6.0,F,3.0,9425637256.0,CYANGUGUGATOVU,1,1,1,0,Stage_1_Matchkeys
RJZ849988118,109,ERNEST JEROME,99/2009,3.0,M,6.0,9425637256.0,CYANGUGUGATOVU,RJZ849988118,109,ERNEST JEROME,05/2009,3.0,M,6.0,9425637256.0,CYANGUGUGATOVU,1,1,1,0,Stage_1_Matchkeys
RND913949932,109,KELVIN NGABONZIZA,09/2005,1.0,M,,9425637256.0,CYANGUGUGATOVU,RND913949932,109,KELVIN NGABONZIZA,07/2005,1.0,M,6.0,9425637256.0,CYANGUGUGATOVU,1,1,1,0,Stage_1_Matchkeys
RQV384562745,110,JACKY KAYIRANGA,99/9999,8.0,F,1.0,8772772207.0,AKAZIBANYAGASOZI,RQV384562745,110,JACKY KAYIRANGA,08/1982,8.0,F,1.0,,AKAZIBANYAGASOZI,1,1,1,0,Stage_1_Matchkeys
RVD205716171,111,ISIDORE TUMUSIIME,11/1922,7.0,M,3.0,3258379988.0,MUNANIRAMATABA,RVD205716171,111,ISIDORE TUMUSIIME,99/1922,7.0,M,3.0,3258379988.0,MUNANIRAMATABA,1,1,1,0,Stage_1_Matchkeys
RXS414564601,111,GASORE HAKIZIMANA,05/1979,12.0,M,7.0,3258379988.0,MUNANIRAMATABA,RXS414564601,111,GASORE HAKIZIMANA,99/1979,12.0,M,,3258379988.0,MUNANIRAMATABA,1,1,1,0,Stage_1_Matchkeys
RZ7476270582,111,NDEKEZI DUSABE,11/2001,11.0,M,3.0,3258379988.0,MUNANIRAMATABA,RZ7476270582,111,NDEKEZI DUSABE,03/9999,11.0,M,3.0,3258379988.0,MUNANIRAMATABA,1,1,1,0,Stage_1_Matchkeys
S1H788498835,111,FABRICE NZEYIMANA,10/1998,12.0,M,,3258379988.0,MUNANIRAMATABA,S1H788498835,111,FABRICE NZEYIMANA,09/9999,12.0,M,7.0,3258379988.0,MUNANIRAMATABA,1,1,1,0,Stage_1_Matchkeys
S51534359000,112,DIVINE NSENGIMANA,12/2008,7.0,F,6.0,,MBABESANGANO,S51534359000,112,DIVINE NSENGIMANA,12/2008,,F,6.0,1138138606.0,MBABESANGANO,1,1,1,0,Stage_1_Matchkeys
S5C306560715,112,AMIR KALISA,02/1931,1.0,M,4.0,,MBABESANGANO,S5C306560715,112,AMIR KALISA,99/9999,1.0,M,4.0,1138138606.0,MBABESANGANO,1,1,1,0,Stage_1_Matchkeys
S5D785119961,112,CARENE INGABIRE,04/1921,7.0,F,4.0,,MBABESANGANO,S5D785119961,112,CARENE INGABIRE,07/1921,7.0,F,4.0,1138138606.0,MBABESANGANO,1,1,1,0,Stage_1_Matchkeys
S9T271791358,112,MUGWANEZA SOLANGE,99/1976,12.0,F,5.0,,MBABESANGANO,S9T271791358,112,MUGWANEZA SOLANGE,04/1976,12.0,F,5.0,1138138606.0,MBABESANGANO,1,1,1,0,Stage_1_Matchkeys
SBX136680356,113,MATABARO NIYIGENA,07/1951,4.0,M,3.0,4328092938.0,BIBAREURUTAMBI,SBX136680356,113,MATABARO NIYIGENA,99/1951,4.0,F,3.0,4338092938.0,BIBAREURUTAMBI,1,1,1,0,Stage_1_Matchkeys
SKT543282508,113,SONIA UWIMANA,09/1940,1.0,F,,4328092938.0,BIBAREURUTAMBI,SKT543282508,113,SONIA UWIMANA,99/1940,1.0,F,,4338092938.0,BIBAREURUTAMBI,1,1,1,0,Stage_1_Matchkeys
SM9861949398,113,FULGENCE KANEZA,03/1968,4.0,M,2.0,4328092938.0,BIBAREURUTAMBI,SM9861949398,113,FULGENCE KANEZA,99/1968,,M,2.0,4338092938.0,BIBAREURUTAMBI,1,1,1,0,Stage_1_Matchkeys
SMQ659172632,114,HATEGEKIMANA BEAUFIL NIYONSENGA,12/1928,4.0,M,2.0,,MAGERAGERENYARUSANGE,SMQ659172632,114,HATEGEKIMANA BEAUFIL NIYONSENGA,01/2000,4.0,M,1.0,6989973938.0,MAGERAGERENYARUSANGE,1,1,1,0,Stage_1_Matchkeys
SOV385123176,114,NZIMANA CLARISSE,04/9999,11.0,M,7.0,,MAGERAGERENYARUSANGE,SOV385123176,114,NZIMANA CLARISSE,10/1986,11.0,M,7.0,6989973938.0,MAGERAGERENYARUSANGE,1,1,1,0,Stage_1_Matchkeys
T15039566502,114,FLORIEN MUGABE,11/2004,10.0,M,5.0,,MAGERAGERENYARUSANGE,T15039566502,114,FLORIEN MUGABE,08/2010,10.0,M,5.0,6989973938.0,MAGERAGERENYARUSANGE,1,1,1,0,Stage_1_Matchkeys
TAG286724411,115,MBONEKO UWIZEYE,99/2006,13.0,M,6.0,,TABANGENDO,TAG286724411,115,MBONEKO UWIZEYE,99/2006,13.0,M,6.0,7279448357.0,TABANGENDO,1,1,1,0,Stage_1_Matchkeys
TAW443852821,116,RAYMOND BERTIN,05/1973,11.0,M,2.0,6996074114.0,RWOTSOSARUHEMBE,TAW443852821,116,RAYMOND BERTIN,01/9999,11.0,M,2.0,,RWOTSOSARUHEMBE,1,1,1,0,Stage_1_Matchkeys
TBC653440977,116,ALEXANDRE GANZA,12/1981,11.0,M,4.0,6996074114.0,RWOTSOSARUHEMBE,TBC653440977,116,ALEXANDRE GANZA,99/1981,11.0,M,4.0,,RWOTSOSARUHEMBE,1,1,1,0,Stage_1_Matchkeys
TFV491302795,116,PRUDENCE STRATON,01/1930,,M,,6996074114.0,RWOTSOSARUHEMBE,TFV491302795,116,PRUDENCE STRATON,99/1967,7.0,M,1.0,,RWOTSOSARUHEMBE,1,1,1,0,Stage_1_Matchkeys
THL452038804,117,NTIBAZRIKANAMISAGO RUTAYISIRE,99/1998,2.0,M,2.0,,BIBAREURUTAMBI,THL452038804,117,NTIBAZRIKANAMISAGO RUTAYISIRE,11/2020,2.0,M,2.0,4331867615.0,BIBAREURUTAMBI,1,1,1,0,Stage_1_Matchkeys
TJX393272988,117,FAUSTINO NAHIMANA,03/2018,3.0,,6.0,,BIBAREURUTAMBI,TJX393272988,117,FAUSTINO NAHIMANA,03/1974,3.0,M,6.0,4331867615.0,BIBAREURUTAMBI,1,1,1,0,Stage_1_Matchkeys
TKK707668306,117,MUGABO KAYIRANGA,04/1921,12.0,M,7.0,,BIBAREURUTAMBI,TKK707668306,117,MUGABO KAYIRANGA,08/1921,12.0,M,7.0,4331867615.0,BIBAREURUTAMBI,1,1,1,0,Stage_1_Matchkeys
TPR582499973,117,CARINE MUHOZA,10/1958,12.0,F,7.0,,BIBAREURUTAMBI,TPR582499973,117,CARINE MUHOZA,99/9999,12.0,F,,4331867615.0,BIBAREURUTAMBI,1,1,1,0,Stage_1_Matchkeys
TXL156862997,119,RUZIGANA BENIT NZEYIMANA,10/9999,1.0,M,1.0,6045461494.0,RWESEROBENGAZI,TXL156862997,119,RUZIGANA BENIT NZEYIMANA,99/1975,1.0,M,1.0,6045461494.0,RWESEROBENGAZI,1,1,1,0,Stage_1_Matchkeys
U3Y061785783,120,VALENS TETA,05/1958,5.0,M,7.0,3928375767.0,BUSHAKAGASEKE,U3Y061785783,120,VALENS TETA,08/1958,5.0,M,7.0,3928375767.0,BUSHAKAGASEKE,1,1,1,0,Stage_1_Matchkeys
U6N845881823,120,UWIMBABAZI UWIMANA,99/1955,6.0,F,6.0,3928375767.0,BUSHAKAGASEKE,U6N845881823,120,UWIMBABAZI UWIMANA,03/1931,6.0,F,6.0,3928375767.0,BUSHAKAGASEKE,1,1,1,0,Stage_1_Matchkeys
UBS444160981,121,MUKOBWAJANA EMANUEL,07/1934,7.0,F,4.0,,RWIMBOGONYANDUNGU,UBS444160981,121,MUKOBWAJANA EMANUEL,07/2002,7.0,F,4.0,6047102410.0,RWIMBOGONYANDUNGU,1,1,1,0,Stage_1_Matchkeys
UK1724976801,122,KAGABO ROBERT,07/1992,4.0,F,1.0,9978902379.0,CYARUKARAGISOZI,UK1724976801,122,KAGABO ROBERT,08/1951,4.0,M,1.0,6047102410.0,CYARUKARAGISOZI,1,1,1,0,Stage_1_Matchkeys
UK8776234289,122,MOISE TURAHIRWA EMMANUEL,06/1934,9.0,M,1.0,9978902379.0,CYARUKARAGISOZI,UK8776234289,122,MOISE TURAHIRWA EMMANUEL,05/1938,9.0,M,1.0,9978902379.0,CYARUKARAGISOZI,1,1,1,0,Stage_1_Matchkeys
UMI605636413,122,DOMINICK HODARI,04/1966,,M,3.0,9978902379.0,CYARUKARAGISOZI,UMI605636413,122,DOMINICK HODARI,99/9999,9.0,M,3.0,9978902379.0,CYARUKARAGISOZI,1,1,1,0,Stage_1_Matchkeys
UOH194282598,123,FREDY BOB NIYONSENGA,99/2005,8.0,M,,9534192387.0,GATAGARANYAMUKO,UOH194282598,123,FREDY BOB NIYONSENGA,12/2005,,M,6.0,9534392387.0,GATAGARANYAMUKO,1,1,1,0,Stage_1_Matchkeys
UOY942153558,123,PROSPER MUKASA,08/1985,4.0,M,5.0,9534192387.0,GATAGARANYAMUKO,UOY942153558,123,PROSPER MUKASA,12/1955,4.0,M,5.0,9534392387.0,GATAGARANYAMUKO,1,1,1,0,Stage_1_Matchkeys
UU4607919610,123,MULEKATETE KAMBANDA,07/1940,7.0,F,2.0,9534192387.0,GATAGARANYAMUKO,UU4607919610,123,MULEKATETE KAMBANDA,99/1949,7.0,F,2.0,9534392387.0,GATAGARANYAMUKO,1,1,1,0,Stage_1_Matchkeys
UV7677325357,124,NADINE HITIMANA,01/1936,12.0,F,7.0,1865430883.0,MUHOROROBUKOMERO,UV7677325357,124,NADINE HITIMANA,01/1936,12.0,F,7.0,1865430883.0,MUHOROROBUKOMERO,1,1,1,0,Stage_1_Matchkeys
UXI140124518,124,ALAIN UMUTESI,99/2002,10.0,M,6.0,,MUHOROROBUKOMERO,UXI140124518,124,ALAIN UMUTESI,11/9999,10.0,M,6.0,1865430883.0,MUHOROROBUKOMERO,1,1,1,0,Stage_1_Matchkeys
V4E363719696,125,PATIENT GATERA,04/1942,12.0,M,4.0,,BUNGWEGAKERI,V4E363719696,125,PATIENT GATERA,08/9999,12.0,M,4.0,,BUNGWEGAKERI,1,1,1,0,Stage_1_Matchkeys
VDF830958173,126,FRANCK ERIC,12/1990,3.0,M,7.0,,RUDASHYAKACYINYAGA,VDF830958173,126,FRANCK ERIC,12/9999,3.0,M,7.0,4547667091.0,RUDASHYAKACYINYAGA,1,1,1,0,Stage_1_Matchkeys
VSG943673960,129,DEMETRIOUS BYIRINGIRO,04/1980,13.0,M,1.0,,CYARUKARAGISOZI,VSG943673960,129,DEMETRIOUS BYIRINGIRO,11/1980,13.0,M,1.0,6479500165.0,CYARUKARAGISOZI,1,1,1,0,Stage_1_Matchkeys
VV9851331001,129,DEMETRIOUS CELESTIN,99/1954,4.0,M,3.0,6479500165.0,CYARUKARAGISOZI,VV9851331001,129,DEMETRIOUS CELESTIN,04/1954,4.0,M,3.0,6479500165.0,CYARUKARAGISOZI,1,1,1,0,Stage_1_Matchkeys
WIX704378775,132,MUHUZA CLEMENT MULINDA,99/9999,3.0,M,1.0,2601462082.0,GATABAKEBERO,WIX704378775,132,MUHUZA CLEMENT MULINDA,99/1934,3.0,M,1.0,2601462082.0,GATABAKEBERO,1,1,1,0,Stage_1_Matchkeys
WJO341716797,132,CALEB UMULISA,08/1977,5.0,M,5.0,2601462082.0,GATABAKEBERO,WJO341716797,132,CALEB UMULISA,08/1977,5.0,M,5.0,2601462082.0,GATABAKEBERO,1,1,1,0,Stage_1_Matchkeys
WK6728563159,132,MUGABO NIYIBIZI,05/1939,1.0,,3.0,2601462082.0,GATABAKEBERO,WK6728563159,132,MUGABO NIYIBIZI,05/1939,1.0,M,3.0,2601462082.0,GATABAKEBERO,1,1,1,0,Stage_1_Matchkeys
WKG844510118,132,RUTH MUSABYIMANA,07/1931,12.0,F,3.0,5052487866.0,GATABAKEBERO,WKG844510118,132,RUTH MUSABYIMANA,99/1965,12.0,F,3.0,2601462082.0,GATABAKEBERO,1,1,1,0,Stage_1_Matchkeys
WNO375613571,133,MUGISHA BYAMUNGU,02/1971,5.0,M,,,RUDASHYAKAMAHORO,WNO375613571,133,MUGISHA BYAMUNGU,02/1984,,F,4.0,4597299086.0,RUDASHYAKAMAHORO,1,1,1,0,Stage_1_Matchkeys
WOY842262255,133,FRANCOIS ASIIMWE,04/1931,,M,6.0,,RUDASHYAKAMAHORO,WOY842262255,133,FRANCOIS ASIIMWE,04/1931,10.0,M,,4597299086.0,RUDASHYAKAMAHORO,1,1,1,0,Stage_1_Matchkeys
WRN893966383,134,JOSIANE MUNEZERO,08/1954,,F,4.0,,RWESEROBENGAZI,WRN893966383,134,JOSIANE MUNEZERO,08/1954,8.0,F,,2756003718.0,RWESEROBENGAZI,1,1,1,0,Stage_1_Matchkeys
WSE020713696,134,JOSUE GATARAYIHA,07/1990,2.0,M,5.0,,RWESEROBENGAZI,WSE020713696,134,JOSUE GATARAYIHA,04/1990,2.0,M,5.0,2756003718.0,RWESEROBENGAZI,1,1,1,0,Stage_1_Matchkeys
WUE523472017,135,VEDASTE LIONCEAU TUYISHIMIRE,05/1973,8.0,M,1.0,9624113972.0,BURIMAMIRAMBI,WUE523472017,135,VEDASTE LIONCEAU TUYISHIMIRE,05/1973,8.0,M,1.0,9624113972.0,BURIMAMIRAMBI,1,1,1,0,Stage_1_Matchkeys
WXN387878231,135,AUGUSTIN STEVEN,12/2003,9.0,M,4.0,9624113972.0,BURIMAMIRAMBI,WXN387878231,135,AUGUSTIN STEVEN,12/2003,,M,4.0,9624113972.0,BURIMAMIRAMBI,1,1,1,0,Stage_1_Matchkeys
X2H545428668,135,BETTY HABINEZA,11/1979,11.0,F,2.0,9624113972.0,BURIMAMIRAMBI,X2H545428668,135,BETTY HABINEZA,11/1927,11.0,F,2.0,9624113972.0,BURIMAMIRAMBI,1,1,1,0,Stage_1_Matchkeys
XDC394071831,136,CHARITY KARANGWA,99/1930,,F,4.0,,GASEKEDUTWE,XDC394071831,136,CHARITY KARANGWA,02/1930,3.0,F,,,GASEKEDUTWE,1,1,1,0,Stage_1_Matchkeys
XIF934427768,136,SAMSON LEE,02/9999,9.0,M,1.0,,GASEKEDUTWE,XIF934427768,136,SAMSON LEE,07/1964,9.0,M,1.0,,GASEKEDUTWE,1,1,1,0,Stage_1_Matchkeys
XKD608533636,136,SCHIPHRA TUYISENGE,05/1995,3.0,F,3.0,,GASEKEDUTWE,XKD608533636,136,SCHIPHRA TUYISENGE,99/1924,3.0,F,3.0,,GASEKEDUTWE,1,1,1,0,Stage_1_Matchkeys
XQU606573607,138,SEDHAR NDAYISABA,07/2005,5.0,M,6.0,8251714761.0,MATABAKAMUTAMBIRO,XQU606573607,138,SEDHAR NDAYISABA,11/1926,5.0,M,,8251714761.0,MATABAKAMUTAMBIRO,1,1,1,0,Stage_1_Matchkeys
XRD076572896,139,QUEEM NSHIMIYIMANA,11/1992,5.0,F,1.0,,MATABAMAGERAGERE,XRD076572896,139,QUEEM NSHIMIYIMANA,10/1992,,F,2.0,2142433267.0,MATABAMAGERAGERE,1,1,1,0,Stage_1_Matchkeys
Z1S573380840,142,BIBENTYO MUTONI,12/2000,1.0,M,5.0,7607083913.0,MUSONGATINGORORANO,Z1S573380840,142,BIBENTYO MUTONI,09/9999,1.0,F,5.0,8547963655.0,MUSONGATINGORORANO,1,1,1,0,Stage_1_Matchkeys
ZTE317757694,145,MUTUZO NTAKIRUTIMANA,01/1954,11.0,F,4.0,,IIMUTARA,ZTE317757694,145,MUTUZO NTAKIRUTIMANA,08/1941,11.0,F,4.0,5578642384.0,IIMUTARA,1,1,1,0,Stage_1_Matchkeys
13A171377593,3,ALEX RAFIKII,11/2008,4.0,M,,,BUNGWEKIRWA,13A171377593,3,ALEX RAFIKI,11/2008,4.0,M,6.0,,BUNGWEKIRWA,2,1,1,0,Stage_1_Matchkeys
5LG388881446,13,PACY,06/1977,9.0,M,7.0,,KIMANAKAGARAMA,5LG388881446,13,PACY NDAYISABA,06/1977,,M,7.0,8737499840.0,KIMANAKAGARAMA,2,1,1,0,Stage_1_Matchkeys
9TW900288132,22,KALISA HATEGE KIMANA,02/2019,1.0,M,6.0,,MURINJANYAMUHARAZA,9TW900288132,22,KALISA HATEGEKIMANA,02/2019,,F,6.0,1781879139.0,MURINJANYAMUHARAZA,2,1,1,0,Stage_1_Matchkeys
BHQ493972194,30,MWENEDATA,02/2021,7.0,M,6.0,,KARAMBOKAMABUYE,BHQ493972194,30,MWENEDATA ALINE,02/2021,7.0,M,6.0,7244018688.0,KARAMBOKAMABUYE,2,1,1,0,Stage_1_Matchkeys
FQ7513390709,49,PACIFIC MUTESI,01/1962,1.0,M,,,MUYANGEMUYANGE,FQ7513390709,49,PACIFIC MULESI,01/1962,1.0,M,1.0,7205463613.0,MUYANGEMUYANGE,2,1,1,0,Stage_1_Matchkeys
LTE700133022,82,ANNET GATETE,02/1977,12.0,F,6.0,7205425166.0,RUHONDOKIRWA,LTE700133022,82,ANNET GATEEETE,02/1977,12.0,F,6.0,7205425166.0,RUHONDOKIRWA,2,1,1,0,Stage_1_Matchkeys
N6M123045352,89,NISAINTHE THEODORE SIBOMANA,01/1944,9.0,M,3.0,3593934022.0,BUKINANYANAMWIDAGADURO,N6M123045352,89,NISAINTHE THEODORE,01/1944,9.0,M,3.0,5892109608.0,BUKINANYANAMWIDAGADURO,2,1,1,0,Stage_1_Matchkeys
P92395635705,98,YVES UMUBYEYI,03/2001,8.0,M,1.0,2344031896.0,NYAMIRAMANYAMIRAMA,P92395635705,98,YVES UMI,03/2001,8.0,M,1.0,2344031896.0,NYAMIRAMANYAMIRAMA,2,1,1,0,Stage_1_Matchkeys
PFO608670572,98,PAULINE RURANGWA,11/1977,6.0,F,3.0,2344031896.0,NYAMIRAMANYAMIRAMA,PFO608670572,98,PAULINE,11/1977,6.0,F,3.0,2344031896.0,NYAMIRAMANYAMIRAMA,2,1,1,0,Stage_1_Matchkeys
QLY217262393,104,CEDRIC,99/1930,11.0,,3.0,,KIBINGONKOTO,QLY217262393,104,CEDRIC KWIZERA,99/1930,11.0,M,3.0,5547896553.0,KIBINGONKOTO,2,1,1,0,Stage_1_Matchkeys
VOY410550152,127,DAVID KAZUNGU,11/1974,1.0,M,2.0,3544073850.0,MUGATAREKUMUNINI,VOY410550152,127,DAVID,11/1974,1.0,M,,3544073850.0,MUGATAREKUMUNINI,2,1,1,0,Stage_1_Matchkeys
Z98616838938,143,NICKS SAM,05/1969,13.0,M,4.0,6042629245.0,REMERAGITWA,Z98616838938,143,NICKS SAMMA,05/1969,13.0,M,,6042629245.0,REMERAGITWA,2,1,1,0,Stage_1_Matchkeys
